Div,Date,HomeTeam,AwayTeam,FTHG,FTAG,FTR,HTHG,HTAG,HTR,HS,AS,HST,AST,HF,AF,HC,AC,HY,AY,HR,AR,B365H,B365D,B365A,BWH,BWD,BWA,IWH,IWD,IWA,LBH,LBD,LBA,PSH,PSD,PSA,WHH,WHD,WHA,VCH,VCD,VCA,Bb1X2,BbMxH,BbAvH,BbMxD,BbAvD,BbMxA,BbAvA,BbOU,BbMx>2.5,BbAv>2.5,BbMx<2.5,BbAv<2.5,BbAH,BbAHh,BbMxAHH,BbAvAHH,BbMxAHA,BbAvAHA,PSCH,PSCD,PSCA
D2,28/07/17,Bochum,St Pauli,0,1,A,0,0,D,17,16,5,7,12,10,8,2,1,1,0,0,2.38,3.3,2.9,2.45,3.3,2.85,2.4,3.2,2.85,2.37,3.2,2.87,2.51,3.36,3.04,2.38,3.2,2.88,2.38,3.3,2.9,40,2.52,2.4,3.45,3.24,3.05,2.89,37,2.06,1.98,1.9,1.8,22,-0.25,2.16,2.1,1.81,1.77,2.29,3.37,3.44
D2,29/07/17,Bielefeld,Regensburg,2,1,H,1,1,D,19,14,5,3,13,12,7,4,3,3,1,0,2,3.5,3.6,2.1,3.3,3.6,2.1,3.3,3.3,2.05,3.2,3.5,2.07,3.52,3.89,2.05,3.25,3.5,2.05,3.5,3.6,39,2.11,2.04,3.52,3.31,3.89,3.56,35,2.14,2.06,1.79,1.73,18,-0.5,2.11,2.04,1.85,1.8,1.99,3.47,4.26
D2,29/07/17,Darmstadt,Greuther Furth,1,0,H,0,0,D,10,10,5,1,13,21,2,5,1,4,0,0,2.05,3.25,3.75,2.15,3.3,3.4,2,3.3,3.6,2.15,3.1,3.4,2.16,3.44,3.68,2.05,3.2,3.6,2.15,3.3,3.5,39,2.21,2.11,3.44,3.24,3.75,3.47,35,2.25,2.13,1.76,1.68,18,-0.25,1.9,1.85,2.04,1.99,2.2,3.38,3.63
D2,29/07/17,Ingolstadt,Union Berlin,0,1,A,0,0,D,13,13,4,3,13,17,3,3,0,3,0,0,2.15,3.2,3.5,2.1,3.3,3.5,2.1,3.3,3.3,2.15,3.2,3.3,2.19,3.5,3.54,2.15,3.1,3.4,2.15,3.4,3.4,37,2.23,2.14,3.5,3.26,3.54,3.35,33,2.16,2.04,1.83,1.74,18,-0.25,1.89,1.84,2.05,2,2.1,3.45,3.84
D2,30/07/17,Dresden,Duisburg,1,0,H,0,0,D,18,15,8,3,10,17,7,3,1,4,0,1,2.1,3.3,3.5,2.1,3.5,3.4,1.9,3.45,3.8,2.15,3.2,3.25,2.18,3.5,3.56,2.15,3.2,3.3,2.15,3.4,3.4,39,2.2,2.13,3.5,3.28,3.8,3.36,36,2.08,2.01,1.86,1.77,19,-0.25,1.9,1.85,2.04,1.99,2.26,3.47,3.41
D2,30/07/17,Holstein Kiel,Sandhausen,2,2,D,0,2,A,20,8,3,4,18,20,12,2,2,3,0,0,2.05,3.25,3.75,2.1,3.3,3.6,2.1,3.3,3.3,2.15,3,3.5,2.2,3.36,3.67,2.05,3.1,3.75,2.1,3.3,3.7,39,2.2,2.11,3.36,3.18,3.75,3.53,33,2.38,2.28,1.64,1.59,19,-0.25,1.9,1.83,2.08,2.01,2.12,3.25,4.06
D2,30/07/17,Nurnberg,Kaiserslautern,3,0,H,2,0,H,12,14,3,3,11,14,5,3,0,3,0,0,2.2,3.25,3.3,2.15,3.4,3.3,2.2,3.3,3.1,2.15,3.1,3.3,2.2,3.41,3.62,2.3,3.1,3.1,2.15,3.3,3.5,38,2.3,2.18,3.41,3.2,3.62,3.32,33,2.27,2.17,1.71,1.65,19,-0.25,1.9,1.86,2.03,1.98,2.1,3.41,3.9
D2,31/07/17,Fortuna Dusseldorf,Braunschweig,2,2,D,1,1,D,14,13,4,10,19,17,5,5,2,4,0,1,2.4,3.2,3,2.35,3.4,2.95,2.6,3.2,2.6,2.35,3,3,2.49,3.34,3.1,2.5,3.1,2.8,2.4,3.25,3.1,31,2.5,2.41,3.4,3.15,3.1,2.93,26,2.29,2.2,1.71,1.64,13,0,1.78,1.74,2.21,2.13,2.16,3.38,3.76
D2,04/08/17,Kaiserslautern,Darmstadt,1,1,D,1,0,H,7,10,2,5,18,11,3,3,3,1,0,0,2.7,3.1,2.7,2.55,3.1,2.9,2.6,3.2,2.6,2.7,3,2.65,2.83,3.18,2.8,2.62,3,2.7,2.8,3.13,2.7,40,2.84,2.69,3.22,3.03,2.9,2.72,34,2.54,2.38,1.62,1.56,20,0,1.99,1.94,2.03,1.91,2.67,3.14,3.01
D2,04/08/17,Sandhausen,Ingolstadt,1,0,H,0,0,D,9,11,3,4,17,15,3,4,2,2,0,0,3.4,3,2.3,3.4,3.1,2.25,3,3.2,2.3,3.25,3.1,2.25,3.41,3.31,2.33,3.1,3.1,2.3,3.25,3.25,2.3,40,3.47,3.23,3.31,3.12,2.39,2.28,34,2.48,2.33,1.7,1.58,18,0.25,1.94,1.89,2.01,1.96,3.51,3.21,2.33
D2,04/08/17,Union Berlin,Holstein Kiel,4,3,H,3,3,D,15,11,8,6,16,15,3,0,2,2,0,0,1.75,3.5,4.75,1.75,3.6,4.75,1.75,3.5,4.5,1.75,3.4,4.4,1.81,3.74,4.88,1.75,3.5,4.5,1.8,3.6,4.6,40,1.84,1.77,3.78,3.52,4.89,4.52,36,2.07,1.99,1.88,1.8,17,-0.75,2.08,2.04,1.86,1.82,1.99,3.47,4.25
D2,05/08/17,Braunschweig,Heidenheim,2,0,H,1,0,H,8,12,2,3,11,19,2,6,0,2,0,0,2.05,3.1,4,2.05,3.4,3.6,2.1,3.2,3.4,2.05,3.1,3.6,2.09,3.43,3.91,2.05,3.2,3.6,2.1,3.3,3.75,31,2.1,2.04,3.43,3.26,4,3.63,26,2.2,2.12,1.76,1.69,13,-0.5,2.11,2.06,1.85,1.8,2.22,3.31,3.66
D2,05/08/17,Duisburg,Bochum,1,1,D,1,0,H,12,17,5,3,12,13,2,7,2,2,0,0,2.45,3,3.1,2.4,3.2,3,2.6,3.2,2.6,2.35,3.2,2.87,2.47,3.43,3.05,2.38,3.2,2.88,2.45,3.3,3,39,2.6,2.4,3.43,3.21,3.1,2.92,36,2.11,2,1.88,1.77,17,-0.25,2.13,2.09,1.81,1.78,2.78,3.39,2.7
D2,06/08/17,Erzgebirge Aue,Fortuna Dusseldorf,0,2,A,0,1,A,19,5,4,2,17,18,9,2,5,2,0,0,2.6,3,2.88,2.65,3.2,2.7,2.6,3.2,2.6,2.6,3,2.7,2.69,3.22,2.92,2.5,3.1,2.8,2.7,3.13,2.8,39,2.7,2.61,3.22,3.06,2.92,2.75,33,2.38,2.26,1.63,1.59,17,0,1.93,1.87,2.04,1.97,2.71,3.22,2.89
D2,06/08/17,Greuther Furth,Bielefeld,1,2,A,0,2,A,18,8,7,4,17,12,6,4,0,1,0,0,2.25,3.1,3.4,2.3,3.2,3.2,2.2,3.2,3.2,2.25,3.1,3.2,2.31,3.3,3.46,2.3,3.1,3.1,2.38,3.2,3.2,39,2.38,2.27,3.3,3.14,3.46,3.18,32,2.26,2.16,1.73,1.65,17,-0.25,2.03,1.97,1.94,1.87,2.15,3.32,3.86
D2,06/08/17,Regensburg,Nurnberg,0,1,A,0,0,D,9,16,1,4,12,16,4,7,2,2,0,0,3.2,3.1,2.3,3.2,3.2,2.3,3.2,3.2,2.2,3,3.2,2.25,3.17,3.49,2.36,3,3.3,2.25,3.13,3.4,2.3,38,3.2,3.04,3.49,3.27,2.36,2.28,36,1.98,1.91,1.94,1.86,17,0.25,1.92,1.87,2.04,1.98,2.84,3.46,2.6
D2,07/08/17,St Pauli,Dresden,2,2,D,1,1,D,12,11,5,4,10,15,5,3,1,3,0,0,1.91,3.4,4,1.95,3.4,3.9,2.1,3.3,3.3,1.91,3.25,4,1.94,3.58,4.32,1.95,3.3,3.8,1.95,3.5,4,37,2.1,1.91,3.58,3.38,4.32,3.92,32,2.11,2.03,1.82,1.74,16,-0.5,1.99,1.91,1.98,1.93,1.74,3.76,5.43
D2,09/08/17,Heidenheim,Erzgebirge Aue,2,1,H,1,1,D,9,14,2,5,20,17,1,4,2,3,0,1,1.91,3.25,4.33,1.95,3.2,4.1,1.85,3.45,4,1.91,3.1,4,1.96,3.37,4.6,1.91,3.1,4.2,1.95,3.25,4.33,35,2,1.93,3.5,3.22,4.6,4.12,30,2.42,2.32,1.61,1.57,16,-0.5,1.98,1.94,1.96,1.91,2.08,3.4,4
D2,18/08/17,Braunschweig,Erzgebirge Aue,1,1,D,1,1,D,10,12,6,7,15,14,3,4,2,4,0,0,1.75,3.4,5,1.75,3.6,4.75,1.75,3.5,4.5,1.75,3.3,4.5,1.79,3.69,5.13,1.75,3.5,4.5,1.8,3.5,4.8,29,1.8,1.76,3.69,3.49,5.13,4.65,28,2.13,2.05,1.83,1.75,15,-0.75,2.05,2.01,1.89,1.85,1.81,3.69,5.01
D2,18/08/17,Darmstadt,St Pauli,3,0,H,1,0,H,17,13,8,6,11,13,6,9,2,1,0,0,2.5,3.2,2.88,2.5,3.1,2.95,2.5,3.3,2.65,2.5,3,2.75,2.56,3.28,3.04,2.5,3.1,2.8,2.55,3.25,2.88,35,2.65,2.52,3.3,3.14,3.04,2.82,32,2.21,2.14,1.76,1.69,18,0,1.86,1.8,2.12,2.06,2.68,3.26,2.89
D2,19/08/17,Dresden,Sandhausen,0,4,A,0,1,A,10,12,1,6,15,24,4,3,3,0,0,0,1.95,3.3,4,2.05,3.3,3.75,1.9,3.45,3.8,2,3.2,3.7,2.01,3.45,4.2,2.05,3.25,3.5,2.05,3.4,3.8,34,2.07,1.99,3.45,3.29,4.2,3.75,32,2.15,2.06,1.82,1.72,14,-0.5,2.07,2.01,1.91,1.85,2.13,3.52,3.68
D2,19/08/17,Fortuna Dusseldorf,Kaiserslautern,2,0,H,1,0,H,20,10,8,1,10,18,10,4,3,3,0,0,1.91,3.4,4,1.95,3.4,3.9,2.1,3.3,3.3,1.95,3.1,4,1.97,3.46,4.36,2,3.2,3.8,1.95,3.4,4.1,33,2.1,1.94,3.46,3.28,4.36,3.91,28,2.31,2.21,1.67,1.63,14,-0.5,1.99,1.95,1.96,1.91,2.06,3.39,4.09
D2,19/08/17,Heidenheim,Duisburg,1,2,A,0,0,D,16,18,7,6,11,16,2,6,2,3,0,0,2.05,3.25,3.75,2.05,3.4,3.6,1.9,3.45,3.8,2.05,3.1,3.6,2.05,3.41,4.1,2.05,3.2,3.6,2.1,3.3,3.7,34,2.12,2.03,3.45,3.25,4.1,3.65,31,2.25,2.16,1.72,1.66,14,-0.5,2.09,2.05,1.87,1.81,2.12,3.36,3.9
D2,20/08/17,Holstein Kiel,Greuther Furth,3,1,H,2,1,H,18,13,8,5,15,14,4,3,3,2,0,0,2.05,3.3,3.6,2.05,3.4,3.6,2.2,3.3,3.1,2.05,3.1,3.6,2.1,3.4,3.92,2,3.2,3.75,2.1,3.3,3.7,34,2.2,2.05,3.4,3.24,3.92,3.57,32,2.25,2.16,1.74,1.66,14,-0.5,2.11,2.06,1.84,1.8,2.02,3.34,4.32
D2,20/08/17,Ingolstadt,Regensburg,2,4,A,0,1,A,19,19,8,11,16,20,6,5,3,2,0,0,1.67,3.5,5.5,1.7,3.8,4.75,1.75,3.5,4.5,1.67,3.5,5,1.69,3.87,5.66,1.67,3.6,5,1.67,3.8,5.2,34,1.75,1.67,3.87,3.65,5.66,4.98,33,2.05,1.96,1.9,1.81,15,-0.75,1.92,1.89,2,1.96,1.6,4.11,6.47
D2,20/08/17,Nurnberg,Union Berlin,2,2,D,0,0,D,18,11,6,4,17,19,6,5,1,1,0,1,2.38,3.2,3,2.35,3.3,3,2.3,3.3,2.9,2.35,3.25,2.8,2.42,3.51,3.05,2.38,3.3,2.8,2.4,3.3,3,33,2.42,2.35,3.51,3.27,3.05,2.91,32,1.94,1.84,2.02,1.93,15,-0.25,2.11,2.06,1.83,1.81,2.5,3.53,2.92
D2,21/08/17,Bielefeld,Bochum,2,0,H,2,0,H,12,23,6,5,19,4,2,8,2,1,0,0,2.15,3.2,3.5,2.25,3.25,3.25,2.1,3.3,3.3,2.25,3.2,3,2.33,3.44,3.27,2.25,3.3,3,2.3,3.3,3.2,34,2.33,2.24,3.44,3.22,3.5,3.11,32,2.02,1.93,1.93,1.84,15,-0.25,2.03,1.97,1.92,1.88,2.49,3.5,2.96
D2,25/08/17,Duisburg,Darmstadt,1,2,A,1,1,D,12,9,4,6,17,13,4,2,2,1,0,0,2.45,3.2,3,2.4,3.25,2.95,2.75,3.2,2.5,2.45,3,2.87,2.56,3.29,3.03,2.45,3.1,2.88,,,,33,2.75,2.45,3.3,3.18,3.09,2.88,31,2.25,2.14,1.74,1.69,14,-0.25,2.2,2.13,1.82,1.76,2.37,3.26,3.36
D2,25/08/17,Greuther Furth,Ingolstadt,0,1,A,0,0,D,13,7,2,2,12,12,4,6,3,1,1,0,3,3.2,2.38,2.9,3.2,2.5,2.85,3.2,2.4,2.87,3.1,2.45,2.96,3.31,2.6,2.8,3.1,2.5,2.9,3.3,2.5,34,3,2.86,3.34,3.18,2.6,2.47,32,2.21,2.12,1.76,1.7,14,0,2.12,2.08,1.83,1.79,2.96,3.35,2.57
D2,26/08/17,Erzgebirge Aue,Nurnberg,3,1,H,0,0,D,17,11,10,6,12,15,7,4,3,2,0,0,2.9,3.3,2.38,2.9,3.25,2.45,2.85,3.2,2.4,2.8,3.1,2.45,2.99,3.31,2.57,2.8,3.25,2.4,2.88,3.3,2.5,33,2.99,2.84,3.35,3.22,2.57,2.44,31,2.12,2.02,1.84,1.76,14,0.25,1.79,1.75,2.2,2.14,2.84,3.25,2.74
D2,26/08/17,Regensburg,Holstein Kiel,1,2,A,1,2,A,14,18,2,7,18,22,2,5,4,3,0,0,2.6,3.3,2.63,2.75,3.3,2.55,2.4,3.3,2.75,2.55,3.3,2.55,2.74,3.52,2.66,2.6,3.4,2.5,2.7,3.3,2.63,34,2.75,2.6,3.55,3.32,2.75,2.58,33,1.85,1.79,2.07,1.98,15,0,2,1.94,1.97,1.92,2.93,3.61,2.46
D2,26/08/17,St Pauli,Heidenheim,1,0,H,0,0,D,13,10,4,1,10,14,11,3,0,3,0,0,1.85,3.4,4.2,1.95,3.4,3.9,2,3.3,3.6,1.91,3.2,3.9,1.97,3.5,4.3,1.95,3.3,3.8,1.95,3.4,4.1,33,2.03,1.94,3.53,3.34,4.3,3.91,32,2.22,2.12,1.75,1.69,13,-0.5,1.98,1.95,1.96,1.92,2.02,3.38,4.27
D2,27/08/17,Bochum,Dresden,3,2,H,2,1,H,10,15,5,5,14,15,3,8,3,4,0,0,1.95,3.3,4,1.95,3.5,3.8,2,3.3,3.6,1.95,3.4,3.6,1.99,3.67,4.01,1.91,3.6,3.6,2,3.5,3.8,33,2,1.94,3.67,3.46,4.01,3.69,32,1.8,1.74,2.14,2.04,12,-0.5,2,1.97,1.93,1.9,1.76,4.06,4.71
D2,27/08/17,Sandhausen,Fortuna Dusseldorf,1,2,A,1,0,H,12,10,3,5,23,24,2,2,3,4,0,0,2.45,3.3,2.88,2.45,3.3,2.85,2.4,3.3,2.75,,,,2.57,3.21,3.08,2.4,3,3,2.45,3.3,3,31,2.57,2.43,3.3,3.15,3.08,2.89,27,2.37,2.24,1.65,1.61,13,-0.25,2.19,2.13,1.79,1.76,2.47,3.22,3.23
D2,27/08/17,Union Berlin,Bielefeld,1,1,D,0,0,D,22,13,8,2,12,18,6,4,1,3,0,0,1.73,3.5,5,1.75,3.7,4.5,1.75,3.5,4.5,1.73,3.6,4.33,1.76,3.89,4.99,1.8,3.5,4.2,1.75,3.75,4.6,33,1.8,1.74,3.89,3.65,5,4.47,32,1.8,1.74,2.13,2.04,13,-0.75,2,1.96,1.93,1.89,1.71,4.09,5.12
D2,28/08/17,Kaiserslautern,Braunschweig,1,1,D,0,1,A,15,12,4,4,20,23,6,7,3,4,0,0,2.5,3.3,2.75,2.55,3.2,2.8,2.5,3.2,2.75,2.6,3,2.7,2.73,3.24,2.86,2.5,3.1,2.8,2.6,3.3,2.75,28,2.73,2.57,3.3,3.13,2.86,2.72,24,2.32,2.25,1.66,1.6,11,0,1.93,1.89,2.02,1.98,2.54,3.16,3.17
D2,08/09/17,Dresden,Greuther Furth,1,1,D,1,0,H,14,14,4,6,12,17,4,2,1,3,0,0,2.35,3.3,3,2.3,3.4,3,2.1,3.3,3.3,2.25,3.2,3,2.46,3.42,3.06,2.25,3.3,3,2.4,3.3,3,33,2.47,2.34,3.42,3.26,3.3,2.99,32,2.04,1.95,1.91,1.83,15,-0.25,2.12,2.05,1.85,1.82,2.37,3.44,3.2
D2,08/09/17,Heidenheim,Regensburg,1,3,A,0,0,D,11,20,5,5,13,15,1,8,2,1,0,0,2,3.5,3.6,2,3.4,3.75,2,3.3,3.6,2,3.3,3.4,2.04,3.61,3.88,2.1,3.3,3.3,2.05,3.5,3.6,33,2.1,2.01,3.61,3.39,3.88,3.6,32,1.94,1.88,1.99,1.91,15,-0.5,2.05,2.02,1.88,1.85,2.01,3.63,3.97
D2,09/09/17,Bielefeld,Duisburg,0,4,A,0,1,A,13,14,3,9,10,10,2,2,1,3,0,0,2.1,3.4,3.4,2.05,3.4,3.6,2.1,3.3,3.3,2.15,3.2,3.2,2.25,3.42,3.46,2.15,3.25,3.25,2.15,3.5,3.3,32,2.25,2.15,3.5,3.3,3.6,3.3,29,2.09,2,1.86,1.78,12,-0.5,2.26,2.18,1.75,1.72,2.32,3.49,3.25
D2,09/09/17,Holstein Kiel,Kaiserslautern,2,1,H,1,0,H,10,13,5,3,14,12,7,2,3,2,0,0,1.75,3.75,4.33,1.8,3.6,4.4,2,3.3,3.6,1.75,3.5,4.33,1.82,3.75,4.77,1.8,3.4,4.33,1.8,3.75,4.5,32,2,1.77,3.76,3.57,4.77,4.39,30,2.05,1.93,1.95,1.85,13,-0.5,1.82,1.79,2.13,2.1,1.74,3.78,5.42
D2,09/09/17,Ingolstadt,Erzgebirge Aue,1,2,A,0,1,A,31,7,3,4,14,22,15,2,2,3,0,0,1.75,3.6,4.75,1.78,3.6,4.5,1.8,3.5,4.2,1.8,3.3,4.33,1.82,3.66,4.93,1.85,3.3,4.2,1.8,3.6,4.6,33,1.85,1.79,3.66,3.48,4.93,4.41,30,2.13,2.03,1.82,1.76,13,-0.5,1.84,1.82,2.11,2.06,1.85,3.63,4.77
D2,10/09/17,Braunschweig,Sandhausen,1,1,D,0,0,D,18,7,6,4,17,22,7,7,2,1,0,0,2.05,3.4,3.5,2.05,3.3,3.7,1.9,3.45,3.8,2.05,3.2,3.5,2.13,3.39,3.83,2,3.3,3.6,2.1,3.4,3.6,32,2.13,2.04,3.45,3.28,3.83,3.56,30,2.2,2.07,1.77,1.72,13,-0.5,2.13,2.08,1.85,1.8,2.05,3.45,4.04
D2,10/09/17,Darmstadt,Bochum,1,2,A,1,0,H,14,9,5,4,16,15,3,6,1,1,0,0,2.3,3.3,3.1,2.25,3.25,3.2,2.2,3.3,3.1,2.25,3.2,3,2.34,3.41,3.29,2.3,3.3,2.9,2.38,3.3,3.1,31,2.38,2.27,3.41,3.25,3.3,3.08,30,2.04,1.96,1.88,1.81,13,-0.25,2.06,2,1.9,1.87,2.19,3.57,3.47
D2,10/09/17,Fortuna Dusseldorf,Union Berlin,3,2,H,1,0,H,17,6,6,4,16,22,7,7,2,3,0,0,2.45,3.3,2.8,2.55,3.3,2.75,2.4,3.3,2.75,2.5,3.1,2.7,2.59,3.31,2.97,2.6,3.1,2.7,2.55,3.3,2.8,30,2.6,2.5,3.35,3.19,2.97,2.77,29,2.1,2.01,1.83,1.77,13,0,1.87,1.82,2.09,2.03,2.4,3.44,3.14
D2,11/09/17,Nurnberg,St Pauli,0,1,A,0,0,D,13,8,3,2,10,6,6,3,2,2,0,0,2.1,3.3,3.5,2.25,3.25,3.2,2.3,3.3,2.9,2.15,3.2,3.2,2.17,3.45,3.64,2.2,3.3,3.1,2.2,3.4,3.3,32,2.3,2.16,3.45,3.27,3.64,3.28,30,2.05,1.97,1.88,1.81,12,-0.25,1.92,1.88,2.05,1.96,1.99,3.62,4.06
D2,15/09/17,Erzgebirge Aue,Holstein Kiel,0,3,A,0,2,A,13,12,3,6,10,24,4,4,3,2,0,0,2.88,3.2,2.5,2.85,3.2,2.5,2.6,3.2,2.6,2.65,3.2,2.5,2.88,3.34,2.64,2.8,3.1,2.5,2.8,3.3,2.55,36,2.93,2.8,3.34,3.16,2.64,2.51,34,2.15,2.06,1.82,1.74,16,0,2.09,2.02,1.88,1.83,2.93,3.39,2.58
D2,15/09/17,Union Berlin,Braunschweig,1,1,D,0,0,D,22,15,6,4,11,9,5,3,2,2,0,0,1.83,3.5,4.2,1.83,3.7,4.1,2,3.3,3.6,1.91,3.4,3.75,1.83,3.78,4.66,1.8,3.5,4.2,1.8,3.7,4.5,36,2,1.8,3.78,3.58,4.66,4.24,35,1.94,1.85,1.99,1.92,16,-0.5,1.85,1.8,2.12,2.07,1.83,3.77,4.68
D2,16/09/17,Duisburg,Nurnberg,1,6,A,0,2,A,21,15,10,9,11,10,9,5,3,0,0,0,2.4,3.2,3,2.55,3.2,2.8,2.4,3.3,2.75,2.45,3.2,2.75,2.52,3.4,2.99,2.45,3.25,2.75,2.5,3.3,2.9,34,2.55,2.43,3.4,3.23,3,2.83,33,2,1.9,1.98,1.87,13,0,1.82,1.78,2.14,2.08,2.36,3.39,3.26
D2,16/09/17,Sandhausen,Kaiserslautern,1,0,H,0,0,D,14,9,5,2,17,20,2,5,2,2,0,0,2,3.4,3.7,2.1,3.25,3.6,2.2,3.3,3.1,2.15,3,3.5,2.07,3.37,4.07,2.1,3.1,3.6,2.05,3.3,3.75,34,2.2,2.06,3.4,3.23,4.07,3.62,29,2.43,2.28,1.65,1.59,14,-0.25,1.82,1.78,2.17,2.08,2.26,3.12,3.81
D2,16/09/17,St Pauli,Ingolstadt,0,4,A,0,4,A,6,19,3,7,12,21,5,4,0,5,0,0,2.45,3.3,2.8,2.45,3.25,2.9,2.4,3.3,2.75,2.37,3,2.9,2.6,3.28,2.98,2.3,3.2,3,2.5,3.3,2.88,35,2.6,2.44,3.3,3.17,3.1,2.87,33,2.23,2.13,1.75,1.68,13,0,1.84,1.79,2.14,2.06,2.84,3.24,2.74
D2,17/09/17,Bochum,Heidenheim,1,2,A,1,1,D,17,16,4,4,11,17,5,8,2,2,0,0,1.91,3.4,4,1.95,3.4,3.9,1.9,3.45,3.8,1.91,3.3,3.75,1.93,3.63,4.36,1.91,3.4,3.8,1.95,3.5,4,34,1.95,1.9,3.63,3.43,4.36,3.89,33,2,1.91,1.94,1.86,14,-0.5,1.96,1.92,1.99,1.94,2.02,3.63,3.92
D2,17/09/17,Darmstadt,Bielefeld,4,3,H,1,2,A,12,16,4,4,13,10,4,4,1,2,0,0,2,3.3,3.8,2.05,3.3,3.7,1.85,3.45,4,2,3.25,3.6,2.03,3.51,4.03,2,3.4,3.5,2.05,3.4,3.75,35,2.06,1.99,3.51,3.33,4.03,3.68,34,2.07,1.97,1.91,1.81,14,-0.5,2.07,2.01,1.9,1.85,2.21,3.46,3.52
D2,17/09/17,Greuther Furth,Fortuna Dusseldorf,3,1,H,2,0,H,24,7,9,3,16,18,10,3,3,2,0,0,2.7,3.2,2.63,2.65,3.2,2.7,2.6,3.2,2.6,2.65,3.1,2.6,2.84,3.25,2.74,2.62,3.2,2.6,2.75,3.3,2.6,35,2.84,2.67,3.3,3.18,2.74,2.6,33,2.15,2.05,1.81,1.73,14,0,2.03,1.96,1.93,1.87,2.96,3.38,2.56
D2,17/09/17,Regensburg,Dresden,0,2,A,0,0,D,9,12,1,5,16,19,9,1,2,2,0,0,2.38,3.4,2.88,2.4,3.3,2.95,2.4,3.3,2.75,2.35,3.4,2.75,2.46,3.56,2.96,2.38,3.3,2.8,2.45,3.5,2.8,35,2.46,2.37,3.56,3.35,2.96,2.83,33,1.75,1.71,2.2,2.09,14,-0.25,2.12,2.08,1.83,1.79,2.46,3.75,2.84
D2,19/09/17,Holstein Kiel,St Pauli,0,1,A,0,1,A,14,7,4,4,12,10,6,1,4,4,1,0,1.73,3.75,4.6,1.8,3.4,4.75,1.9,3.45,3.8,1.75,3.4,4.33,1.83,3.59,5.02,1.8,3.5,4.2,1.8,3.6,4.6,37,1.9,1.79,3.75,3.46,5.02,4.42,36,2.05,1.97,1.9,1.8,16,-0.5,1.83,1.8,2.13,2.06,1.84,3.8,4.55
D2,19/09/17,Ingolstadt,Duisburg,2,2,D,1,1,D,18,11,6,5,11,10,10,3,1,1,0,0,1.62,3.6,6,1.65,3.9,5,1.65,3.6,5.1,1.61,3.7,5,1.68,3.96,5.69,1.7,3.5,4.8,1.67,3.9,5.2,36,1.7,1.64,4.01,3.75,6,5.09,35,1.91,1.82,2.06,1.96,15,-0.75,1.88,1.84,2.06,2.01,1.65,4.12,5.74
D2,19/09/17,Kaiserslautern,Erzgebirge Aue,0,2,A,0,1,A,15,16,3,7,14,14,4,2,1,2,0,0,2.2,3.2,3.4,2.2,3.2,3.4,2.2,3.2,3.2,2.25,2.9,3.4,2.29,3.13,3.7,2.2,3.1,3.3,2.25,3.13,3.5,37,2.32,2.22,3.2,3.06,3.7,3.37,31,2.75,2.54,1.57,1.48,15,-0.25,1.98,1.93,1.97,1.92,2.52,3.03,3.35
D2,19/09/17,Sandhausen,Union Berlin,1,0,H,0,0,D,8,8,3,2,11,16,4,5,1,2,0,0,2.6,3.4,2.6,2.8,3.25,2.55,2.5,3.3,2.65,2.62,3.1,2.6,2.82,3.37,2.68,2.62,3.2,2.6,2.7,3.4,2.63,36,2.82,2.67,3.4,3.21,2.72,2.59,35,2.11,2.03,1.85,1.76,14,0,1.99,1.93,1.95,1.9,2.52,3.42,2.98
D2,20/09/17,Braunschweig,Greuther Furth,3,0,H,2,0,H,10,18,6,7,17,15,5,1,1,1,0,0,2,3.3,3.8,2.05,3.25,3.8,1.9,3.45,3.8,2,3.2,3.7,2.02,3.52,4.05,2,3.3,3.6,2.05,3.3,3.9,36,2.05,1.99,3.52,3.29,4.05,3.72,34,2.13,2.03,1.85,1.74,14,-0.5,2.04,2,1.9,1.85,2.24,3.53,3.44
D2,20/09/17,Dresden,Bielefeld,0,2,A,0,0,D,12,12,7,3,7,19,4,3,0,1,0,0,2.05,3.4,3.5,2.1,3.4,3.4,2.1,3.3,3.3,2.1,3.3,3.25,2.14,3.56,3.6,2.15,3.4,3.1,2.15,3.4,3.5,36,2.18,2.1,3.56,3.38,3.6,3.3,35,1.87,1.8,2.05,1.97,14,-0.25,1.87,1.82,2.09,2.02,2.04,3.72,3.84
D2,20/09/17,Fortuna Dusseldorf,Regensburg,1,0,H,0,0,D,13,16,5,4,19,17,3,4,3,2,0,0,1.7,3.5,5.25,1.75,3.7,4.5,1.7,3.6,4.7,1.67,3.7,4.5,1.71,4.04,5.21,1.7,3.75,4.4,1.75,3.75,4.8,36,1.75,1.7,4.04,3.7,5.25,4.61,32,1.74,1.69,2.21,2.1,14,-0.75,1.97,1.9,2,1.94,1.77,3.98,4.91
D2,20/09/17,Heidenheim,Darmstadt,2,2,D,1,1,D,12,11,4,4,17,17,3,6,2,5,0,0,2.38,3.1,3.1,2.4,3.2,3,2.5,3.2,2.75,2.37,3.1,2.9,2.47,3.24,3.21,2.38,3.2,2.9,2.4,3.3,3,36,2.63,2.41,3.3,3.13,3.21,2.91,34,2.25,2.11,1.75,1.69,14,-0.25,2.12,2.07,1.85,1.79,2.44,3.27,3.28
D2,21/09/17,Nurnberg,Bochum,3,1,H,1,1,D,13,10,5,5,13,11,4,4,0,2,0,0,2,3.3,3.8,2,3.4,3.7,2,3.3,3.6,2.05,3.4,3.3,2.16,3.59,3.52,2,3.5,3.4,2.1,3.5,3.5,36,2.16,2.04,3.6,3.42,3.8,3.41,34,1.83,1.73,2.12,2.04,14,-0.25,1.87,1.81,2.11,2.04,2.3,3.59,3.2
D2,22/09/17,Duisburg,Holstein Kiel,1,3,A,0,1,A,18,17,8,5,15,21,6,5,3,3,0,0,2.8,3.5,2.38,2.8,3.4,2.45,2.6,3.2,2.6,2.75,3.3,2.37,2.9,3.54,2.52,2.7,3.4,2.4,2.8,3.5,2.45,38,2.9,2.76,3.6,3.36,2.6,2.42,34,1.85,1.75,2.13,2.03,17,0,2.12,2.05,1.84,1.8,3.05,3.59,2.39
D2,22/09/17,Erzgebirge Aue,Sandhausen,1,0,H,1,0,H,8,13,2,5,12,19,3,2,1,2,0,0,2.55,3.1,2.88,2.4,3.2,3,2.4,3.3,2.75,2.5,3,2.8,2.53,3.26,3.1,2.5,2.9,3,2.55,3.2,2.88,38,2.62,2.47,3.3,3.1,3.1,2.89,33,2.5,2.3,1.65,1.59,18,0,1.85,1.79,2.16,2.05,2.74,3.09,2.97
D2,23/09/17,Bielefeld,Heidenheim,1,1,D,0,0,D,20,9,3,2,15,14,8,4,1,1,0,0,2.2,3.4,3.2,2.2,3.3,3.3,2.3,3.3,2.9,2.15,3.25,3.2,2.21,3.57,3.41,2.2,3.3,3.1,2.2,3.5,3.25,37,2.3,2.17,3.57,3.33,3.41,3.2,35,2,1.9,1.98,1.86,16,-0.25,1.95,1.9,2,1.94,2.37,3.5,3.15
D2,23/09/17,Regensburg,Braunschweig,2,1,H,0,1,A,30,8,6,4,18,16,11,4,4,4,0,3,2.75,3.4,2.45,2.95,3.25,2.4,2.65,3.3,2.5,2.75,3.25,2.37,2.85,3.56,2.54,3,3.3,2.25,2.88,3.4,2.45,38,3,2.81,3.56,3.32,2.54,2.4,36,1.88,1.81,2.06,1.96,15,0,2.13,2.05,1.83,1.79,2.74,3.55,2.65
D2,23/09/17,St Pauli,Fortuna Dusseldorf,1,2,A,1,2,A,15,9,6,3,16,12,6,3,1,0,0,0,2.3,3.3,3.1,2.4,3.25,2.95,2.3,3.3,2.9,2.3,3.1,3,2.41,3.3,3.26,2.3,3.2,3,2.38,3.4,3,38,2.45,2.33,3.4,3.21,3.26,3,34,2.25,2.12,1.75,1.69,16,-0.25,2.09,2.03,1.87,1.82,2.48,3.31,3.13
D2,24/09/17,Bochum,Ingolstadt,2,0,H,2,0,H,16,15,6,3,17,25,5,4,2,4,0,0,2.75,3.2,2.55,2.7,3.3,2.6,2.65,3.3,2.5,2.65,3.2,2.5,2.77,3.44,2.68,2.6,3.25,2.6,2.7,3.5,2.55,37,2.77,2.65,3.6,3.26,2.68,2.56,36,1.99,1.88,2,1.88,16,0,2.04,1.96,1.92,1.87,2.92,3.44,2.55
D2,24/09/17,Darmstadt,Dresden,3,3,D,1,2,A,18,6,6,4,17,17,10,6,3,4,0,0,2.05,3.4,3.6,2,3.5,3.7,1.8,3.5,4.2,2,3.4,3.4,2.09,3.59,3.73,2,3.5,3.4,2.1,3.5,3.5,36,2.1,2.01,3.6,3.43,4.2,3.51,35,1.91,1.8,2.06,1.97,16,-0.5,2.09,2.04,1.84,1.81,2.21,3.6,3.39
D2,24/09/17,Greuther Furth,Nurnberg,1,3,A,0,1,A,20,14,7,7,14,15,10,4,2,2,0,0,2.4,3.3,2.88,2.65,3.25,2.65,2.5,3.3,2.65,2.5,3.2,2.7,2.66,3.47,2.77,2.45,3.25,2.75,2.5,3.4,2.8,36,2.66,2.51,3.47,3.27,2.88,2.71,35,1.97,1.88,1.97,1.88,16,0,1.91,1.84,2.07,1.99,2.55,3.42,2.95
D2,25/09/17,Union Berlin,Kaiserslautern,5,0,H,4,0,H,22,10,11,2,15,22,5,6,2,4,0,0,1.65,3.75,5.25,1.72,3.7,4.75,1.8,3.5,4.2,1.67,3.5,4.8,1.69,3.92,5.56,1.73,3.4,4.8,1.7,3.75,5.2,35,1.8,1.68,3.92,3.61,5.56,4.97,33,2.05,1.98,1.89,1.79,14,-0.75,1.94,1.88,2.02,1.93,1.66,3.96,5.9
D2,29/09/17,Ingolstadt,Darmstadt,3,0,H,1,0,H,21,5,5,2,18,15,7,5,2,3,0,0,1.91,3.6,3.8,1.9,3.4,4,2,3.3,3.6,1.85,3.4,3.9,1.87,3.72,4.51,1.91,3.4,3.8,1.9,3.6,4.1,37,2,1.88,3.72,3.46,4.51,3.95,36,1.98,1.89,1.96,1.87,17,-0.5,1.93,1.89,2.04,1.96,1.79,3.92,4.73
D2,29/09/17,Kaiserslautern,Greuther Furth,3,0,H,0,0,D,13,6,4,2,12,20,1,5,0,3,0,0,2.45,3.2,2.9,2.4,3.2,2.9,2.4,3.3,2.75,2.5,3,2.8,2.64,3.24,2.96,2.38,3.1,3,2.55,3.2,2.9,37,2.64,2.49,3.3,3.11,3,2.85,30,2.35,2.26,1.66,1.59,17,0,1.86,1.8,2.11,2.04,2.84,3.28,2.71
D2,30/09/17,Erzgebirge Aue,Union Berlin,1,2,A,0,0,D,15,7,4,2,6,17,6,4,0,1,0,0,2.63,3.3,2.6,2.65,3.25,2.6,2.6,3.2,2.6,2.8,3.1,2.45,2.95,3.3,2.61,2.6,3.2,2.62,2.88,3.3,2.5,34,2.95,2.75,3.35,3.18,2.62,2.5,32,2.16,2.04,1.82,1.74,16,0,2.12,2.03,1.87,1.81,3.47,3.46,2.23
D2,30/09/17,Holstein Kiel,Bochum,3,0,H,2,0,H,25,4,8,0,16,11,9,1,0,4,0,1,1.83,3.5,4.33,1.85,3.5,4.1,1.85,3.45,4,1.87,3.5,3.7,1.93,3.75,4.14,1.91,3.6,3.6,1.95,3.5,4,36,1.95,1.88,3.75,3.52,4.33,3.87,33,1.76,1.69,2.22,2.11,16,-0.5,1.93,1.89,2,1.95,1.92,3.81,4.16
D2,30/09/17,Nurnberg,Bielefeld,1,2,A,0,0,D,17,12,4,5,6,9,6,2,1,1,0,0,1.73,3.6,4.75,1.83,3.5,4.2,1.9,3.45,3.8,1.8,3.6,3.9,1.82,3.81,4.68,1.8,3.6,4,1.87,3.6,3.5,35,1.9,1.81,3.81,3.58,4.75,4.11,32,1.78,1.7,2.21,2.1,16,-0.5,1.85,1.81,2.11,2.04,2.06,3.66,3.75
D2,01/10/17,Braunschweig,St Pauli,0,2,A,0,0,D,24,18,9,6,10,10,11,2,0,0,0,0,2.5,3.2,2.8,2.45,3.25,2.8,2.4,3.3,2.75,2.4,3.1,2.87,2.54,3.35,3.01,2.5,3.1,2.8,2.5,3.2,3,36,2.55,2.45,3.35,3.16,3.01,2.83,31,2.17,2.04,1.82,1.74,15,0,1.81,1.76,2.13,2.08,2.58,3.37,2.93
D2,01/10/17,Heidenheim,Dresden,0,2,A,0,1,A,12,11,2,3,16,27,5,5,4,2,0,0,2.2,3.4,3.2,2.25,3.3,3.1,2.3,3.3,2.9,2.2,3.3,3.1,2.29,3.48,3.31,2.15,3.4,3.1,2.25,3.4,3.2,36,2.3,2.23,3.48,3.29,3.31,3.11,34,1.9,1.82,2.03,1.95,16,-0.25,2,1.93,1.97,1.9,2.44,3.56,3
D2,01/10/17,Sandhausen,Regensburg,2,0,H,0,0,D,9,19,2,2,19,18,1,4,4,4,0,1,1.75,3.6,4.75,1.85,3.4,4.25,2,3.3,3.6,1.8,3.4,4.25,1.84,3.71,4.72,1.83,3.3,4.33,1.83,3.6,4.4,36,2,1.82,3.71,3.44,4.75,4.26,33,2.1,2,1.87,1.77,16,-0.5,1.86,1.82,2.08,2.03,1.99,3.52,4.16
D2,02/10/17,Fortuna Dusseldorf,Duisburg,3,1,H,2,0,H,15,27,7,7,17,13,2,9,4,2,0,0,1.73,3.6,4.75,1.72,3.7,4.6,1.75,3.5,4.5,1.75,3.5,4.25,1.83,3.76,4.74,1.7,3.75,4.5,1.85,3.6,4.33,34,1.85,1.76,3.76,3.6,4.75,4.34,30,1.9,1.79,2.06,1.96,14,-0.75,2.11,2.03,1.87,1.8,2.11,3.61,3.66
D2,13/10/17,Duisburg,Braunschweig,0,0,D,0,0,D,11,11,4,3,9,14,3,3,2,1,0,0,2.1,3.6,3.2,2.2,3.4,3.25,2.5,3.3,2.65,2.1,3.4,3.2,2.19,3.62,3.42,2.15,3.4,3.1,2.15,3.6,3.3,35,2.5,2.15,3.67,3.43,3.47,3.2,30,1.83,1.76,2.14,2.03,19,-0.25,1.9,1.86,2.05,1.99,2.1,3.67,3.62
D2,13/10/17,St Pauli,Kaiserslautern,1,1,D,0,0,D,5,7,2,1,9,24,4,3,0,1,0,0,1.83,3.5,4.33,1.85,3.5,4.25,1.85,3.45,4,1.8,3.25,4.5,1.85,3.53,4.97,1.85,3.25,4.33,1.8,3.5,4.75,34,1.86,1.82,3.53,3.38,4.97,4.46,31,2.29,2.19,1.72,1.65,19,-0.5,1.85,1.81,2.09,2.04,1.83,3.5,5.23
D2,14/10/17,Bielefeld,Fortuna Dusseldorf,0,2,A,0,1,A,14,19,3,11,17,9,5,4,1,0,0,0,2.38,3.2,3,2.5,3.25,2.8,2.5,3.3,2.65,2.4,3.2,2.8,2.51,3.4,3,2.5,3.25,2.7,2.5,3.3,2.9,32,2.6,2.44,3.45,3.25,3,2.8,31,1.95,1.87,1.97,1.89,15,0,1.83,1.78,2.13,2.05,2.55,3.5,2.88
D2,14/10/17,Bochum,Sandhausen,2,0,H,1,0,H,8,7,3,1,11,15,4,6,2,3,0,0,2.15,3.3,3.4,2.25,3.2,3.3,2.2,3.3,3.1,2.2,3.1,3.2,2.29,3.44,3.35,2.15,3.25,3.25,2.25,3.3,3.3,32,2.35,2.21,3.44,3.22,3.4,3.21,29,2.15,2.03,1.85,1.74,15,-0.25,1.99,1.93,1.96,1.9,2.33,3.37,3.34
D2,14/10/17,Dresden,Ingolstadt,2,2,D,1,2,A,12,14,4,3,17,16,6,4,1,4,0,0,3.3,3.25,2.2,3,3.3,2.35,2.75,3.3,2.4,3,3.25,2.2,3.35,3.42,2.3,2.8,3.3,2.38,3.13,3.3,2.38,32,3.35,3.05,3.42,3.27,2.4,2.27,31,1.98,1.89,1.96,1.87,15,0.25,1.94,1.87,2.02,1.96,3.25,3.58,2.28
D2,15/10/17,Greuther Furth,Erzgebirge Aue,2,1,H,1,0,H,17,8,4,5,23,15,3,2,3,4,0,0,2.1,3.5,3.25,2.2,3.25,3.4,2.2,3.3,3.1,2.15,3.1,3.3,2.24,3.31,3.61,2.2,3.2,3.2,2.15,3.4,3.4,32,2.24,2.16,3.5,3.2,3.61,3.32,30,2.25,2.12,1.73,1.68,15,-0.25,1.91,1.86,2.04,1.97,2.33,3.3,3.41
D2,15/10/17,Heidenheim,Holstein Kiel,3,5,A,1,2,A,10,28,4,14,13,9,4,10,3,3,1,0,3.5,3.5,2.05,3.5,3.25,2.15,2.9,3.3,2.3,3.3,3.25,2.1,3.51,3.53,2.19,3.1,3.3,2.2,3.5,3.5,2.1,32,3.51,3.31,3.53,3.33,2.3,2.11,31,1.97,1.88,1.95,1.87,15,0.25,2.09,2.01,1.88,1.82,3.37,3.62,2.21
D2,15/10/17,Regensburg,Union Berlin,0,2,A,0,1,A,19,14,5,6,15,12,12,3,3,2,0,0,3.6,3.5,2,3.6,3.4,2.05,3.3,3.3,2.1,3.4,3.5,2,3.61,3.65,2.11,3.25,3.5,2.05,3.5,3.5,2.1,31,3.61,3.41,3.65,3.46,2.11,2.02,25,1.67,1.64,2.3,2.18,15,0.5,1.87,1.82,2.1,2.02,3.22,3.8,2.22
D2,16/10/17,Darmstadt,Nurnberg,3,4,A,1,1,D,14,14,3,5,11,15,4,3,1,1,0,0,2.3,3.4,3,2.4,3.3,2.95,2.3,3.3,2.9,2.35,3.3,2.75,2.47,3.58,2.94,2.3,3.5,2.8,2.4,3.5,2.88,31,2.47,2.37,3.58,3.33,3,2.83,26,1.82,1.73,2.17,2.04,12,0,1.81,1.75,2.16,2.08,2.7,3.57,2.67
D2,20/10/17,Fortuna Dusseldorf,Darmstadt,1,0,H,1,0,H,15,11,4,1,10,17,7,3,3,4,0,0,1.7,3.75,4.75,1.75,3.7,4.5,1.85,3.45,4,1.66,3.8,4.6,1.74,4.06,4.9,1.7,3.75,4.4,1.75,3.9,4.5,35,1.95,1.72,4.06,3.76,4.9,4.51,32,1.8,1.7,2.25,2.11,18,-0.5,1.75,1.71,2.23,2.17,1.68,4.29,5.07
D2,20/10/17,Ingolstadt,Heidenheim,3,0,H,1,0,H,15,3,8,1,14,19,7,2,0,1,0,0,1.55,4,6,1.55,3.9,6.25,1.65,3.7,4.9,1.53,3.9,5.5,1.57,4.28,6.42,1.57,3.8,5.5,1.57,4.2,5.75,34,1.65,1.55,4.28,3.97,6.42,5.74,31,1.81,1.74,2.17,2.05,19,-1,2.02,1.96,1.93,1.88,1.56,4.15,6.96
D2,21/10/17,Braunschweig,Bochum,1,0,H,1,0,H,7,16,2,5,16,15,2,7,0,3,0,0,2.39,3.29,2.89,2.4,3.6,2.75,2.3,3.3,2.9,2.35,3.25,2.8,2.42,3.45,3.16,2.38,3.4,2.75,2.4,3.4,2.9,35,2.42,2.36,3.6,3.28,3.16,2.9,34,1.89,1.81,2.05,1.96,18,-0.25,2.11,2.04,1.85,1.81,2.32,3.45,3.28
D2,21/10/17,Holstein Kiel,Bielefeld,2,1,H,0,0,D,10,11,4,3,13,15,4,6,4,3,0,0,1.57,4,5.5,1.65,3.75,5.25,1.7,3.7,4.5,1.6,3.9,5,1.6,4.56,5.5,1.62,3.8,5,1.6,4.3,5.2,35,1.7,1.59,4.56,4.04,5.5,5.08,29,1.61,1.58,2.43,2.28,19,-1,2.06,2,1.89,1.84,1.54,4.65,6.21
D2,21/10/17,Union Berlin,Greuther Furth,3,1,H,2,0,H,17,12,11,1,13,15,4,4,0,1,0,0,1.7,3.5,5.25,1.75,3.75,4.6,1.7,3.7,4.5,1.7,3.7,4.5,1.73,4.05,5.03,1.7,3.8,4.4,1.73,3.9,4.6,35,1.75,1.7,4.05,3.73,5.25,4.63,33,1.81,1.73,2.16,2.06,18,-0.75,1.98,1.92,1.97,1.92,1.75,3.91,5.05
D2,22/10/17,Erzgebirge Aue,Regensburg,1,0,H,0,0,D,5,15,4,5,14,20,3,9,3,3,1,0,2.1,3.25,3.5,2.1,3.3,3.5,2.1,3.3,3.3,2.2,3.25,3.1,2.2,3.49,3.54,2.2,3.3,3.1,2.15,3.4,3.4,34,2.2,2.14,3.49,3.29,3.54,3.29,33,1.99,1.91,1.95,1.86,17,-0.25,1.89,1.85,2.04,1.98,2.21,3.57,3.42
D2,22/10/17,Kaiserslautern,Duisburg,0,1,A,0,0,D,11,11,3,5,16,17,5,6,3,4,0,0,2.62,3.2,2.7,2.5,3.1,2.95,2.5,3.3,2.65,2.6,3.1,2.65,2.69,3.24,2.91,2.6,3.1,2.7,2.63,3.2,2.8,33,2.69,2.56,3.3,3.12,2.95,2.74,31,2.2,2.11,1.78,1.69,18,0,1.92,1.86,2.04,1.97,2.56,3.32,3
D2,22/10/17,Nurnberg,Dresden,2,1,H,1,0,H,11,22,5,2,11,10,4,9,2,3,0,1,1.95,3.5,3.79,2,3.5,3.6,2,3.3,3.6,1.95,3.5,3.4,2.04,3.66,3.83,2,3.5,3.4,1.95,3.6,3.5,33,2.05,1.98,3.66,3.46,3.83,3.52,28,1.68,1.65,2.28,2.17,17,-0.5,2.05,1.99,1.89,1.85,1.94,3.88,3.97
D2,23/10/17,Sandhausen,St Pauli,1,1,D,0,0,D,18,15,3,3,15,11,5,4,1,2,0,0,2.29,3.2,3.1,2.35,3.1,3.25,2.4,3.3,2.75,2.3,3,3.1,2.46,3.08,3.46,2.3,3.1,3.1,2.4,3.13,3.2,32,2.46,2.33,3.3,3.04,3.46,3.14,26,2.44,2.29,1.62,1.58,15,0,1.7,1.65,2.35,2.23,2.91,3.08,2.81
D2,27/10/17,Bielefeld,Ingolstadt,1,3,A,1,2,A,16,12,2,8,12,6,10,5,3,4,1,1,3.6,3.39,2.04,3.75,3.4,2,3.3,3.3,2.1,3.4,3.3,2,3.72,3.61,2.09,3.4,3.5,2,3.5,3.5,2.05,36,3.79,3.53,3.61,3.41,2.15,2.03,35,1.93,1.83,2.02,1.94,18,0.5,1.86,1.82,2.09,2.03,4.19,3.71,1.94
D2,27/10/17,St Pauli,Erzgebirge Aue,1,1,D,1,0,H,12,12,6,4,12,17,7,7,1,3,0,0,1.9,3.29,4.2,1.95,3.25,4.1,1.9,3.45,3.8,1.95,3.1,4,2.02,3.29,4.41,2,3.2,3.75,2,3.3,4,35,2.02,1.96,3.45,3.21,4.45,4.03,28,2.44,2.31,1.66,1.58,19,-0.5,2.03,1.98,1.92,1.87,2.03,3.27,4.4
D2,28/10/17,Darmstadt,Holstein Kiel,1,1,D,1,1,D,11,15,5,7,15,13,4,4,1,3,0,0,3.6,3.5,2,3.5,3.5,2.05,3.3,3.3,2.1,3.25,3.5,2,3.68,3.75,2.05,3.4,3.5,2,3.4,3.6,2.1,34,3.68,3.4,3.8,3.52,2.1,2.01,28,1.62,1.59,2.4,2.28,17,0.5,1.87,1.82,2.08,2.03,3.58,3.9,2.04
D2,28/10/17,Greuther Furth,Sandhausen,2,1,H,1,0,H,13,12,5,3,16,16,4,2,2,2,0,0,2.5,3.2,2.87,2.4,3.2,3,2.4,3.3,2.75,2.45,3,2.87,2.67,3.14,3.01,2.38,3.2,2.9,2.45,3.2,3,34,2.67,2.48,3.3,3.07,3.01,2.89,28,2.36,2.24,1.65,1.61,19,0,1.83,1.77,2.14,2.07,2.52,3.24,3.13
D2,28/10/17,Regensburg,Kaiserslautern,3,1,H,2,1,H,23,5,8,3,17,15,7,2,2,0,0,0,2,3.29,3.75,2.1,3.4,3.5,2.1,3.3,3.3,2.1,3.2,3.4,2.13,3.42,3.8,2.05,3.25,3.5,2.15,3.3,3.6,33,2.25,2.09,3.42,3.26,3.8,3.47,31,2.11,2.03,1.85,1.76,18,-0.25,1.85,1.8,2.12,2.05,2.18,3.52,3.56
D2,29/10/17,Dresden,Braunschweig,1,1,D,1,0,H,12,12,4,7,9,14,1,3,1,4,0,0,2.04,3.5,3.39,2.2,3.4,3.2,2.3,3.3,2.9,2.05,3.3,3.3,2.13,3.57,3.62,2.05,3.5,3.3,2.15,3.5,3.4,34,2.3,2.1,3.57,3.37,3.62,3.31,33,1.93,1.81,2.04,1.96,17,-0.25,1.88,1.83,2.08,2.01,2.13,3.56,3.63
D2,29/10/17,Duisburg,Union Berlin,1,1,D,0,0,D,10,11,3,3,10,20,2,2,2,2,0,0,2.87,3.39,2.37,2.8,3.4,2.45,2.75,3.3,2.4,2.8,3.4,2.3,2.91,3.65,2.45,2.7,3.4,2.4,2.9,3.5,2.38,33,2.94,2.82,3.65,3.37,2.45,2.36,30,1.75,1.7,2.19,2.08,17,0.25,1.87,1.81,2.12,2.03,3.04,3.78,2.31
D2,29/10/17,Heidenheim,Nurnberg,1,0,H,0,0,D,15,14,5,5,12,13,7,4,4,2,0,0,3,3.39,2.29,3.1,3.3,2.3,3.1,3.3,2.2,2.87,3.3,2.25,3.1,3.59,2.36,2.9,3.3,2.3,3,3.4,2.38,33,3.1,2.95,3.59,3.34,2.38,2.29,30,1.81,1.74,2.14,2.04,17,0.25,1.89,1.84,2.07,2,2.98,3.7,2.39
D2,30/10/17,Bochum,Fortuna Dusseldorf,0,0,D,0,0,D,9,15,5,3,22,11,3,6,2,2,1,0,2.45,3.25,2.87,2.65,3.3,2.65,2.6,3.2,2.6,2.5,3.25,2.62,2.53,3.49,2.91,2.45,3.3,2.7,2.5,3.4,2.8,34,2.65,2.5,3.49,3.28,2.91,2.7,32,1.86,1.79,2.07,1.98,17,0,1.87,1.82,2.09,2,2.69,3.37,2.8
D2,03/11/17,Kaiserslautern,Bochum,0,0,D,0,0,D,12,3,2,1,11,16,7,1,3,3,0,0,3,3.25,2.35,3.1,3.1,2.4,2.6,3.2,2.6,2.9,3.1,2.4,3.13,3.36,2.45,3,3.2,2.3,3,3.3,2.4,34,3.14,2.97,3.36,3.17,2.6,2.4,31,2.17,2.08,1.79,1.72,18,0,2.22,2.14,1.8,1.73,3.25,3.3,2.41
D2,03/11/17,Sandhausen,Duisburg,0,1,A,0,1,A,22,5,7,1,15,16,5,2,2,2,0,0,2.2,3.25,3.25,2.25,3.25,3.3,2.3,3.2,3,2.25,3.1,3.1,2.34,3.38,3.31,2.2,3.2,3.2,2.38,3.3,3.13,34,2.38,2.27,3.38,3.2,3.31,3.16,30,2.16,2.06,1.82,1.74,19,-0.25,2.04,1.98,1.91,1.86,2.45,3.35,3.13
D2,04/11/17,Braunschweig,Darmstadt,2,2,D,1,1,D,16,7,5,3,13,13,8,3,2,2,0,0,1.9,3.6,3.79,2,3.4,3.75,2.2,3.3,3.1,1.95,3.4,3.6,1.99,3.67,4.01,2,3.5,3.4,2,3.6,3.75,33,2.2,1.96,3.67,3.42,4.01,3.69,33,1.92,1.83,2,1.93,17,-0.5,2.01,1.96,1.93,1.89,2.1,3.46,3.85
D2,04/11/17,Regensburg,Greuther Furth,3,2,H,2,1,H,20,7,5,3,10,17,8,6,1,1,0,0,2.37,3.39,2.87,2.3,3.3,3.1,2.3,3.3,2.9,2.25,3.3,3,2.36,3.55,3.12,2.3,3.3,2.9,2.3,3.5,3,33,2.37,2.29,3.56,3.34,3.12,2.96,33,1.86,1.78,2.07,1.99,17,-0.25,2.04,1.97,1.92,1.87,2.38,3.51,3.12
D2,04/11/17,Union Berlin,St Pauli,1,0,H,0,0,D,16,11,3,2,14,13,4,5,1,1,0,0,1.85,3.6,4,1.85,3.6,4.1,1.9,3.45,3.8,1.8,3.4,4.2,1.87,3.66,4.59,1.91,3.4,3.8,1.85,3.6,4.33,33,1.91,1.83,3.66,3.46,4.59,4.17,33,2.01,1.92,1.92,1.85,17,-0.5,1.87,1.84,2.06,2.01,1.84,3.83,4.56
D2,05/11/17,Erzgebirge Aue,Bielefeld,1,1,D,1,0,H,10,19,6,7,10,15,2,10,2,4,0,0,2.2,3.2,3.39,2.2,3.2,3.4,2.2,3.3,3.1,2.25,3.1,3.1,2.35,3.31,3.37,2.2,3.2,3.2,2.3,3.3,3.2,33,2.35,2.26,3.31,3.17,3.4,3.15,32,2.13,2.04,1.82,1.74,17,-0.25,2.04,1.97,1.92,1.87,2.41,3.31,3.24
D2,05/11/17,Fortuna Dusseldorf,Heidenheim,2,2,D,0,0,D,13,13,4,4,15,19,3,4,6,4,1,0,1.6,3.75,5.75,1.65,3.8,5.25,1.65,3.7,4.9,1.67,3.6,5,1.68,3.95,5.65,1.62,3.6,5.5,1.7,3.8,5,32,1.7,1.65,3.95,3.68,5.75,5.07,32,1.93,1.85,2.02,1.92,17,-0.75,1.92,1.87,2.04,1.97,1.82,3.69,4.91
D2,05/11/17,Holstein Kiel,Dresden,3,0,H,1,0,H,19,10,9,6,14,13,5,3,1,1,0,0,1.61,4,5,1.6,4.1,5.25,1.65,3.7,4.9,1.61,3.9,4.8,1.64,4.48,5.21,1.65,3.8,4.75,1.65,4.2,4.8,33,1.65,1.61,4.48,4.03,5.25,4.87,29,1.63,1.57,2.42,2.31,17,-0.75,1.85,1.79,2.11,2.05,1.53,4.81,6.14
D2,06/11/17,Nurnberg,Ingolstadt,1,2,A,1,1,D,10,16,4,6,9,13,2,3,0,0,0,0,3,3.25,2.35,3,3.25,2.4,2.6,3.2,2.6,2.87,3.3,2.3,3.15,3.46,2.39,2.62,3.4,2.5,3,3.4,2.38,33,3.15,2.88,3.46,3.29,2.6,2.36,31,1.86,1.78,2.08,1.99,16,0,2.23,2.12,1.8,1.73,2.97,3.63,2.42
D2,17/11/17,Bielefeld,Braunschweig,2,2,D,1,0,H,20,11,6,5,22,17,10,8,2,2,0,0,2.54,3.29,2.7,2.45,3.3,2.85,2.4,3.3,2.75,2.5,3.2,2.62,2.67,3.39,2.81,2.45,3.3,2.7,2.63,3.3,2.75,35,2.67,2.53,3.45,3.27,2.85,2.72,31,1.96,1.89,1.96,1.88,20,0,1.92,1.87,2.02,1.97,2.67,3.47,2.76
D2,17/11/17,Darmstadt,Sandhausen,1,2,A,0,1,A,5,5,1,3,20,14,5,3,6,2,0,0,2.45,3.25,2.89,2.4,3.1,3.1,2.3,3.3,2.9,2.45,3,2.9,2.55,3.21,3.11,2.4,3,3,2.5,3.25,2.9,35,2.55,2.45,3.3,3.09,3.11,2.96,30,2.45,2.31,1.65,1.58,19,-0.25,2.19,2.12,1.78,1.75,2.87,3.22,2.73
D2,18/11/17,Bochum,Greuther Furth,1,1,D,1,1,D,8,12,3,3,14,24,5,3,1,4,0,0,1.95,3.5,3.75,1.95,3.4,3.9,2,3.3,3.6,1.95,3.3,3.7,1.98,3.61,4.12,1.95,3.5,3.6,2,3.5,3.8,35,2,1.95,3.61,3.42,4.12,3.76,34,2,1.9,1.96,1.87,18,-0.5,2.01,1.95,1.94,1.89,1.96,3.7,4.1
D2,18/11/17,Heidenheim,Union Berlin,4,3,H,1,0,H,20,14,11,9,15,11,8,3,2,2,0,0,3.25,3.29,2.2,3.1,3.3,2.3,2.9,3.3,2.3,3,3.3,2.2,3.17,3.57,2.33,3,3.3,2.25,3.13,3.4,2.3,33,3.25,3.04,3.57,3.34,2.33,2.25,32,1.88,1.81,2.05,1.96,17,0.25,1.92,1.88,2,1.96,3.17,3.48,2.37
D2,18/11/17,Nurnberg,Holstein Kiel,2,2,D,0,0,D,18,10,6,4,12,17,4,6,1,2,0,0,3.25,3.6,2.1,3.2,3.5,2.15,2.9,3.3,2.3,3.1,3.5,2.05,3.38,3.75,2.16,3.1,3.75,2.05,3.25,3.6,2.15,35,3.38,3.15,3.8,3.55,2.3,2.11,29,1.6,1.54,2.5,2.37,18,0.25,2.05,1.99,1.89,1.85,3.33,3.83,2.16
D2,19/11/17,Duisburg,Erzgebirge Aue,3,0,H,0,0,D,18,8,9,2,15,14,5,4,1,3,0,0,2.04,3.29,3.6,2.05,3.3,3.75,2.2,3.3,3.1,2.05,3.2,3.5,2.11,3.39,3.89,2.05,3.25,3.5,2.1,3.3,3.7,34,2.2,2.06,3.39,3.25,3.89,3.55,32,2.19,2.08,1.79,1.71,17,-0.25,1.81,1.78,2.14,2.07,2.19,3.35,3.72
D2,19/11/17,Ingolstadt,Fortuna Dusseldorf,1,0,H,1,0,H,16,10,5,3,21,13,5,7,5,3,0,0,1.75,3.6,4.75,1.75,3.6,4.75,1.8,3.5,4.2,1.73,3.5,4.5,1.77,3.84,5.01,1.75,3.6,4.33,1.75,3.7,4.8,34,1.8,1.74,3.84,3.58,5.01,4.55,33,1.95,1.88,1.96,1.88,17,-0.75,2.02,1.96,1.94,1.88,1.74,3.92,5.16
D2,19/11/17,St Pauli,Regensburg,2,2,D,2,2,D,15,11,5,2,11,26,4,8,2,5,0,0,1.9,3.6,3.79,1.87,3.5,4.2,1.85,3.45,4,1.91,3.4,3.75,1.98,3.57,4.15,1.8,3.5,4.2,1.95,3.6,3.9,34,1.98,1.9,3.6,3.42,4.2,3.88,33,1.96,1.87,1.97,1.89,17,-0.5,1.98,1.93,1.97,1.91,1.91,3.61,4.45
D2,20/11/17,Dresden,Kaiserslautern,1,2,A,1,0,H,16,8,6,4,10,13,3,3,1,1,0,0,1.9,3.39,4,1.95,3.4,3.9,2,3.3,3.6,1.95,3.2,3.9,1.98,3.42,4.38,1.95,3.3,3.8,1.95,3.4,4.1,33,2,1.93,3.42,3.31,4.38,3.93,30,2.15,2.05,1.8,1.73,17,-0.5,1.98,1.93,1.96,1.9,2.07,3.38,4.08
D2,24/11/17,Sandhausen,Heidenheim,1,2,A,1,0,H,22,16,7,3,22,14,6,9,1,1,0,0,2.29,3.25,3.1,2.3,3.2,3.2,2.4,3.2,2.85,2.25,3,3.2,2.34,3.28,3.41,2.3,3.1,3.1,2.3,3.25,3.2,33,2.4,2.29,3.28,3.15,3.41,3.16,26,2.38,2.27,1.65,1.61,19,-0.25,2.03,1.98,1.92,1.87,2.32,3.18,3.57
D2,24/11/17,Union Berlin,Darmstadt,3,3,D,1,0,H,11,9,6,7,17,18,5,2,2,4,0,0,1.5,4.09,6.5,1.55,4.2,5.75,1.65,3.6,5.1,1.5,4,5.75,1.53,4.44,6.79,1.53,4,5.5,1.53,4.3,6,34,1.65,1.52,4.44,4.11,6.79,5.92,30,1.73,1.65,2.31,2.19,19,-1,1.93,1.89,2.02,1.96,1.5,4.65,7.05
D2,25/11/17,Braunschweig,Nurnberg,2,3,A,1,1,D,15,14,7,6,9,13,6,4,2,5,0,0,2.29,3.39,3,2.35,3.3,3,2.5,3.3,2.65,2.3,3.3,2.8,2.44,3.55,3.01,2.4,3.4,2.7,2.4,3.5,2.88,34,2.5,2.35,3.55,3.36,3.01,2.84,31,1.78,1.74,2.17,2.06,17,-0.25,2.12,2.05,1.85,1.8,2.46,3.55,2.98
D2,25/11/17,Holstein Kiel,Ingolstadt,0,0,D,0,0,D,6,17,0,7,13,15,2,9,1,2,0,0,2.04,3.5,3.39,2.15,3.4,3.3,2.2,3.3,3.1,2.15,3.4,3.1,2.17,3.61,3.47,2.15,3.4,3.1,2.1,3.6,3.4,35,2.22,2.11,3.65,3.43,3.47,3.23,32,1.8,1.74,2.15,2.05,17,-0.25,1.91,1.84,2.08,2.02,2.25,3.64,3.28
D2,25/11/17,Regensburg,Duisburg,4,0,H,3,0,H,13,10,6,5,17,11,3,2,2,2,0,0,2.29,3.39,3,2.4,3.3,2.9,2.5,3.1,2.8,2.35,3.3,2.75,2.45,3.5,3.01,2.4,3.4,2.7,2.4,3.5,2.88,35,2.55,2.39,3.55,3.32,3.01,2.81,32,1.8,1.74,2.17,2.05,17,0,1.83,1.77,2.18,2.08,2.56,3.61,2.8
D2,26/11/17,Erzgebirge Aue,Bochum,1,1,D,1,1,D,17,11,7,4,12,16,3,2,1,3,0,0,2.6,3.25,2.7,2.55,3.2,2.85,2.6,3.1,2.7,2.62,3,2.65,2.75,3.28,2.81,2.6,3.1,2.7,2.63,3.3,2.7,34,2.75,2.61,3.3,3.12,2.85,2.7,28,2.28,2.21,1.68,1.63,18,0,1.95,1.9,1.99,1.94,2.9,3.19,2.73
D2,26/11/17,Greuther Furth,St Pauli,4,0,H,2,0,H,18,9,8,4,12,15,3,3,2,5,0,1,2.54,3.39,2.62,2.6,3.2,2.75,2.6,3.2,2.6,2.65,3,2.62,2.77,3.3,2.77,2.6,3.2,2.62,2.63,3.3,2.7,34,2.77,2.62,3.39,3.17,2.77,2.66,31,2.28,2.15,1.72,1.67,18,0,1.97,1.92,1.98,1.92,3.06,3.28,2.55
D2,26/11/17,Kaiserslautern,Bielefeld,0,2,A,0,1,A,7,13,2,5,19,15,8,5,2,1,0,0,2.5,3.29,2.75,2.55,3.2,2.85,2.5,3.2,2.75,2.5,3.1,2.75,2.55,3.37,2.98,2.5,3.1,2.8,2.5,3.3,2.88,34,2.55,2.47,3.37,3.19,2.98,2.8,31,2.21,2.09,1.76,1.71,18,0,1.84,1.8,2.11,2.04,2.69,3.2,2.94
D2,27/11/17,Fortuna Dusseldorf,Dresden,1,3,A,1,3,A,9,13,4,6,14,15,2,2,2,1,0,0,1.9,3.6,3.79,1.87,3.6,4.1,1.8,3.5,4.2,1.91,3.4,3.7,1.98,3.57,4.18,1.8,3.5,4.2,1.95,3.7,3.75,33,1.98,1.89,3.7,3.48,4.2,3.88,29,1.9,1.83,2.01,1.93,15,-0.75,2.27,2.19,1.75,1.7,2.02,3.74,3.81
D2,01/12/17,Bielefeld,St Pauli,5,0,H,1,0,H,15,11,7,2,12,11,4,1,1,1,0,0,2.62,3.2,2.75,2.6,3.2,2.75,2.4,3.3,2.75,2.55,3.1,2.62,2.72,3.3,2.82,2.45,3.1,2.88,2.63,3.25,2.75,34,2.72,2.58,3.37,3.17,2.88,2.72,29,2.1,2.02,1.85,1.77,19,0,1.94,1.89,1.99,1.95,2.85,3.31,2.69
D2,01/12/17,Heidenheim,Kaiserslautern,3,2,H,0,0,D,14,15,6,5,12,21,5,7,2,3,0,1,2,3.39,3.75,1.91,3.4,4.1,2,3.3,3.6,2,3.2,3.7,2.04,3.46,4.07,2,3.3,3.6,2.05,3.4,3.8,33,2.05,1.99,3.46,3.3,4.23,3.81,28,2.17,2.06,1.8,1.73,18,-0.5,2.04,2,1.89,1.85,2.09,3.39,3.96
D2,02/12/17,Duisburg,Greuther Furth,2,0,H,2,0,H,9,19,6,5,11,10,5,1,2,3,0,0,2.1,3.5,3.29,2.1,3.3,3.5,2.1,3.3,3.3,2.05,3.3,3.3,2.13,3.6,3.61,2.1,3.4,3.25,2.1,3.5,3.5,34,2.2,2.08,3.6,3.37,3.61,3.35,30,1.94,1.86,2,1.91,17,-0.25,1.84,1.81,2.11,2.05,2.16,3.52,3.58
D2,02/12/17,Holstein Kiel,Fortuna Dusseldorf,2,2,D,0,1,A,21,12,8,9,16,15,5,1,1,2,0,0,1.7,3.6,5,1.75,3.9,4.33,1.8,3.5,4.2,1.73,3.6,4.33,1.75,4.09,4.76,1.75,3.6,4.33,1.75,3.9,4.5,34,1.8,1.72,4.09,3.72,5,4.45,28,1.79,1.72,2.2,2.08,17,-0.75,2,1.95,1.95,1.9,1.75,4.04,4.83
D2,02/12/17,Nurnberg,Sandhausen,1,0,H,0,0,D,22,11,9,2,17,16,7,1,2,3,0,0,2,3.29,3.79,1.95,3.5,3.8,1.9,3.45,3.8,1.95,3.3,3.6,2.02,3.65,3.91,2,3.4,3.5,2,3.5,3.8,34,2.02,1.97,3.65,3.4,3.91,3.65,29,1.92,1.85,2.01,1.92,17,-0.5,2.03,1.99,1.91,1.87,2.04,3.68,3.8
D2,03/12/17,Bochum,Union Berlin,2,1,H,1,1,D,20,9,9,2,16,14,5,0,2,2,0,0,2.62,3.39,2.54,2.7,3.3,2.6,2.65,3.3,2.5,2.6,3.3,2.5,2.71,3.57,2.66,2.6,3.4,2.5,2.7,3.4,2.6,31,2.75,2.63,3.57,3.33,2.66,2.54,26,1.82,1.75,2.13,2.04,18,0,2.02,1.96,1.94,1.88,2.68,3.58,2.69
D2,03/12/17,Darmstadt,Regensburg,0,1,A,0,0,D,9,12,3,5,20,16,2,5,2,1,0,0,2.2,3.5,3.1,2.25,3.3,3.2,2,3.3,3.6,2.2,3.4,2.9,2.3,3.71,3.13,2.1,3.6,3.1,2.25,3.5,3.13,32,2.3,2.2,3.71,3.43,3.6,3.04,25,1.73,1.67,2.21,2.13,17,-0.25,2,1.94,1.97,1.9,2.38,3.64,3.02
D2,03/12/17,Dresden,Erzgebirge Aue,4,0,H,2,0,H,12,7,8,1,11,9,9,3,2,2,0,0,2,3.29,3.79,2.1,3.3,3.6,2.1,3.3,3.3,2.05,3.2,3.6,2.09,3.4,3.95,2,3.3,3.6,2.1,3.3,3.75,33,2.1,2.03,3.4,3.26,3.95,3.63,29,2.2,2.07,1.77,1.72,17,-0.5,2.09,2.04,1.85,1.82,2.16,3.4,3.72
D2,04/12/17,Ingolstadt,Braunschweig,0,2,A,0,0,D,28,7,3,3,12,13,7,2,2,4,0,0,1.57,3.79,6,1.57,3.75,6.5,1.7,3.7,4.5,1.57,3.8,5.5,1.6,4.21,6.11,1.57,3.8,5.5,1.57,4.2,5.75,33,1.7,1.57,4.21,3.91,6.5,5.55,28,1.88,1.8,2.06,1.97,17,-1,2.12,2.01,1.9,1.83,1.54,4.31,7.02
D2,08/12/17,Braunschweig,Holstein Kiel,0,0,D,0,0,D,5,14,2,3,10,17,3,7,1,3,0,0,3.39,3.39,2.1,3.4,3.4,2.1,3.1,3.3,2.2,3.1,3.4,2.1,3.49,3.67,2.14,3.25,3.5,2.05,3.3,3.6,2.15,37,3.5,3.31,3.67,3.44,2.2,2.11,31,1.81,1.75,2.13,2.04,22,0.25,2.06,1.99,1.9,1.84,3.72,3.7,2.06
D2,08/12/17,Erzgebirge Aue,Darmstadt,1,0,H,1,0,H,15,13,5,3,19,15,8,5,0,4,0,0,2.37,3.25,3,2.45,3.2,2.95,2.4,3.15,2.9,2.37,3,2.9,2.45,3.32,3.16,2.3,3.2,3,2.45,3.3,3,37,2.47,2.4,3.32,3.17,3.16,2.98,32,2.28,2.15,1.73,1.68,21,-0.25,2.13,2.07,1.83,1.78,2.47,3.3,3.15
D2,09/12/17,Greuther Furth,Heidenheim,1,0,H,1,0,H,15,12,8,4,14,13,5,8,3,3,0,0,2.29,3.39,3,2.4,3.3,2.9,2.6,3.2,2.6,2.35,3.2,2.8,2.46,3.5,3,2.45,3.25,2.75,2.45,3.4,2.9,36,2.6,2.38,3.5,3.28,3.03,2.88,31,2,1.9,1.96,1.88,22,-0.25,2.13,2.06,1.83,1.78,2.43,3.34,3.17
D2,09/12/17,Regensburg,Bochum,0,1,A,0,1,A,23,8,5,5,13,18,8,0,1,3,0,0,2.29,3.39,3,2.25,3.4,3.1,2.3,3.1,3.1,2.3,3.3,2.87,2.35,3.66,3.06,2.25,3.4,2.9,2.38,3.5,2.9,37,2.39,2.29,3.66,3.4,3.1,2.93,30,1.8,1.74,2.16,2.06,22,-0.25,2.08,1.99,1.9,1.83,2.51,3.58,2.89
D2,09/12/17,Union Berlin,Dresden,0,1,A,0,0,D,15,15,2,2,14,12,7,8,1,2,0,0,1.85,3.6,4,1.83,3.5,4.33,2,3.3,3.6,1.86,3.5,3.7,1.93,3.84,4.05,1.8,3.6,4,1.91,3.7,3.9,37,2,1.87,3.84,3.59,4.33,3.86,30,1.75,1.68,2.26,2.15,21,-0.5,1.93,1.88,2.01,1.95,1.9,3.89,4.12
D2,10/12/17,Kaiserslautern,Ingolstadt,1,1,D,1,0,H,3,19,2,5,21,10,2,11,4,2,1,0,5,3.6,1.7,5,3.6,1.72,3.8,3.45,1.9,4.8,3.4,1.72,5.42,3.73,1.75,4.5,3.5,1.75,4.8,3.7,1.75,36,5.42,4.79,3.73,3.5,1.9,1.73,30,2.25,2.12,1.78,1.69,21,0.75,1.92,1.86,2.05,1.96,5.5,3.65,1.76
D2,10/12/17,Sandhausen,Bielefeld,3,1,H,1,0,H,10,17,6,6,19,21,7,6,1,2,0,0,2.25,3.25,3.2,2.25,3.2,3.3,2.5,3.3,2.65,2.25,3.1,3.1,2.28,3.39,3.43,2.3,3.2,3,2.3,3.3,3.2,36,2.5,2.25,3.39,3.21,3.43,3.15,29,2.15,2.05,1.29,1.26,21,-0.25,2.01,1.94,1.8,1.74,2.42,3.35,3.18
D2,10/12/17,St Pauli,Duisburg,2,2,D,0,1,A,12,15,3,5,17,18,1,4,4,4,1,0,2.25,3.25,3.2,2.3,3.2,3.2,2.3,3.3,2.9,2.25,3.2,3,2.38,3.31,3.3,2.2,3.2,3.2,2.3,3.3,3.13,36,2.38,2.27,3.33,3.19,3.3,3.12,30,2.1,2.02,1.85,1.76,21,-0.25,2.05,1.97,1.91,1.85,2.11,3.39,3.88
D2,11/12/17,Fortuna Dusseldorf,Nurnberg,0,2,A,0,0,D,14,17,4,7,14,22,5,5,1,5,0,0,2.25,3.39,3.1,2.25,3.4,3.1,2.6,3.2,2.6,2.3,3.3,2.87,2.39,3.57,3.07,2.2,3.3,3.1,2.38,3.5,2.9,35,2.6,2.3,3.57,3.34,3.1,2.92,27,1.81,1.74,2.16,2.03,21,-0.25,2.09,2.02,1.85,1.8,2.53,3.45,2.94
D2,15/12/17,Braunschweig,Fortuna Dusseldorf,0,1,A,0,1,A,19,9,6,3,15,10,3,3,2,4,0,0,2.37,3.25,3,2.4,3.2,3,2.3,3.2,3,2.37,3.1,2.9,2.49,3.31,3.11,2.3,3.2,3,2.45,3.3,3,34,2.51,2.38,3.31,3.18,3.15,2.99,32,2.18,2.09,1.8,1.72,17,-0.25,2.13,2.09,1.82,1.79,2.67,3.22,2.95
D2,15/12/17,Union Berlin,Ingolstadt,1,2,A,0,0,D,14,11,4,3,15,11,8,5,2,2,0,0,3.1,3.5,2.2,3.1,3.3,2.3,2.6,3.2,2.6,3,3.2,2.25,3.24,3.43,2.35,3,3.3,2.25,3.13,3.5,2.25,34,3.24,3.02,3.5,3.29,2.6,2.3,33,2.02,1.94,1.91,1.83,19,0.25,1.92,1.86,2.1,1.97,3.36,3.5,2.26
D2,16/12/17,Erzgebirge Aue,Heidenheim,1,1,D,1,0,H,7,16,1,3,6,16,2,8,1,4,0,0,2.45,3.29,2.79,2.4,3.3,2.95,2.4,3.2,2.85,2.45,3,2.87,2.56,3.21,3.09,2.5,3.1,2.8,2.45,3.3,3,33,2.56,2.44,3.3,3.12,3.1,2.93,26,2.27,2.2,1.68,1.64,18,-0.25,2.17,2.1,1.8,1.75,2.67,3.25,2.91
D2,16/12/17,Kaiserslautern,Nurnberg,1,1,D,0,1,A,7,14,1,6,17,14,4,7,2,1,0,0,3.39,3.5,2.04,3.4,3.4,2.1,3.6,3.3,2,3.4,3.3,2.05,3.78,3.58,2.08,3.3,3.3,2.1,3.5,3.5,2.1,33,3.78,3.49,3.61,3.38,2.1,2.05,32,2,1.9,1.96,1.87,18,0.5,1.85,1.8,2.11,2.05,4.15,3.55,1.99
D2,16/12/17,Regensburg,Bielefeld,3,2,H,2,1,H,15,14,6,6,12,11,4,3,2,2,0,0,2.29,3.29,3.1,2.3,3.4,3,2.3,3.2,3,2.2,3.4,2.9,2.35,3.59,3.11,2.25,3.5,2.88,2.3,3.5,3,34,2.42,2.27,3.59,3.39,3.11,2.94,32,1.82,1.74,2.13,2.05,19,-0.25,2.04,1.99,1.91,1.85,2.31,3.71,3.1
D2,17/12/17,Duisburg,Dresden,2,0,H,1,0,H,13,10,5,2,12,9,7,4,2,3,0,0,2.25,3.39,3.1,2.25,3.4,3.1,2.6,3.2,2.6,2.25,3.3,2.9,2.38,3.53,3.1,2.25,3.3,3,2.3,3.4,3.13,33,2.6,2.28,3.53,3.33,3.13,2.97,32,1.88,1.8,2.07,1.97,18,-0.25,2.05,1.97,1.93,1.86,2.64,3.55,2.74
D2,17/12/17,Greuther Furth,Darmstadt,1,1,D,1,0,H,10,18,1,7,15,22,5,6,3,4,0,0,2.2,3.29,3.29,2.3,3.3,3.1,2.3,3.2,3,2.2,3.2,3.1,2.31,3.36,3.42,2.3,3.2,3,2.3,3.3,3.25,33,2.37,2.24,3.36,3.23,3.42,3.14,32,2.07,1.99,1.88,1.79,18,-0.25,1.98,1.92,1.96,1.91,2.24,3.28,3.64
D2,17/12/17,Sandhausen,Holstein Kiel,3,1,H,0,0,D,11,16,5,5,19,21,5,13,4,5,1,1,3.39,3.2,2.2,3.3,3.3,2.2,3.2,3.1,2.25,3.3,3.1,2.15,3.6,3.36,2.22,3.2,3.2,2.2,3.4,3.4,2.15,33,3.6,3.31,3.4,3.22,2.25,2.16,31,2.17,2.08,1.76,1.72,18,0.25,2.06,1.98,1.9,1.85,3.46,3.47,2.23
D2,18/12/17,St Pauli,Bochum,2,1,H,1,0,H,11,15,7,4,11,11,6,9,2,4,0,1,2.2,3.39,3.2,2.35,3.3,3,2.3,3.1,3.1,2.3,3.1,3,2.47,3.32,3.13,2.3,3.1,3.1,2.38,3.4,3,33,2.47,2.31,3.4,3.19,3.2,3.02,28,2.17,2.05,1.81,1.73,18,-0.25,2.1,2,1.9,1.83,2.78,3.27,2.78
D2,23/01/18,Bochum,Duisburg,0,2,A,0,2,A,13,14,4,6,15,12,7,2,2,1,0,0,2.25,3.39,3.1,2.15,3.4,3.3,2.2,3.1,3.3,2.25,3.2,3.1,2.33,3.39,3.28,2.2,3.3,3.1,2.3,3.4,3.13,36,2.35,2.23,3.4,3.29,3.45,3.15,35,2.08,1.98,1.9,1.8,18,-0.5,2.36,2.25,1.71,1.66,2.5,3.36,3.01
D2,23/01/18,Holstein Kiel,Union Berlin,2,2,D,2,1,H,8,13,5,8,12,18,8,6,2,2,1,0,1.95,3.6,3.6,2,3.5,3.6,2,3.3,3.6,2,3.5,3.4,2.1,3.7,3.52,1.91,3.6,3.6,2.05,3.7,3.4,35,2.1,1.99,3.7,3.53,3.8,3.52,32,1.75,1.67,2.28,2.16,19,-0.5,2.1,2,1.88,1.83,2.05,3.74,3.65
D2,23/01/18,Ingolstadt,Sandhausen,0,0,D,0,0,D,13,6,3,4,14,14,3,0,1,2,0,0,1.53,3.79,6.5,1.55,3.9,6.25,1.7,3.6,4.7,1.53,3.7,6.5,1.57,4.04,6.89,1.57,3.6,6,1.55,4,6.5,36,1.7,1.55,4.04,3.8,6.89,6.15,34,2.15,2.03,1.83,1.76,20,-1,2.05,1.98,1.91,1.84,1.64,3.81,6.37
D2,23/01/18,Nurnberg,Regensburg,2,2,D,1,2,A,10,15,6,4,11,16,3,5,0,4,0,0,1.75,3.75,4.5,1.8,3.75,4.2,1.75,3.5,4.5,1.75,3.7,4,1.8,4.03,4.43,1.8,3.8,3.8,1.8,4,4.1,36,1.83,1.79,4.03,3.76,4.5,4.11,30,1.64,1.57,2.43,2.31,19,-0.75,2.09,2,1.88,1.82,1.82,4.08,4.25
D2,24/01/18,Bielefeld,Greuther Furth,0,0,D,0,0,D,21,8,7,0,13,10,7,1,2,1,0,0,2.04,3.29,3.6,2.1,3.4,3.5,2.1,3.3,3.3,2.1,3.25,3.3,2.15,3.46,3.62,2.1,3.4,3.25,2.15,3.4,3.4,35,2.2,2.11,3.46,3.33,3.62,3.36,34,2.02,1.93,1.94,1.85,18,-0.25,1.89,1.83,2.05,1.99,2.08,3.59,3.7
D2,24/01/18,Fortuna Dusseldorf,Erzgebirge Aue,2,1,H,1,0,H,17,9,6,4,13,18,5,4,2,2,0,0,1.85,3.5,4.2,1.85,3.5,4.2,1.8,3.5,4.2,1.87,3.25,4.2,1.89,3.56,4.53,1.73,3.5,4.6,1.9,3.5,4.2,35,1.94,1.85,3.56,3.4,4.7,4.18,33,2.17,2.1,1.78,1.7,17,-0.5,1.95,1.87,2.01,1.95,1.65,3.97,5.87
D2,24/01/18,Heidenheim,Braunschweig,2,0,H,0,0,D,13,15,3,4,16,24,8,4,2,5,0,0,2.37,3.1,3.1,2.45,3.2,2.95,2.5,3.2,2.75,2.35,3.1,2.9,2.44,3.37,3.09,2.45,3.1,2.88,2.45,3.2,3,35,2.5,2.39,3.37,3.16,3.1,2.96,32,2.18,2.06,1.79,1.73,18,-0.25,2.09,2.04,1.85,1.78,2.48,3.27,3.11
D2,25/01/18,Dresden,St Pauli,1,3,A,0,1,A,26,12,7,7,16,10,14,2,3,1,0,0,2.14,3.25,3.39,2.2,3.25,3.4,2.2,3.2,3.2,2.15,3.1,3.3,2.21,3.4,3.52,2.15,3.25,3.25,2.2,3.3,3.4,35,2.27,2.16,3.4,3.24,3.52,3.31,31,2.12,2.04,1.81,1.75,18,-0.25,1.92,1.86,2.03,1.95,2.3,3.47,3.25
D2,26/01/18,Regensburg,Ingolstadt,3,2,H,0,2,A,14,11,5,5,15,22,5,2,3,2,0,0,3.6,3.5,2,3.4,3.3,2.15,3.1,3.3,2.2,3.3,3.3,2.05,3.63,3.51,2.13,3.3,3.5,2.05,3.5,3.5,2.1,37,3.63,3.39,3.52,3.38,2.2,2.1,36,1.93,1.86,1.99,1.91,19,0.25,2.09,2.02,1.85,1.8,3.57,3.43,2.18
D2,26/01/18,Union Berlin,Nurnberg,0,1,A,0,1,A,11,12,3,5,11,13,6,6,2,1,2,1,2.14,3.5,3.2,2.15,3.5,3.2,2.2,3.3,3.1,2.1,3.5,3.1,2.16,3.7,3.38,2.1,3.6,3.1,2.1,3.75,3.2,36,2.27,2.13,3.78,3.54,3.38,3.16,34,1.71,1.64,2.31,2.21,20,-0.25,1.92,1.86,2.05,1.96,2.13,3.71,3.44
D2,27/01/18,Duisburg,Heidenheim,3,3,D,1,3,A,20,10,5,3,14,23,2,4,2,3,0,0,2.14,3.29,3.39,2.05,3.3,3.7,2.3,3.2,3,2.05,3.25,3.4,2.15,3.5,3.57,2.1,3.3,3.3,2.1,3.4,3.6,35,2.3,2.1,3.5,3.35,3.7,3.41,34,1.97,1.9,1.94,1.87,19,-0.25,1.85,1.8,2.09,2.02,2.15,3.48,3.61
D2,27/01/18,Greuther Furth,Holstein Kiel,0,0,D,0,0,D,12,8,5,2,17,17,0,5,3,4,0,0,3.6,3.5,2,3.7,3.5,2,3.2,3.2,2.2,3.5,3.4,2,3.55,3.73,2.08,3.6,3.6,1.91,3.5,3.6,2.05,36,3.7,3.52,3.73,3.48,2.2,2,33,1.84,1.78,2.07,2,17,0.5,1.88,1.82,2.08,2,3.49,3.71,2.11
D2,27/01/18,Kaiserslautern,Fortuna Dusseldorf,1,3,A,0,0,D,8,23,2,9,21,15,2,7,4,1,1,0,3.39,3.1,2.25,3.3,3.1,2.3,2.9,3.3,2.3,3.25,3,2.25,3.51,3.11,2.36,3.3,3.1,2.2,3.3,3.2,2.3,36,3.51,3.28,3.3,3.08,2.36,2.27,31,2.47,2.36,1.62,1.56,18,0.25,1.92,1.86,2.02,1.95,3.42,3.21,2.35
D2,28/01/18,Erzgebirge Aue,Braunschweig,1,3,A,1,2,A,17,18,6,3,17,15,10,2,3,3,0,0,2.7,3.2,2.6,2.75,3.1,2.7,2.6,3.2,2.6,2.7,3,2.62,2.85,3.05,2.85,2.75,3,2.62,2.8,3.2,2.63,36,2.85,2.71,3.3,3.05,2.85,2.67,30,2.46,2.36,1.58,1.55,15,0,2.01,1.93,1.95,1.89,2.94,3.14,2.69
D2,28/01/18,Sandhausen,Dresden,1,0,H,0,0,D,14,6,3,2,11,21,3,2,2,5,0,1,2.37,3.29,2.89,2.4,3.3,2.95,2.4,3.3,2.75,,,,2.42,3.3,3.19,2.3,3.1,3.1,2.4,3.3,3,35,2.42,2.35,3.4,3.21,3.2,2.99,32,2.2,2.09,1.77,1.71,17,-0.25,2.08,2.03,1.85,1.8,2.51,3.37,2.99
D2,28/01/18,St Pauli,Darmstadt,0,1,A,0,1,A,14,7,8,2,11,17,6,4,1,2,0,0,2,3.29,3.79,2.1,3.3,3.5,2.1,3.3,3.3,2,3.2,3.6,2.07,3.3,4.07,2.05,3.25,3.5,2.05,3.4,3.75,36,2.12,2.02,3.4,3.28,4.07,3.66,34,2.14,2.05,1.79,1.74,16,-0.5,2.06,2.01,1.87,1.81,2.2,3.28,3.71
D2,29/01/18,Bochum,Bielefeld,0,1,A,0,0,D,14,11,3,5,12,11,6,5,1,0,0,0,2.29,3.25,3.1,2.25,3.4,3.1,2.2,3.3,3.1,2.25,3.3,3,2.3,3.59,3.16,2.25,3.3,3,2.3,3.4,3.13,36,2.33,2.24,3.59,3.35,3.2,3.06,33,1.92,1.84,2.05,1.94,17,-0.25,2.02,1.95,1.92,1.86,2.35,3.46,3.16
D2,02/02/18,Fortuna Dusseldorf,Sandhausen,1,0,H,1,0,H,7,10,2,4,15,21,3,7,2,1,0,0,2.04,3.25,3.39,2,3.25,4,2,3.3,3.6,2,3.1,3.8,2.09,3.33,3.97,2,3.2,3.75,2.05,3.3,3.9,38,2.1,2.03,3.33,3.2,4.11,3.79,35,2.41,2.32,1.63,1.58,19,-0.5,2.09,2.02,1.86,1.81,2.03,3.38,4.15
D2,02/02/18,Nurnberg,Erzgebirge Aue,4,1,H,1,0,H,11,6,7,1,8,10,4,4,0,0,0,0,1.57,3.89,6,1.62,3.8,5.5,1.6,3.7,5.4,1.57,3.75,5.5,1.61,4.13,6.24,1.62,3.8,5,1.6,4,5.75,38,1.62,1.58,4.13,3.88,6.4,5.63,37,1.92,1.84,2,1.94,20,-1,2.07,2.02,1.87,1.81,1.73,3.92,5.22
D2,03/02/18,Heidenheim,St Pauli,3,1,H,2,1,H,11,19,6,4,10,12,3,4,0,2,0,0,2.29,3.39,3,2.35,3.3,3,2.4,3.2,2.85,2.3,3.2,2.9,2.41,3.39,3.12,2.38,3.2,2.88,2.38,3.4,3,37,2.41,2.33,3.4,3.26,3.12,2.97,36,2.05,1.97,1.86,1.81,18,-0.25,2.09,2.03,1.86,1.8,2.45,3.53,2.95
D2,03/02/18,Holstein Kiel,Regensburg,1,1,D,1,1,D,7,21,3,7,15,19,3,5,4,2,0,0,1.66,3.79,5,1.72,3.7,4.75,1.9,3.45,3.8,1.7,3.75,4.4,1.72,4.12,4.83,1.73,3.8,4.2,1.73,3.9,4.6,38,1.9,1.71,4.13,3.82,5,4.48,32,1.62,1.58,2.43,2.32,18,-0.75,1.95,1.9,2,1.92,1.72,4.06,4.9
D2,03/02/18,Ingolstadt,Greuther Furth,3,0,H,1,0,H,22,14,10,1,13,15,4,5,1,0,0,0,1.61,3.6,6,1.57,3.9,6,1.7,3.6,4.7,1.57,3.75,5.75,1.59,3.94,6.76,1.62,3.6,5.5,1.6,3.9,6,37,1.7,1.58,4.05,3.8,6.76,5.73,36,1.95,1.88,1.97,1.9,19,-1,2.14,1.99,1.89,1.83,1.61,4.03,6.18
D2,04/02/18,Braunschweig,Kaiserslautern,1,2,A,0,2,A,26,10,7,3,10,8,3,6,2,2,0,0,1.83,3.5,4.33,1.8,3.5,4.5,1.8,3.5,4.2,1.83,3.25,4.33,1.85,3.52,4.86,1.85,3.25,4.33,1.85,3.5,4.5,35,1.9,1.82,3.6,3.39,4.86,4.37,31,2.25,2.16,1.72,1.67,16,-0.5,1.89,1.83,2.07,2,1.83,3.62,4.81
D2,04/02/18,Darmstadt,Duisburg,1,2,A,1,1,D,11,11,5,5,15,13,5,6,3,1,0,0,2.39,3.39,2.79,2.5,3.2,2.9,2.5,3.2,2.75,2.5,3.1,2.7,2.6,3.33,2.9,2.5,3.1,2.8,2.5,3.4,2.8,37,2.6,2.47,3.4,3.21,3,2.81,36,2.09,2.02,1.84,1.77,17,-0.25,2.23,2.14,1.76,1.71,2.57,3.38,2.89
D2,04/02/18,Dresden,Bochum,2,0,H,1,0,H,17,17,5,1,9,16,4,2,3,1,0,0,2.2,3.39,3.2,2.2,3.4,3.25,2.3,3.2,3,2.15,3.25,3.1,2.29,3.38,3.37,2.2,3.3,3.1,2.2,3.4,3.3,37,2.3,2.19,3.41,3.3,3.37,3.19,36,1.93,1.85,2.01,1.92,18,-0.25,1.96,1.9,1.99,1.92,2.5,3.49,2.91
D2,05/02/18,Bielefeld,Union Berlin,1,1,D,0,1,A,18,11,3,5,13,12,6,1,1,0,0,0,2.5,3.39,2.7,2.45,3.3,2.85,2.5,3.2,2.75,2.4,3.3,2.7,2.52,3.48,2.89,2.4,3.4,2.7,2.45,3.5,2.8,36,2.62,2.44,3.55,3.32,2.89,2.76,33,1.81,1.78,2.11,2.01,17,-0.25,2.2,2.11,1.78,1.73,2.59,3.58,2.74
D2,09/02/18,Bochum,Darmstadt,2,1,H,0,0,D,14,17,4,2,14,10,10,5,2,1,0,0,2.14,3.39,3.29,2.2,3.4,3.1,2.4,3.2,2.85,2.1,3.2,3.4,2.15,3.46,3.64,2.15,3.25,3.25,2.15,3.4,3.4,39,2.4,2.14,3.46,3.31,3.64,3.34,37,2.11,2.03,1.83,1.76,20,-0.25,1.89,1.84,2.07,1.99,2.02,3.52,3.98
D2,09/02/18,Kaiserslautern,Holstein Kiel,3,1,H,2,1,H,14,17,6,4,12,18,3,3,1,3,0,0,3.5,3.6,2,3.5,3.5,2,3.1,3.3,2.2,3.4,3.25,2.05,3.7,3.56,2.11,3.5,3.4,2,3.5,3.6,2.05,39,3.8,3.48,3.6,3.4,2.2,2.05,37,2.03,1.96,1.89,1.82,19,0.5,1.83,1.78,2.11,2.06,3.99,3.63,1.98
D2,10/02/18,Duisburg,Bielefeld,2,2,D,0,1,A,11,11,6,5,10,18,6,3,2,2,0,0,2.25,3.29,3.2,2.25,3.3,3.1,2.2,3.3,3.1,2.2,3.3,3,2.27,3.59,3.23,2.2,3.3,3.1,2.3,3.4,3.13,38,2.34,2.24,3.59,3.33,3.23,3.09,36,1.9,1.82,2.06,1.97,19,-0.25,2,1.93,1.93,1.88,2.29,3.51,3.25
D2,10/02/18,Regensburg,Heidenheim,2,0,H,1,0,H,31,8,10,3,12,17,8,2,1,3,0,1,2,3.39,3.75,2,3.6,3.4,2.3,3.3,2.9,2.05,3.4,3.2,2.12,3.7,3.49,2.05,3.5,3.25,2.1,3.6,3.4,37,2.3,2.07,3.7,3.5,3.75,3.34,31,1.74,1.69,2.22,2.12,18,-0.25,1.85,1.81,2.08,2.02,2.08,3.75,3.55
D2,10/02/18,Union Berlin,Fortuna Dusseldorf,3,1,H,0,1,A,26,4,7,1,13,20,9,2,3,3,0,0,2.14,3.39,3.25,2.15,3.4,3.25,2.5,3.2,2.75,2.1,3.3,3.25,2.12,3.59,3.56,2.1,3.4,3.25,2.15,3.5,3.4,38,2.5,2.13,3.59,3.39,3.56,3.28,36,1.9,1.84,2.02,1.94,19,-0.25,1.87,1.82,2.06,2.01,2.04,3.58,3.85
D2,11/02/18,Erzgebirge Aue,Ingolstadt,0,0,D,0,0,D,5,18,3,5,17,11,2,9,1,2,0,0,4.33,3.39,1.85,4.25,3.4,1.85,3.6,3.3,2,4.25,3.25,1.83,4.66,3.58,1.87,4,3.25,1.91,4.5,3.4,1.87,38,4.66,4.19,3.59,3.39,2,1.86,35,2.28,2.13,1.74,1.68,18,0.5,2.06,1.99,1.89,1.84,4.73,3.66,1.83
D2,11/02/18,Greuther Furth,Dresden,1,0,H,1,0,H,14,20,7,5,21,17,8,9,1,3,0,0,2.5,3.2,2.79,2.45,3.25,2.85,2.5,3.2,2.75,2.45,3.2,2.75,2.54,3.38,2.93,2.45,3.3,2.7,2.5,3.3,2.88,38,2.55,2.46,3.45,3.25,2.93,2.8,36,1.98,1.91,1.96,1.87,18,-0.25,2.19,2.11,1.78,1.72,2.82,3.34,2.66
D2,11/02/18,Sandhausen,Braunschweig,0,0,D,0,0,D,9,10,1,2,11,18,2,6,1,4,0,0,2.2,3.25,3.29,2.15,3.2,3.4,2.2,3.2,3.2,2.3,3,3.2,2.35,3.21,3.42,2.25,3.1,3.2,2.3,3.25,3.2,38,2.35,2.26,3.26,3.11,3.42,3.23,34,2.5,2.35,1.6,1.55,19,-0.25,2.03,1.96,1.92,1.86,2.54,3.16,3.12
D2,12/02/18,St Pauli,Nurnberg,0,0,D,0,0,D,16,10,6,4,7,13,5,7,1,3,0,0,2.75,3.25,2.54,2.75,3.3,2.45,2.9,3.3,2.3,2.62,3.25,2.5,2.75,3.55,2.6,2.7,3.4,2.4,2.7,3.5,2.55,34,2.9,2.7,3.55,3.35,2.6,2.47,31,1.91,1.81,2.05,1.97,15,0.25,1.74,1.69,2.27,2.16,2.52,3.38,2.96
D2,16/02/18,Heidenheim,Bochum,1,0,H,1,0,H,10,17,2,7,22,10,2,9,2,3,0,0,2.45,3.25,2.87,2.5,3.2,2.9,2.4,3.2,2.85,2.45,3.1,2.75,2.61,3.3,2.9,2.45,3.1,2.88,2.5,3.3,2.88,35,2.61,2.48,3.33,3.2,3,2.84,33,2.16,2.06,1.81,1.74,17,-0.25,2.23,2.15,1.77,1.71,2.75,3.32,2.74
D2,16/02/18,Kaiserslautern,Sandhausen,0,1,A,0,0,D,11,13,1,5,9,14,7,6,0,1,0,0,2.5,3,3,2.6,2.95,2.95,2.4,3.2,2.85,2.5,2.87,2.9,2.79,3.07,2.9,2.5,3,2.88,2.7,3,2.9,35,2.79,2.61,3.2,2.95,3.09,2.89,31,2.8,2.64,1.52,1.45,17,-0.25,2.35,2.23,1.77,1.66,2.82,3.01,2.91
D2,17/02/18,Bielefeld,Darmstadt,2,0,H,1,0,H,14,13,4,6,9,11,4,7,3,3,0,0,1.95,3.5,3.75,1.95,3.5,3.8,2.2,3.3,3.1,1.95,3.25,3.7,2.01,3.55,3.98,2,3.3,3.6,2,3.5,3.8,37,2.2,1.98,3.55,3.37,3.98,3.68,35,2.1,2,1.87,1.79,17,-0.5,2.04,1.97,1.9,1.85,1.97,3.55,4.14
D2,17/02/18,Fortuna Dusseldorf,Greuther Furth,1,1,D,0,1,A,12,14,7,4,14,28,11,2,2,4,0,0,1.8,3.6,4.33,1.78,3.6,4.6,1.75,3.5,4.5,1.8,3.4,4.33,1.83,3.63,4.83,1.8,3.5,4.2,1.83,3.6,4.5,37,1.87,1.8,3.63,3.49,4.9,4.38,35,2.1,2,1.85,1.79,17,-0.75,2.14,2.07,1.82,1.77,2.02,3.44,4.12
D2,17/02/18,Holstein Kiel,Erzgebirge Aue,2,2,D,2,2,D,13,13,6,7,9,12,7,7,1,2,0,0,1.57,3.79,6,1.6,3.75,6,1.6,3.7,5.4,1.57,3.75,5.5,1.6,4.07,6.34,1.62,3.6,5.5,1.6,4,5.75,37,1.64,1.58,4.1,3.81,6.34,5.56,35,1.95,1.86,2,1.92,19,-1,2.11,2.03,1.85,1.79,1.56,4.37,6.14
D2,17/02/18,Ingolstadt,St Pauli,0,1,A,0,1,A,18,5,3,3,19,16,11,2,2,2,0,0,1.61,3.75,5.5,1.62,3.75,5.75,1.65,3.6,5.1,1.61,3.6,5.2,1.65,3.92,5.91,1.65,3.75,4.8,1.65,3.9,5.5,37,1.68,1.62,3.96,3.74,5.91,5.28,35,2,1.93,1.91,1.85,18,-0.75,1.85,1.8,2.09,2.02,1.72,3.83,5.34
D2,18/02/18,Braunschweig,Union Berlin,1,0,H,1,0,H,13,13,8,6,8,13,8,5,0,2,0,0,2.54,3.39,2.62,2.55,3.4,2.7,2.5,3.3,2.65,2.55,3.2,2.6,2.69,3.39,2.75,2.6,3.25,2.6,2.6,3.4,2.7,35,2.69,2.56,3.4,3.28,2.75,2.64,34,1.98,1.89,1.95,1.89,17,-0.25,2.32,2.21,1.71,1.66,2.97,3.31,2.56
D2,18/02/18,Dresden,Regensburg,1,0,H,0,0,D,9,13,1,5,16,21,2,6,1,4,0,0,2.2,3.6,3,2.35,3.4,2.95,2.3,3.3,2.9,2.35,3.3,2.8,2.44,3.55,2.95,2.4,3.4,2.7,2.4,3.6,2.8,36,2.5,2.35,3.6,3.36,3.1,2.85,34,1.8,1.75,2.12,2.04,18,-0.25,2.12,2.05,1.83,1.78,2.42,3.71,2.88
D2,18/02/18,Nurnberg,Duisburg,3,1,H,2,1,H,10,13,5,3,10,10,6,5,1,1,0,0,2,3.6,3.5,2.05,3.5,3.5,1.9,3.45,3.8,2,3.4,3.4,2.1,3.63,3.6,1.91,3.6,3.6,2.05,3.6,3.5,36,2.12,2.02,3.63,3.46,3.8,3.46,35,1.88,1.78,2.1,2.01,18,-0.25,1.84,1.78,2.15,2.05,1.94,3.74,4.04
D2,21/02/18,Darmstadt,Kaiserslautern,1,2,A,0,1,A,18,12,7,3,14,8,8,3,1,1,0,0,2.37,3.39,2.89,2.35,3.2,3.1,2.4,3.3,2.75,2.25,3,3.1,2.35,3.27,3.36,2.3,3.1,3.1,2.3,3.4,3.13,34,2.4,2.29,3.4,3.18,3.36,3.12,32,2.26,2.2,1.7,1.64,16,-0.25,2.03,1.96,1.91,1.86,2.4,3.31,3.22
D2,23/02/18,Bielefeld,Dresden,2,3,A,1,0,H,17,13,5,6,17,12,4,5,4,2,0,0,2.1,3.5,3.29,2.1,3.4,3.4,2.2,3.3,3.1,2.05,3.3,3.3,2.09,3.59,3.65,2,3.5,3.4,2.1,3.5,3.5,36,2.2,2.07,3.59,3.41,3.7,3.42,35,1.9,1.81,2.07,1.97,19,-0.5,2.13,2.06,1.83,1.78,2.17,3.54,3.49
D2,23/02/18,Regensburg,Fortuna Dusseldorf,4,3,H,2,3,A,15,13,7,5,15,15,7,2,0,2,0,0,2.1,3.39,3.39,2.2,3.3,3.3,2.4,3.3,2.75,2.1,3.3,3.2,2.16,3.66,3.42,2.15,3.3,3.2,2.2,3.5,3.25,36,2.4,2.17,3.66,3.37,3.5,3.23,35,1.91,1.82,2.06,1.96,20,-0.25,1.94,1.88,2.02,1.95,2.31,3.61,3.13
D2,24/02/18,Duisburg,Ingolstadt,2,1,H,1,1,D,13,9,4,2,13,23,2,3,3,5,0,1,3.2,3.39,2.2,3.25,3.3,2.25,2.65,3.3,2.5,3.2,3.2,2.2,3.4,3.44,2.25,3,3.3,2.25,3.2,3.4,2.25,37,3.4,3.17,3.45,3.29,2.5,2.23,36,2.06,1.98,1.91,1.8,18,0.25,1.97,1.91,1.97,1.91,3.59,3.56,2.12
D2,24/02/18,Erzgebirge Aue,Kaiserslautern,2,1,H,1,0,H,13,8,7,2,12,10,4,7,2,1,0,0,2.14,3.2,3.5,2.1,3.4,3.5,2.3,3.3,2.9,2.25,3,3.25,2.32,3.32,3.35,2.15,3.1,3.4,2.3,3.2,3.4,36,2.34,2.22,3.4,3.16,3.55,3.29,32,2.4,2.31,1.62,1.58,19,-0.25,2,1.92,1.98,1.9,2.39,3.17,3.37
D2,24/02/18,Greuther Furth,Braunschweig,2,1,H,1,1,D,18,9,4,5,13,17,6,3,2,3,0,0,2.6,3.25,2.7,2.6,3.2,2.75,2.4,3.3,2.75,2.55,3,2.75,2.69,3.19,2.9,2.5,3.1,2.8,2.6,3.25,2.8,37,2.69,2.55,3.3,3.11,3.05,2.8,33,2.33,2.25,1.67,1.61,17,-0.25,2.28,2.18,1.73,1.68,2.64,3.32,2.85
D2,24/02/18,Union Berlin,Sandhausen,2,1,H,2,0,H,9,7,2,4,14,20,3,6,1,2,0,0,1.83,3.75,4,1.91,3.4,4.1,2,3.3,3.6,,,,1.92,3.48,4.53,1.91,3.3,3.8,1.95,3.75,3.6,36,2,1.9,3.75,3.38,4.53,4.01,34,2.24,2.12,1.8,1.69,17,-0.5,1.94,1.89,1.98,1.93,1.7,3.76,5.62
D2,25/02/18,Bochum,Nurnberg,0,0,D,0,0,D,9,6,1,1,14,14,8,3,1,2,0,0,2.45,3.25,2.87,2.5,3.3,2.8,2.65,3.3,2.5,2.5,3.1,2.75,2.61,3.41,2.83,2.45,3.2,2.8,2.5,3.4,2.8,36,2.65,2.51,3.41,3.23,2.87,2.76,35,2.08,2,1.83,1.78,17,-0.25,2.25,2.15,1.76,1.7,2.4,3.4,3.13
D2,25/02/18,Darmstadt,Heidenheim,1,1,D,0,1,A,10,16,2,6,16,17,4,6,2,4,1,0,2.37,3.25,3,2.3,3.3,3.1,2.5,3.3,2.65,2.4,3.1,2.8,2.47,3.38,3.03,2.25,3.2,3.1,2.45,3.3,3,36,2.5,2.38,3.38,3.22,3.15,2.93,35,2.06,1.99,1.85,1.79,18,-0.25,2.13,2.06,1.85,1.77,2.02,3.59,3.9
D2,25/02/18,St Pauli,Holstein Kiel,3,2,H,1,2,A,9,12,3,7,7,11,5,6,1,3,0,0,2.89,3.29,2.39,2.75,3.4,2.5,2.6,3.2,2.6,2.7,3.2,2.45,2.93,3.33,2.57,2.75,3.4,2.38,2.8,3.4,2.5,37,2.93,2.77,3.4,3.24,2.65,2.47,36,1.96,1.89,1.96,1.88,16,0,2.09,2.02,1.85,1.8,3.04,3.39,2.46
D2,02/03/18,Dresden,Darmstadt,0,2,A,0,1,A,20,9,3,5,4,6,4,5,1,0,0,0,1.85,3.6,4,1.91,3.5,4,2,3.3,3.6,1.85,3.4,4,1.93,3.62,4.34,1.91,3.4,3.8,1.91,3.6,4,37,2,1.91,3.62,3.49,4.34,3.9,36,1.96,1.88,2,1.9,18,-0.5,1.97,1.92,1.98,1.93,1.97,3.66,4.11
D2,02/03/18,Kaiserslautern,Union Berlin,4,3,H,2,1,H,12,13,7,6,10,19,2,6,3,0,0,0,3.39,3.25,2.14,3.4,3.3,2.15,2.75,3.3,2.4,3.1,3.2,2.2,3.19,3.49,2.36,3.2,3.2,2.2,3.3,3.3,2.25,36,3.45,3.21,3.49,3.28,2.4,2.22,35,2.05,1.98,1.9,1.81,18,0.25,1.97,1.92,1.99,1.92,3.05,3.56,2.4
D2,03/03/18,Holstein Kiel,Duisburg,5,0,H,2,0,H,19,3,5,1,11,10,5,3,0,2,0,0,1.72,3.6,4.75,1.75,3.75,4.5,2,3.3,3.6,1.75,3.6,4.2,1.82,3.93,4.33,1.8,3.6,4,1.8,3.9,4.2,37,2,1.78,4,3.71,4.75,4.23,34,1.8,1.67,2.27,2.16,18,-0.75,2.07,2,1.89,1.83,1.76,3.94,4.82
D2,03/03/18,Nurnberg,Greuther Furth,0,2,A,0,0,D,19,13,2,5,12,15,8,3,0,2,0,0,1.75,3.75,4.5,1.78,3.5,4.75,1.9,3.45,3.8,1.75,3.4,4.4,1.81,3.67,4.89,1.8,3.5,4.2,1.8,3.75,4.4,37,1.9,1.78,3.85,3.55,4.9,4.44,36,2.06,1.95,1.91,1.83,17,-0.5,1.83,1.79,2.13,2.06,2.1,3.4,3.84
D2,03/03/18,Sandhausen,Erzgebirge Aue,1,1,D,0,0,D,15,6,5,3,15,9,5,2,1,3,0,0,2,3.39,3.75,1.91,3.3,4.2,2,3.3,3.6,2,3,4,2.04,3.26,4.27,2,3.2,3.75,2,3.25,4.1,37,2.07,1.98,3.39,3.2,4.4,3.93,32,2.61,2.47,1.6,1.51,17,-0.5,2.05,2,1.87,1.84,2.16,3.09,4.12
D2,04/03/18,Braunschweig,Regensburg,2,1,H,1,0,H,15,10,9,4,16,19,1,8,4,4,0,0,2.39,3.29,2.87,2.4,3.3,2.95,2.4,3.3,2.75,2.35,3.25,2.8,2.44,3.52,2.97,2.38,3.3,2.8,2.45,3.4,2.88,36,2.47,2.39,3.52,3.32,2.97,2.83,35,1.95,1.86,2,1.92,17,-0.25,2.14,2.08,1.81,1.77,2.15,3.66,3.42
D2,04/03/18,Fortuna Dusseldorf,St Pauli,2,1,H,1,0,H,18,17,8,1,12,15,6,9,1,0,0,0,2.1,3.29,3.5,2.05,3.3,3.7,2,3.3,3.6,2.1,3.1,3.4,2.17,3.4,3.65,2.1,3.25,3.4,2.15,3.3,3.5,36,2.21,2.11,3.4,3.26,3.7,3.43,34,2.21,2.09,1.76,1.71,17,-0.25,1.88,1.85,2.04,1.98,2.21,3.36,3.58
D2,04/03/18,Heidenheim,Bielefeld,2,2,D,1,0,H,11,13,4,6,11,13,5,6,1,2,0,0,2.45,3.29,2.79,2.45,3.3,2.9,2.3,3.2,3,2.5,3.25,2.65,2.63,3.42,2.81,2.45,3.25,2.75,2.55,3.4,2.8,36,2.63,2.48,3.47,3.29,3,2.75,35,1.97,1.88,2.01,1.9,16,-0.25,2.25,2.15,1.78,1.72,2.63,3.52,2.73
D2,05/03/18,Ingolstadt,Bochum,0,1,A,0,1,A,15,13,4,4,16,16,6,6,3,3,0,0,1.72,3.6,4.75,1.75,3.7,4.6,1.8,3.5,4.2,1.73,3.4,4.75,1.75,3.73,5.23,1.75,3.5,4.5,1.75,3.6,4.8,35,1.8,1.74,3.73,3.53,5.23,4.65,32,2.17,2.08,1.78,1.72,17,-0.75,2.05,1.99,1.89,1.84,1.81,3.58,5.05
D2,09/03/18,Bielefeld,Nurnberg,1,0,H,0,0,D,15,10,3,3,14,19,7,1,2,2,0,0,2.29,3.29,3.1,2.5,3.3,2.8,2.6,3.2,2.6,2.45,3.25,2.7,2.55,3.46,2.87,2.4,3.3,2.8,2.45,3.4,2.88,38,2.6,2.44,3.46,3.34,3.1,2.8,37,1.91,1.85,2,1.94,18,0,1.84,1.8,2.13,2.05,2.59,3.45,2.83
D2,09/03/18,Dresden,Heidenheim,3,2,H,2,1,H,11,11,3,4,15,17,5,5,0,3,0,0,1.9,3.5,3.89,1.95,3.3,4.1,2,3.3,3.6,1.91,3.4,3.7,1.97,3.64,4.01,2,3.4,3.5,1.95,3.6,3.8,38,2.02,1.95,3.64,3.47,4.1,3.77,37,1.93,1.85,2.01,1.93,19,-0.5,1.99,1.95,1.94,1.89,1.94,3.61,4.19
D2,10/03/18,Bochum,Holstein Kiel,1,1,D,1,0,H,6,12,4,3,13,16,3,10,3,1,0,0,3.2,3.2,2.25,2.95,3.25,2.4,2.6,3.2,2.6,2.87,3.2,2.35,3,3.56,2.4,2.75,3.25,2.45,3,3.4,2.38,39,3.2,2.88,3.56,3.31,2.6,2.37,37,1.95,1.83,2.06,1.95,17,0.25,1.85,1.8,2.1,2.04,2.5,3.54,2.88
D2,10/03/18,Darmstadt,Ingolstadt,1,1,D,0,1,A,9,10,2,2,15,18,6,2,3,4,0,0,3.39,3.29,2.14,3.5,3.25,2.15,2.65,3.3,2.5,3.2,3.1,2.2,3.46,3.44,2.22,3.3,3.2,2.15,3.3,3.3,2.25,39,3.5,3.24,3.44,3.23,2.5,2.21,35,2.23,2.12,1.78,1.7,18,0.25,1.99,1.92,1.97,1.91,3.05,3.3,2.5
D2,10/03/18,Greuther Furth,Kaiserslautern,2,1,H,1,1,D,18,10,6,1,10,19,8,8,2,2,0,0,2,3.29,3.75,2.1,3.3,3.5,2.1,3.3,3.3,2.1,3.1,3.5,2.12,3.43,3.77,2.15,3.2,3.3,2.15,3.3,3.6,37,2.18,2.1,3.43,3.26,3.77,3.48,33,2.2,2.11,1.75,1.7,18,-0.25,1.85,1.81,2.09,2.02,2.11,3.41,3.82
D2,10/03/18,St Pauli,Braunschweig,0,0,D,0,0,D,12,16,6,2,8,21,6,4,2,2,0,0,2.39,3.1,3.1,2.35,3.1,3.25,2.2,3.3,3.1,2.35,3,3.1,2.54,3.25,3.04,2.2,3.2,3.2,2.45,3.2,3,39,2.54,2.33,3.3,3.12,3.4,3.1,33,2.3,2.22,1.68,1.63,18,-0.25,2.15,2.03,1.85,1.8,2.47,3.3,3.11
D2,11/03/18,Duisburg,Fortuna Dusseldorf,1,2,A,0,1,A,17,13,4,4,21,15,6,5,4,0,0,0,2.39,3.1,3.1,2.45,3.1,3,2.6,3.2,2.6,2.35,3.25,2.87,2.42,3.47,3.04,2.3,3.2,3,2.4,3.3,3,38,2.6,2.38,3.47,3.28,3.1,2.9,37,2,1.9,1.97,1.87,18,-0.25,2.09,2.04,1.84,1.8,2.62,3.54,2.73
D2,11/03/18,Regensburg,Sandhausen,2,1,H,1,0,H,7,11,4,2,15,18,4,3,0,2,0,0,2.1,3.29,3.5,2.1,3.1,3.8,2,3.3,3.6,,,,2.09,3.47,3.79,2,3.3,3.6,2.1,3.4,3.6,36,2.14,2.05,3.47,3.31,3.8,3.58,34,2.11,2.04,1.83,1.75,17,-0.5,2.13,2.07,1.82,1.78,2.14,3.44,3.68
D2,11/03/18,Union Berlin,Erzgebirge Aue,0,0,D,0,0,D,16,13,4,6,7,20,6,1,1,3,0,0,1.61,3.75,5.5,1.65,3.5,6,1.75,3.5,4.5,1.61,3.7,5,1.65,4.02,5.69,1.67,3.75,4.75,1.65,4,5.2,38,1.75,1.64,4.02,3.73,6,5.13,37,1.93,1.85,2.02,1.92,18,-0.75,1.88,1.84,2.06,1.99,1.69,3.85,5.56
D2,16/03/18,Fortuna Dusseldorf,Bielefeld,4,2,H,1,1,D,16,12,9,3,11,15,12,5,2,0,0,0,2.1,3.5,3.29,2.05,3.5,3.5,1.9,3.45,3.8,2.1,3.4,3.2,2.14,3.6,3.5,2.1,3.3,3.3,2.15,3.6,3.3,39,2.17,2.1,3.6,3.48,3.8,3.33,37,1.88,1.76,2.12,2.03,19,-0.25,1.88,1.84,2.05,2,2.14,3.67,3.5
D2,16/03/18,Holstein Kiel,Heidenheim,2,1,H,2,0,H,7,7,5,2,17,17,2,6,2,4,0,0,1.55,4.33,5.25,1.53,4.33,5.75,1.65,3.7,4.9,1.53,4,5.25,1.59,4.32,5.93,1.55,4,5.5,1.57,4.33,5.5,38,1.65,1.56,4.33,4.13,6.2,5.53,34,1.71,1.63,2.3,2.23,19,-1,2.02,1.95,1.92,1.88,1.48,4.79,7.03
D2,17/03/18,Kaiserslautern,St Pauli,1,1,D,0,0,D,13,13,4,5,8,8,6,6,0,3,1,0,2.37,3.2,3,2.5,3.2,2.9,2.5,3.3,2.65,2.37,3.1,2.87,2.47,3.34,3.07,2.6,3.1,2.7,2.5,3.25,2.9,40,2.6,2.44,3.36,3.18,3.09,2.9,37,2.12,2.05,1.82,1.75,18,0,1.81,1.75,2.19,2.11,2.58,3.39,2.89
D2,17/03/18,Sandhausen,Bochum,2,3,A,2,1,H,15,13,5,6,24,11,6,3,4,1,0,0,2.6,3,2.89,2.65,3.1,2.8,2.5,3.3,2.65,2.6,2.9,2.8,2.66,3.12,3,2.7,2.9,2.75,2.6,3.2,2.8,40,2.7,2.59,3.3,3.05,3.05,2.82,34,2.54,2.42,1.58,1.53,18,0,1.88,1.83,2.06,2,3.1,3.08,2.61
D2,17/03/18,Union Berlin,Regensburg,2,2,D,1,0,H,21,11,4,5,13,14,8,4,0,3,0,0,1.9,3.6,3.79,1.85,3.6,4.1,1.9,3.45,3.8,1.87,3.5,3.7,1.9,3.76,4.19,1.8,3.6,4,1.91,3.75,3.8,40,1.97,1.89,3.8,3.61,4.19,3.79,37,1.81,1.72,2.2,2.08,18,-0.5,1.95,1.89,2,1.95,2.1,3.52,3.7
D2,18/03/18,Braunschweig,Duisburg,3,2,H,3,0,H,14,17,6,5,15,11,3,6,1,1,0,0,2,3.5,3.6,2.05,3.3,3.75,2.1,3.3,3.3,2,3.3,3.5,2.04,3.51,3.92,2,3.4,3.5,2.05,3.5,3.6,40,2.1,2,3.7,3.42,3.92,3.58,38,1.94,1.87,1.98,1.9,18,-0.5,2.04,1.99,1.92,1.84,2.14,3.49,3.62
D2,18/03/18,Ingolstadt,Dresden,4,2,H,2,0,H,16,7,8,3,14,13,9,5,0,0,0,0,1.83,3.6,4.2,1.83,3.6,4.2,2,3.3,3.6,1.8,3.5,4.2,1.83,3.74,4.58,1.8,3.5,4.2,1.83,3.6,4.4,40,2,1.81,3.74,3.55,4.58,4.22,39,1.93,1.84,2,1.94,18,-0.5,1.85,1.81,2.08,2.03,1.88,3.64,4.5
D2,18/03/18,Nurnberg,Darmstadt,1,1,D,0,1,A,25,6,3,3,6,11,16,4,1,2,0,0,1.75,3.75,4.33,1.8,3.6,4.33,1.75,3.5,4.5,1.8,3.4,4.2,1.8,3.74,4.84,1.8,3.5,4.2,1.8,3.75,4.3,40,1.87,1.79,3.8,3.59,4.84,4.31,39,1.99,1.89,1.97,1.88,17,-0.75,2.11,2.05,1.84,1.79,1.93,3.44,4.53
D2,19/03/18,Erzgebirge Aue,Greuther Furth,2,1,H,2,0,H,14,15,6,4,11,14,3,1,0,1,0,0,2.45,3.39,2.75,2.5,3.25,2.85,2.4,3.3,2.75,2.5,3,2.8,2.66,3.23,2.9,2.5,3.1,2.8,2.55,3.3,2.8,39,2.67,2.52,3.39,3.14,2.98,2.81,33,2.33,2.22,1.7,1.63,17,0,1.85,1.81,2.07,2.02,2.59,3.12,2.95
D2,31/03/18,Dresden,Nurnberg,1,1,D,1,0,H,12,7,1,5,15,13,4,2,2,5,0,0,2.37,3.39,2.87,2.5,3.2,2.8,2.5,3.3,2.65,2.4,3.3,2.7,2.57,3.37,2.92,2.4,3.4,2.7,2.5,3.4,2.8,39,2.59,2.46,3.47,3.29,2.92,2.76,37,1.85,1.78,2.08,2,17,0,1.85,1.81,2.08,2.02,2.57,3.37,2.9
D2,31/03/18,Duisburg,Kaiserslautern,1,4,A,0,1,A,18,18,4,10,13,14,5,5,2,4,0,0,2,3.39,3.75,1.91,3.4,3.9,2.1,3.3,3.3,2.05,3.3,3.4,2.06,3.47,3.91,2,3.4,3.5,2.1,3.5,3.5,39,2.11,2.02,3.54,3.36,3.91,3.55,37,1.92,1.83,2.02,1.94,16,-0.5,2.11,2.04,1.84,1.8,2.01,3.64,3.88
D2,31/03/18,Heidenheim,Ingolstadt,1,2,A,0,0,D,10,14,2,5,14,16,4,2,0,2,0,0,3.5,3.39,2.04,3.3,3.4,2.1,3.1,3.3,2.2,3.25,3.3,2.1,3.68,3.38,2.17,3.25,3.4,2.1,3.4,3.5,2.15,40,3.68,3.33,3.5,3.31,2.22,2.12,38,1.94,1.85,1.99,1.91,17,0.25,2.05,1.99,1.87,1.83,3.76,3.57,2.07
D2,01/04/18,Bielefeld,Holstein Kiel,1,1,D,1,1,D,15,14,6,5,15,10,3,3,4,1,0,0,2.87,3.29,2.45,2.85,3.3,2.4,2.65,3.3,2.5,2.7,3.3,2.4,2.87,3.46,2.54,2.62,3.6,2.38,2.75,3.6,2.45,40,2.9,2.75,3.6,3.32,2.58,2.43,35,1.75,1.69,2.25,2.12,16,0,2.08,2.03,1.84,1.8,3.21,3.69,2.23
D2,01/04/18,Bochum,Braunschweig,2,0,H,1,0,H,21,9,7,1,6,20,4,1,2,2,0,0,2.1,3.39,3.39,2.1,3.3,3.4,2.2,3.3,3.1,2.15,3.1,3.3,2.21,3.38,3.56,2.15,3.2,3.3,2.15,3.4,3.4,39,2.25,2.14,3.4,3.25,3.56,3.32,36,2.16,2.07,1.77,1.72,16,-0.25,1.89,1.85,2.04,1.97,1.98,3.61,4.02
D2,01/04/18,Greuther Furth,Union Berlin,2,1,H,1,0,H,12,17,2,2,12,12,5,6,1,1,0,0,2.75,3.39,2.45,2.7,3.2,2.6,2.6,3.2,2.6,2.7,3.2,2.45,2.92,3.34,2.57,2.7,3.3,2.45,2.75,3.4,2.55,37,2.92,2.74,3.4,3.25,2.63,2.51,35,1.98,1.87,1.99,1.89,16,0,2.08,1.99,1.88,1.82,2.45,3.48,2.99
D2,01/04/18,Regensburg,Erzgebirge Aue,1,3,A,0,2,A,14,9,3,6,21,21,2,3,4,3,0,0,1.8,3.6,4.33,1.85,3.5,4.1,1.85,3.45,4,1.85,3.4,4,1.91,3.68,4.29,1.91,3.4,3.8,1.87,3.6,4.2,39,1.92,1.85,3.7,3.51,4.33,4.03,37,1.97,1.88,1.96,1.88,15,-0.5,1.91,1.86,2.03,1.96,1.88,3.62,4.53
D2,01/04/18,St Pauli,Sandhausen,1,1,D,1,0,H,10,19,3,6,13,19,2,6,2,2,0,0,2.14,3.29,3.39,2.15,3.2,3.4,2.1,3.3,3.3,,,,2.35,3.2,3.43,2.2,3.1,3.3,2.3,3.25,3.25,38,2.38,2.22,3.3,3.12,3.5,3.27,32,2.46,2.36,1.6,1.55,17,-0.25,2,1.94,1.95,1.87,2.33,3.12,3.57
D2,02/04/18,Darmstadt,Fortuna Dusseldorf,1,0,H,1,0,H,9,18,2,7,13,9,3,10,6,2,1,0,2.54,3.39,2.62,2.6,3.2,2.7,2.6,3.2,2.6,,,,2.68,3.34,2.79,2.6,3.2,2.62,2.6,3.4,2.7,36,2.73,2.59,3.4,3.22,2.82,2.65,34,2.04,1.95,1.89,1.81,15,0,1.93,1.87,2,1.93,2.75,3.38,2.7
D2,06/04/18,Fortuna Dusseldorf,Bochum,1,2,A,0,0,D,18,11,5,4,15,20,5,7,3,4,1,1,2.37,3.5,2.79,2.35,3.4,2.95,2.3,3.3,2.9,2.4,3.2,2.75,2.52,3.48,2.94,2.38,3.4,2.75,2.45,3.5,2.88,39,2.53,2.42,3.5,3.33,3.13,2.84,36,1.94,1.85,2.01,1.93,17,0,1.84,1.78,2.12,2.06,2.68,3.47,2.76
D2,06/04/18,Sandhausen,Greuther Furth,0,0,D,0,0,D,15,9,3,1,18,16,8,0,1,1,0,0,2.1,3.25,3.6,2.25,3.2,3.25,2.2,3.3,3.1,2.1,3,3.5,2.21,3.24,3.78,2.15,3.1,3.4,2.15,3.25,3.6,39,2.41,2.17,3.3,3.14,3.78,3.47,34,2.43,2.35,1.63,1.56,18,-0.25,2.03,1.87,2.03,1.96,2.08,3.26,4.21
D2,07/04/18,Erzgebirge Aue,St Pauli,2,1,H,1,1,D,12,11,3,2,14,11,8,0,2,4,0,0,2.45,3.2,2.89,2.45,3.2,2.95,2.4,3.3,2.75,2.5,3,2.8,2.65,3.26,2.89,2.5,3,2.88,2.55,3.2,2.9,38,2.65,2.49,3.3,3.13,3.04,2.85,33,2.35,2.24,1.68,1.62,16,0,1.84,1.78,2.12,2.04,2.61,3.25,2.95
D2,07/04/18,Holstein Kiel,Darmstadt,0,0,D,0,0,D,8,7,4,2,13,8,7,5,3,1,0,0,1.53,3.79,6.5,1.53,4.25,6,1.57,3.75,5.6,1.57,3.9,5.5,1.57,4.26,6.3,1.53,3.8,6,1.57,4.2,5.75,38,1.61,1.55,4.31,4.01,6.5,5.68,35,1.79,1.73,2.19,2.07,18,-1,2.01,1.96,1.92,1.86,1.7,3.91,5.41
D2,07/04/18,Nurnberg,Heidenheim,3,2,H,3,1,H,20,16,6,7,10,18,10,7,2,3,0,0,1.75,3.75,4.5,1.7,3.8,4.75,1.65,3.6,5.1,1.8,3.6,4.2,1.81,3.85,4.56,1.67,3.8,4.6,1.8,3.8,4.3,36,1.85,1.75,3.96,3.72,5.1,4.39,33,1.79,1.73,2.17,2.08,16,-0.75,2.08,1.99,1.9,1.83,1.86,3.64,4.58
D2,07/04/18,Union Berlin,Duisburg,0,0,D,0,0,D,12,4,3,0,18,20,4,1,1,0,0,0,1.95,3.5,3.79,1.9,3.6,3.9,2,3.3,3.6,1.91,3.4,3.6,1.93,3.64,4.25,1.91,3.6,3.6,1.93,3.7,3.8,38,2,1.92,3.7,3.52,4.25,3.78,34,1.85,1.78,2.07,2,16,-0.5,1.97,1.91,1.97,1.91,1.85,3.83,4.34
D2,08/04/18,Braunschweig,Dresden,1,1,D,1,1,D,10,18,4,4,10,12,2,6,2,0,0,0,2.39,3.2,3,2.45,3.25,2.9,2.4,3.3,2.75,2.4,3.2,2.75,2.52,3.36,2.97,2.3,3.3,2.9,2.45,3.4,2.88,38,2.52,2.4,3.45,3.29,3.25,2.86,37,1.94,1.87,2.01,1.91,15,-0.25,2.16,2.09,1.83,1.77,2.67,3.16,2.94
D2,08/04/18,Ingolstadt,Bielefeld,2,2,D,0,0,D,7,9,2,5,10,10,5,3,0,0,0,0,1.64,3.79,5,1.7,3.7,5,1.75,3.5,4.5,1.67,3.7,4.8,1.68,3.97,5.49,1.7,3.75,4.5,1.7,3.9,5,38,1.75,1.67,4,3.76,5.49,4.9,37,1.85,1.8,2.07,1.98,17,-0.75,1.9,1.85,2.03,1.97,1.54,4.37,6.51
D2,08/04/18,Kaiserslautern,Regensburg,1,1,D,0,1,A,10,21,5,6,16,14,3,9,3,2,0,0,2.5,3.39,2.7,2.4,3.4,2.9,2.5,3.3,2.65,2.45,3.4,2.6,2.62,3.5,2.77,2.4,3.4,2.7,2.55,3.5,2.7,38,2.62,2.47,3.55,3.36,2.92,2.7,34,1.78,1.7,2.23,2.11,17,0,1.9,1.84,2.03,1.97,2.35,3.62,3.04
D2,13/04/18,Bochum,Kaiserslautern,3,2,H,2,1,H,19,15,5,2,8,16,6,4,2,2,0,0,1.64,3.79,5,1.7,3.8,4.75,1.85,3.45,4,1.67,3.7,4.75,1.68,3.94,5.48,1.7,3.75,4.5,1.7,3.9,4.8,37,1.85,1.68,4,3.79,5.48,4.77,35,1.86,1.74,2.13,2.05,15,-0.75,1.97,1.88,2.01,1.94,1.69,3.92,5.44
D2,13/04/18,Greuther Furth,Regensburg,1,2,A,0,0,D,17,15,4,7,13,12,5,7,2,3,0,0,2.5,3.39,2.7,2.55,3.5,2.6,2.3,3.3,2.9,2.55,3.3,2.5,2.69,3.59,2.63,2.6,3.4,2.5,2.6,3.6,2.6,37,2.7,2.56,3.6,3.41,2.94,2.61,34,1.83,1.7,2.21,2.11,16,0,1.97,1.89,2.1,1.93,2.6,3.71,2.66
D2,14/04/18,Bielefeld,Erzgebirge Aue,2,0,H,1,0,H,16,12,4,3,14,12,3,11,3,1,0,0,2,3.29,3.75,2.05,3.25,3.75,2.1,3.3,3.3,2,3.3,3.5,2.05,3.54,3.84,2,3.4,3.5,2.05,3.5,3.6,40,2.1,2.01,3.6,3.39,3.84,3.59,39,1.96,1.87,1.97,1.89,18,-0.5,2.06,2,1.89,1.83,2.19,3.36,3.62
D2,14/04/18,Dresden,Holstein Kiel,0,4,A,0,1,A,16,6,5,4,9,14,4,4,3,1,0,0,2.7,3.25,2.6,2.7,3.25,2.6,2.75,3.3,2.4,2.55,3.3,2.5,2.72,3.57,2.61,2.7,3.4,2.4,2.7,3.5,2.55,41,2.87,2.64,3.57,3.35,2.64,2.53,37,1.78,1.72,2.15,2.07,18,0,2.02,1.95,1.92,1.87,2.91,3.57,2.46
D2,14/04/18,Duisburg,Sandhausen,0,2,A,0,1,A,21,11,11,4,12,20,7,5,0,5,0,0,2.39,3.2,3,2.5,3.1,2.95,2.4,3.3,2.75,2.45,3,2.87,2.56,3.11,3.14,2.45,3.1,2.88,2.45,3.3,3,41,2.6,2.45,3.3,3.12,3.14,2.93,37,2.3,2.17,1.72,1.65,18,-0.25,2.16,2.09,1.81,1.76,2.65,2.85,3.32
D2,14/04/18,St Pauli,Union Berlin,0,1,A,0,0,D,9,11,5,2,11,15,3,5,2,4,0,1,2.45,3.25,2.87,2.45,3.2,2.95,2.3,3.3,2.9,2.5,3.2,2.7,2.64,3.2,2.95,2.45,3.25,2.75,2.55,3.25,2.88,40,2.66,2.51,3.3,3.18,2.95,2.8,39,2.06,1.98,1.91,1.8,19,0,1.87,1.81,2.1,2.02,2.58,3.14,3.08
D2,15/04/18,Darmstadt,Braunschweig,1,1,D,0,1,A,18,6,8,3,15,13,9,1,1,2,0,0,2.29,3.1,3.2,2.35,3.2,3.1,2.4,3.3,2.75,,,,2.48,3.22,3.16,2.38,3.2,2.9,2.45,3.25,3,38,2.48,2.38,3.3,3.14,3.2,3.01,35,2.27,2.14,1.74,1.68,17,-0.25,2.1,2.04,1.83,1.8,2.43,3.24,3.22
D2,15/04/18,Heidenheim,Fortuna Dusseldorf,3,1,H,1,0,H,13,19,3,7,14,12,10,6,3,1,0,0,2.79,3.29,2.45,2.75,3.3,2.55,2.65,3.3,2.5,2.62,3.3,2.5,2.73,3.48,2.65,2.7,3.4,2.4,2.75,3.5,2.5,39,2.8,2.68,3.5,3.32,2.65,2.51,38,1.84,1.77,2.09,2,18,0,2.05,1.97,1.93,1.84,2.83,3.55,2.53
D2,15/04/18,Ingolstadt,Nurnberg,1,1,D,0,0,D,9,11,4,6,14,13,11,4,2,1,0,0,1.95,3.5,3.79,1.95,3.5,3.8,2,3.3,3.6,1.95,3.4,3.6,2.01,3.63,3.89,1.95,3.5,3.6,2,3.6,3.75,39,2.05,1.95,3.63,3.49,3.9,3.7,38,1.86,1.81,2.05,1.97,17,-0.5,2.01,1.95,1.91,1.88,2.17,3.48,3.54
D2,20/04/18,Braunschweig,Bielefeld,0,0,D,0,0,D,10,18,5,3,12,7,8,8,1,1,0,0,2.39,3.39,2.87,2.4,3.4,2.9,2.3,3.3,2.9,2.45,3.25,2.7,2.57,3.44,2.86,2.38,3.4,2.75,2.3,3.4,2.88,40,2.57,2.43,3.44,3.32,2.95,2.82,39,1.91,1.85,2.01,1.93,18,0,1.85,1.79,2.12,2.05,2.58,3.51,2.8
D2,20/04/18,Greuther Furth,Bochum,1,1,D,1,0,H,15,12,4,4,11,14,3,8,3,1,0,0,3.1,3.25,2.29,3.1,3.4,2.25,2.6,3.2,2.6,3,3.3,2.2,3.18,3.54,2.31,3.1,3.3,2.2,3.13,3.4,2.3,40,3.23,3.07,3.54,3.33,2.6,2.26,39,1.9,1.84,2.03,1.94,18,0.25,1.93,1.88,2,1.95,2.85,3.43,2.58
D2,21/04/18,Regensburg,St Pauli,3,1,H,2,0,H,14,8,6,5,12,9,6,3,4,3,0,2,2.04,3.39,3.5,2.1,3.3,3.5,2,3.3,3.6,1.95,3.4,3.5,2,3.66,3.89,2,3.4,3.5,2.15,3.5,3.4,41,2.21,2.07,3.66,3.4,3.89,3.37,37,1.91,1.76,2.14,2.02,17,-0.25,1.85,1.79,2.21,2.05,2.17,3.65,3.38
D2,21/04/18,Sandhausen,Darmstadt,1,1,D,1,0,H,10,16,4,2,15,10,9,5,4,2,0,0,2.1,3.1,3.75,2.1,3.3,3.5,2.3,3.3,2.9,2.15,3,3.5,2.2,3.21,3.77,2.15,3.1,3.4,2.2,3.2,3.6,40,2.3,2.14,3.3,3.13,3.77,3.5,34,2.52,2.39,1.58,1.54,18,-0.25,1.89,1.84,2.05,1.99,2.35,3.15,3.47
D2,21/04/18,Union Berlin,Heidenheim,1,1,D,0,0,D,11,9,5,2,11,21,5,7,1,1,0,0,1.72,3.79,4.5,1.78,3.6,4.6,2,3.3,3.6,1.75,3.6,4.25,1.79,3.9,4.61,1.75,3.6,4.33,1.8,3.8,4.4,40,2,1.77,3.9,3.66,4.61,4.28,36,1.8,1.74,2.15,2.06,18,-0.75,2.04,1.98,1.9,1.85,1.72,3.95,5.06
D2,22/04/18,Erzgebirge Aue,Duisburg,1,3,A,0,0,D,11,14,2,5,18,12,4,8,2,2,0,0,2.25,3.25,3.25,2.25,3.1,3.4,2.2,3.2,3.2,2.25,3.1,3.1,2.38,3.16,3.42,2.3,3.1,3.1,2.3,3.3,3.2,40,2.38,2.25,3.3,3.14,3.42,3.18,37,2.19,2.09,1.78,1.71,19,-0.25,2.02,1.96,1.91,1.86,2.47,3.07,3.35
D2,22/04/18,Fortuna Dusseldorf,Ingolstadt,3,0,H,2,0,H,15,6,7,3,11,17,7,5,1,0,0,0,2.89,3.25,2.39,2.75,3.4,2.5,2.3,3.3,2.9,2.7,3.3,2.4,2.85,3.56,2.51,2.6,3.4,2.5,2.8,3.5,2.45,40,2.89,2.69,3.6,3.34,2.9,2.48,37,1.81,1.74,2.13,2.04,18,0,2.08,2,2.1,1.83,2.56,3.53,2.82
D2,22/04/18,Kaiserslautern,Dresden,0,1,A,0,0,D,12,21,1,6,12,8,5,5,3,3,0,1,2.7,3.25,2.6,2.45,3.5,2.7,2.4,3.3,2.75,2.6,3.3,2.5,2.73,3.46,2.7,2.45,3.3,2.7,2.7,3.5,2.55,40,2.73,2.58,3.51,3.35,2.75,2.56,37,1.77,1.72,2.19,2.07,18,0,2.02,1.93,1.94,1.88,2.77,3.62,2.55
D2,23/04/18,Holstein Kiel,Nurnberg,1,3,A,1,2,A,16,16,5,6,18,13,6,6,1,2,0,0,2.1,3.5,3.25,2.05,3.5,3.5,2.2,3.3,3.1,2.05,3.4,3.25,2.11,3.68,3.52,2,3.5,3.4,2.1,3.5,3.5,38,2.2,2.05,3.68,3.46,3.55,3.32,35,1.76,1.71,2.16,2.08,17,-0.25,1.85,1.8,2.09,2.03,1.95,3.75,3.96
D2,27/04/18,Bielefeld,Kaiserslautern,3,2,H,0,1,A,28,18,9,8,9,11,7,6,1,1,0,1,1.7,3.6,4.75,1.75,3.9,4.25,1.65,3.7,4.9,1.7,3.8,4.33,1.76,4.09,4.64,1.67,4,4.33,1.7,4.1,4.5,40,1.78,1.72,4.2,3.9,4.9,4.35,34,1.62,1.54,2.5,2.39,17,-0.75,1.97,1.9,1.99,1.93,1.73,4.16,4.74
D2,27/04/18,Bochum,Erzgebirge Aue,2,1,H,1,1,D,12,8,4,4,14,18,2,1,1,2,0,1,1.66,3.75,5,1.67,3.8,5,1.7,3.6,4.7,1.66,3.6,4.8,1.71,3.75,5.57,1.67,3.75,4.75,1.7,3.75,5.2,41,1.73,1.68,3.84,3.68,5.65,4.92,40,1.99,1.89,1.96,1.88,17,-0.75,1.93,1.88,2.01,1.95,1.76,3.68,5.3
D2,28/04/18,Darmstadt,Union Berlin,3,1,H,3,0,H,10,15,3,5,12,13,6,4,0,3,0,0,2.29,3.25,3.1,2.3,3.4,3,2.2,3.3,3.1,2.25,3.25,2.9,2.36,3.46,3.15,2.38,3.3,2.8,2.38,3.4,3,41,2.38,2.28,3.5,3.34,3.2,2.98,39,1.93,1.84,2,1.93,16,-0.25,2.06,1.99,1.87,1.84,2.41,3.4,3.12
D2,28/04/18,Dresden,Fortuna Dusseldorf,1,2,A,0,1,A,10,17,2,5,16,10,6,10,3,1,0,0,2.5,3.25,2.79,2.5,3.4,2.7,2.6,3.2,2.6,2.4,3.4,2.65,2.57,3.52,2.8,2.5,3.4,2.6,2.5,3.5,2.75,41,2.6,2.48,3.6,3.37,2.87,2.69,37,1.75,1.69,2.2,2.11,17,0,1.87,1.83,2.06,2,2.49,3.53,2.9
D2,28/04/18,St Pauli,Greuther Furth,3,0,H,2,0,H,12,15,5,3,15,11,4,5,2,1,0,0,2.1,3.29,3.5,2.25,3.3,3.25,2.2,3.3,3.1,2.1,3.2,3.25,2.21,3.45,3.48,2.2,3.3,3.1,2.15,3.4,3.4,42,2.25,2.16,3.45,3.3,3.5,3.28,40,2.04,1.95,1.9,1.82,18,-0.25,1.91,1.86,2.02,1.97,2.08,3.42,3.9
D2,29/04/18,Duisburg,Regensburg,4,1,H,0,0,D,17,9,7,1,16,17,4,3,4,2,0,0,2.29,3.39,3,2.45,3.3,2.85,2.5,3.3,2.65,2.3,3.4,2.8,2.42,3.53,3,2.25,3.6,2.8,2.38,3.6,2.88,39,2.5,2.34,3.61,3.44,3,2.83,36,1.72,1.64,2.28,2.18,17,-0.25,2.09,2.03,1.85,1.81,2.16,3.69,3.38
D2,29/04/18,Heidenheim,Sandhausen,2,0,H,2,0,H,9,9,3,1,13,8,2,1,0,1,0,0,2.45,3.2,2.89,2.4,3.3,2.95,2.2,3.3,3.1,2.45,3.1,2.87,2.57,3.3,2.95,2.38,3.2,2.88,2.45,3.25,3,38,2.57,2.42,3.4,3.21,3.1,2.9,37,2.16,2.05,1.83,1.73,15,0,1.81,1.76,2.3,2.09,2.78,3.2,2.79
D2,29/04/18,Ingolstadt,Holstein Kiel,1,5,A,1,1,D,14,7,4,5,12,15,11,1,3,1,0,0,2.29,3.29,3.1,2.4,3.3,2.95,2.6,3.2,2.6,2.25,3.3,2.9,2.34,3.55,3.11,2.25,3.5,2.88,2.3,3.5,3,37,2.6,2.3,3.55,3.37,3.11,2.95,37,1.82,1.76,2.11,2.01,15,-0.25,2.04,1.99,1.89,1.84,2.28,3.67,3.13
D2,30/04/18,Nurnberg,Braunschweig,2,0,H,1,0,H,20,6,10,1,9,15,6,3,1,2,0,0,1.75,3.5,4.75,1.8,3.5,4.5,1.75,3.5,4.5,,,,1.8,3.84,4.67,1.8,3.5,4.2,1.8,3.7,4.5,36,1.84,1.77,3.84,3.57,4.75,4.41,36,1.93,1.87,1.99,1.89,17,-0.75,2.05,2,1.88,1.82,1.76,3.92,4.84
D2,06/05/18,Braunschweig,Ingolstadt,0,2,A,0,0,D,12,12,5,5,7,21,3,4,3,0,0,0,2.54,3.25,2.75,2.45,3.3,2.85,2.3,3.3,2.9,2.5,3.3,2.6,2.65,3.43,2.78,2.45,3.25,2.75,2.55,3.5,2.7,40,2.65,2.5,3.5,3.32,2.9,2.7,39,1.91,1.79,2.09,1.99,18,0,1.91,1.84,2.1,1.99,2.55,3.61,2.77
D2,06/05/18,Erzgebirge Aue,Dresden,0,0,D,0,0,D,7,5,2,1,17,15,2,5,2,3,0,0,2.54,3.25,2.75,2.55,3.3,2.75,2.4,3.3,2.75,2.5,3.25,2.62,2.65,3.27,2.89,2.45,3.25,2.75,2.63,3.25,2.75,41,2.65,2.52,3.39,3.24,2.92,2.72,40,1.91,1.82,2.05,1.95,18,0,1.91,1.85,2.04,1.97,2.81,3.13,2.82
D2,06/05/18,Fortuna Dusseldorf,Holstein Kiel,1,1,D,0,0,D,12,17,5,4,11,16,4,13,1,0,0,0,3,3.25,2.35,2.7,3.5,2.5,2.65,3.3,2.5,2.7,3.5,2.3,2.87,3.71,2.43,2.7,3.4,2.4,2.8,3.5,2.45,41,3,2.75,3.71,3.45,2.5,2.37,36,1.65,1.57,2.45,2.32,17,0.25,1.82,1.77,2.16,2.08,2.81,3.75,2.46
D2,06/05/18,Greuther Furth,Duisburg,2,2,D,1,0,H,15,14,4,6,12,10,6,4,1,1,0,0,1.75,3.5,4.75,1.75,3.8,4.4,1.8,3.5,4.2,1.75,3.6,4.25,1.78,3.9,4.69,1.8,3.6,4,1.8,3.8,4.33,41,1.8,1.74,3.9,3.7,4.75,4.36,38,1.79,1.73,2.13,2.06,18,-0.75,2.03,1.97,1.89,1.85,1.91,3.97,3.92
D2,06/05/18,Kaiserslautern,Heidenheim,1,0,H,0,0,D,10,21,3,7,18,12,2,2,3,2,0,0,2.89,3.6,2.25,3,3.3,2.35,3,3.4,2.2,2.87,3.4,2.25,3.04,3.58,2.37,2.75,3.4,2.38,2.9,3.7,2.3,40,3.04,2.88,3.7,3.48,2.38,2.27,35,1.68,1.65,2.27,2.17,18,0.25,1.89,1.85,2.03,1.98,2.86,3.53,2.52
D2,06/05/18,Regensburg,Darmstadt,0,3,A,0,1,A,24,7,4,5,10,14,4,3,1,1,0,0,2.6,3.39,2.6,2.55,3.5,2.65,2.5,3.5,2.55,2.5,3.4,2.5,2.71,3.66,2.58,2.45,3.5,2.6,2.6,3.6,2.6,41,2.71,2.56,3.66,3.48,2.65,2.55,36,1.63,1.6,2.36,2.26,18,0,1.96,1.91,1.96,1.92,2.81,3.68,2.49
D2,06/05/18,Sandhausen,Nurnberg,0,2,A,0,1,A,7,11,3,8,16,14,10,2,3,3,0,0,3.5,3.29,2.1,3.4,3.4,2.1,3.1,3.3,2.2,,,,3.5,3.58,2.15,3.25,3.5,2.05,3.5,3.5,2.1,39,3.55,3.35,3.58,3.38,2.2,2.09,38,1.93,1.84,2,1.92,18,0.25,2.07,2.02,1.87,1.82,3.67,3.35,2.18
D2,06/05/18,St Pauli,Bielefeld,1,0,H,1,0,H,9,14,5,1,13,9,7,6,0,1,0,0,2.1,3.5,3.29,2.05,3.5,3.5,2,3.3,3.6,2.05,3.4,3.25,2.1,3.67,3.55,2,3.5,3.4,2.15,3.5,3.4,41,2.17,2.06,3.67,3.46,3.6,3.36,38,1.78,1.72,2.15,2.06,18,-0.25,1.86,1.81,2.08,2.02,2.15,3.63,3.46
D2,06/05/18,Union Berlin,Bochum,3,1,H,1,0,H,25,10,7,1,15,8,8,9,3,3,0,0,2.25,3.29,3.2,2.25,3.4,3.1,2.2,3.3,3.1,2.2,3.3,3,2.3,3.5,3.23,2.2,3.4,3,2.25,3.4,3.2,40,2.37,2.24,3.5,3.36,3.23,3.05,39,1.84,1.76,2.1,2.02,18,-0.25,1.99,1.94,1.96,1.89,2.3,3.5,3.23
D2,13/05/18,Bielefeld,Sandhausen,0,0,D,0,0,D,18,8,6,1,15,10,7,4,3,4,0,1,2.1,3.5,3.29,2.2,3.4,3.25,2,3.4,3.6,2.15,3.3,3.1,2.23,3.56,3.32,2.2,3.3,3.1,2.2,3.5,3.25,39,2.27,2.16,3.59,3.4,3.6,3.18,37,1.85,1.78,2.05,1.99,17,-0.25,1.94,1.88,2,1.94,2.06,3.8,3.55
D2,13/05/18,Bochum,Regensburg,1,1,D,0,0,D,14,20,3,5,15,17,4,9,4,4,0,0,1.95,3.5,3.75,1.95,3.6,3.7,2,3.5,3.4,1.91,3.6,3.5,1.96,3.9,3.79,2,3.6,3.3,2,3.7,3.6,39,2.01,1.93,3.9,3.63,3.8,3.59,34,1.57,1.52,2.56,2.44,16,-0.5,2,1.93,1.95,1.9,1.83,4.33,3.95
D2,13/05/18,Darmstadt,Erzgebirge Aue,1,0,H,0,0,D,9,14,3,3,10,13,1,13,1,2,0,0,1.95,3.5,3.75,1.95,3.5,3.8,1.9,3.5,3.8,2,3.25,3.6,2.06,3.35,4.06,1.91,3.4,3.8,2,3.5,3.8,39,2.07,1.97,3.5,3.34,4.15,3.76,38,2.06,1.98,1.91,1.8,16,-0.5,2.04,1.97,1.91,1.86,2.28,3.16,3.64
D2,13/05/18,Dresden,Union Berlin,0,1,A,0,0,D,14,11,4,4,7,7,5,8,0,1,0,0,1.83,3.75,4,1.83,3.8,4,1.75,3.5,4.5,1.85,3.6,3.7,1.91,3.83,4.09,1.8,3.8,3.8,1.87,3.8,4,38,1.91,1.84,3.86,3.68,4.5,3.85,31,1.61,1.57,2.43,2.3,16,-0.5,1.88,1.84,2.07,1.99,1.9,3.79,4.15
D2,13/05/18,Duisburg,St Pauli,2,0,H,1,0,H,13,11,4,3,13,15,4,5,2,2,0,0,2.29,3.29,3.1,2.3,3.5,2.95,2.4,3.4,2.7,2.25,3.4,2.8,2.35,3.72,2.98,2.38,3.6,2.62,2.38,3.6,2.9,39,2.4,2.31,3.72,3.43,3.1,2.86,34,1.62,1.58,2.41,2.3,17,-0.25,2.06,2.01,1.88,1.82,2.1,3.87,3.4
D2,13/05/18,Heidenheim,Greuther Furth,1,1,D,0,0,D,16,8,4,4,11,14,7,6,1,4,0,0,2.45,3.25,2.87,2.35,3.4,2.9,2.5,3.3,2.65,2.35,3.25,2.8,2.44,3.5,2.99,2.4,3.4,2.7,2.45,3.4,2.9,39,2.5,2.39,3.5,3.32,3.05,2.83,38,1.86,1.79,2.05,1.97,16,-0.25,2.16,2.08,1.83,1.76,2.26,3.68,3.16
D2,13/05/18,Holstein Kiel,Braunschweig,6,2,H,4,2,H,20,14,8,7,20,9,4,5,0,1,0,0,3,3.39,2.29,2.75,3.4,2.5,2.75,3.5,2.3,2.75,3.4,2.35,2.9,3.58,2.47,2.9,3.4,2.25,2.8,3.6,2.4,39,3,2.77,3.6,3.41,2.5,2.38,36,1.76,1.69,2.2,2.11,16,0,2.13,2.07,1.81,1.77,3,4.01,2.24
D2,13/05/18,Ingolstadt,Kaiserslautern,1,3,A,0,2,A,16,8,4,4,13,11,4,3,0,0,0,0,1.53,4.2,5.75,1.57,4.2,5.5,1.55,4.2,5,1.53,4,5.25,1.58,4.49,5.73,1.55,4,5.5,1.6,4.2,5.5,37,1.6,1.54,4.5,4.17,6.1,5.41,32,1.57,1.53,2.5,2.42,18,-1,1.99,1.93,1.96,1.9,1.44,5.21,6.9
D2,13/05/18,Nurnberg,Fortuna Dusseldorf,2,3,A,2,1,H,13,11,4,6,14,12,3,5,2,2,0,0,1.95,3.5,3.79,2,3.5,3.7,1.9,3.5,3.8,1.95,3.5,3.5,1.98,3.79,3.83,2,3.6,3.3,2,3.6,3.6,39,2.03,1.96,3.79,3.55,3.83,3.56,32,1.67,1.62,2.29,2.21,16,-0.5,2.01,1.96,1.91,1.87,2.02,4.01,3.5
