Div,Date,Time,HomeTeam,AwayTeam,FTHG,FTAG,FTR,HTHG,HTAG,HTR,Referee,HS,AS,HST,AST,HF,AF,HC,AC,HY,AY,HR,AR,B365H,B365D,B365A,BWH,BWD,BWA,IWH,IWD,IWA,PSH,PSD,PSA,WHH,WHD,WHA,VCH,VCD,VCA,MaxH,MaxD,MaxA,AvgH,AvgD,AvgA,B365>2.5,B365<2.5,P>2.5,P<2.5,Max>2.5,Max<2.5,Avg>2.5,Avg<2.5,AHh,B365AHH,B365AHA,PAHH,PAHA,MaxAHH,MaxAHA,AvgAHH,AvgAHA,B365CH,B365CD,B365CA,BWCH,BWCD,BWCA,IWCH,IWCD,IWCA,PSCH,PSCD,PSCA,WHCH,WHCD,WHCA,VCCH,VCCD,VCCA,MaxCH,MaxCD,MaxCA,AvgCH,AvgCD,AvgCA,B365C>2.5,B365C<2.5,PC>2.5,PC<2.5,MaxC>2.5,MaxC<2.5,AvgC>2.5,AvgC<2.5,AHCh,B365CAHH,B365CAHA,PCAHH,PCAHA,MaxCAHH,MaxCAHA,AvgCAHH,AvgCAHA
SC2,30/07/2022,15:00,Dunfermline,Alloa,1,0,H,0,0,D,G Aitken,11,13,3,7,9,8,6,4,1,1,0,0,1.83,3.5,3.8,1.8,3.4,3.75,1.9,3.4,3.75,1.81,3.69,4.12,1.78,3.4,4.2,1.8,3.5,4.2,1.9,3.78,4.25,1.81,3.54,3.96,1.95,1.9,1.92,1.9,1.95,1.95,1.87,1.86,-0.5,1.85,2,1.81,2.03,1.89,2.05,1.79,1.97,1.8,3.5,4,1.82,3.3,3.9,1.9,3.25,3.8,1.93,3.48,3.93,1.88,3.25,3.8,1.85,3.4,4.1,1.97,3.54,4.2,1.89,3.38,3.83,2,1.8,2.04,1.81,2.04,1.81,1.98,1.77,-0.5,1.83,2.02,1.93,1.92,1.96,2.02,1.87,1.89
SC2,30/07/2022,15:00,Falkirk,Montrose,0,0,D,0,0,D,G Duncan,14,14,5,4,11,11,3,9,1,3,0,0,2.05,3.6,3.1,2.1,3.25,3,2.2,3.25,3,2.21,3.58,3.01,2.15,3.2,3.1,2.15,3.3,3.2,2.25,3.64,3.25,2.15,3.4,3.04,1.98,1.88,1.86,1.96,1.98,2,1.87,1.86,-0.25,1.83,2.02,1.93,1.9,1.94,2.02,1.89,1.87,2.15,3.6,2.9,2.15,3.2,3,2.15,3.25,3,2.22,3.51,3.11,2.1,3.2,3.2,2.1,3.3,3.3,2.24,3.7,3.3,2.13,3.38,3.1,1.95,1.9,1.94,1.89,1.95,1.9,1.89,1.84,-0.25,1.9,1.95,1.93,1.92,1.95,1.96,1.85,1.92
SC2,30/07/2022,15:00,Kelty Hearts,FC Edinburgh,0,2,A,0,1,A,C Scott,10,4,6,4,12,10,6,3,2,1,0,0,1.8,3.6,3.8,1.71,3.6,4,1.8,3.5,3.9,1.73,3.77,4.53,1.7,3.4,4.4,1.75,3.6,4.4,1.84,3.86,4.6,1.74,3.64,4.21,1.95,1.9,1.93,1.88,1.95,1.92,1.87,1.86,-0.75,2.02,1.77,1.96,1.88,2.02,1.88,1.94,1.81,1.66,3.8,4.2,1.6,3.7,4.6,1.65,3.65,4.5,1.69,3.79,4.97,1.62,3.6,4.8,1.65,3.75,4.8,1.7,4,5.1,1.64,3.78,4.7,1.85,2,1.83,2.01,1.89,2.02,1.79,1.95,-0.75,1.88,1.98,1.88,1.97,1.88,2.06,1.82,1.95
SC2,30/07/2022,15:00,Peterhead,Airdrie Utd,0,2,A,0,2,A,C Fordyce,9,18,2,8,12,12,2,12,2,0,0,0,3.5,3.4,1.9,3.5,3.5,1.83,3.4,3.3,2,3.91,3.41,1.93,3.3,3.4,1.91,3.7,3.4,1.95,4.33,3.7,2.02,3.64,3.42,1.91,1.95,1.9,1.85,1.97,1.95,1.97,1.86,1.87,0.5,1.85,1.95,1.89,1.93,1.89,2,1.82,1.93,4.75,3.6,1.66,4.8,3.5,1.58,4.6,3.6,1.65,5.2,3.39,1.75,5,3.4,1.65,4.75,3.5,1.67,5.7,3.96,1.75,4.82,3.63,1.66,1.93,1.93,1.88,1.95,1.93,2.02,1.83,1.91,0.75,1.95,1.9,1.88,1.97,2.04,1.97,1.94,1.83
SC2,30/07/2022,15:00,Queen of Sth,Clyde,1,4,A,1,2,A,S Lambie,11,11,6,5,13,13,0,4,0,2,1,0,1.53,4,5,1.62,3.7,4.5,1.63,3.75,4.5,1.62,4.28,4.69,1.65,3.7,4.4,1.57,3.8,5.5,1.7,4.33,5.5,1.62,3.91,4.64,1.75,2.05,1.77,2.04,1.88,2.05,1.77,1.98,-0.75,1.7,2.1,1.79,2.06,1.94,2.1,1.79,1.97,1.53,4,5.25,1.49,4,5.25,1.5,3.95,5.5,1.53,4.23,5.98,1.5,3.8,5.8,1.5,4.1,6,1.54,4.4,6.05,1.5,4.08,5.61,1.8,2,1.79,2.03,1.8,2.1,1.75,2,-1,1.93,1.93,1.92,1.93,1.95,2.02,1.87,1.9
SC2,06/08/2022,15:00,Airdrie Utd,Falkirk,4,0,H,1,0,H,L Wilson,15,12,8,5,8,10,3,2,2,3,0,0,2.05,3.4,3.2,2,3.5,3,2.05,3.4,3.1,1.98,3.85,3.34,2.05,3.3,3.25,2.05,3.5,3.25,2.1,3.98,3.54,2,3.59,3.22,1.75,2.05,1.77,2.04,1.8,2.05,1.75,1.99,-0.25,1.85,2,1.74,2.1,1.85,2.11,1.77,2,2.05,3.4,3.25,2.15,3.2,3,2.15,3.2,3.05,2.15,3.22,3.55,2.3,3,3,2.2,3.25,3.13,2.35,3.66,3.79,2.18,3.24,3.15,2,1.85,1.98,1.86,2,1.94,1.91,1.82,-0.25,1.83,2.02,1.85,2.01,2.03,2.02,1.87,1.89
SC2,06/08/2022,15:00,Alloa,Kelty Hearts,3,1,H,1,0,H,I Snedden,10,6,6,1,16,8,2,5,2,2,0,0,2.1,3.4,3.1,2.05,3.4,3,2.1,3.35,3,2.29,3.38,3.01,2.1,3.2,3.2,2.15,3.3,3.25,2.34,3.6,3.25,2.16,3.36,3.05,1.98,1.88,1.91,1.91,2,2,1.87,1.86,-0.25,1.9,1.95,1.99,1.85,1.99,2,1.89,1.88,2.1,3.4,3.1,2.2,3.25,2.8,2.25,3.2,2.85,2.22,3.32,3.26,2.25,3.1,3,2.3,3.25,3,2.43,3.4,3.3,2.26,3.29,2.93,1.98,1.88,1.94,1.89,1.98,1.9,1.91,1.82,-0.25,2,1.85,1.92,1.93,2.06,1.93,1.96,1.81
SC2,06/08/2022,15:00,Clyde,Peterhead,2,2,D,2,2,D,A Newlands,7,10,6,6,9,10,6,5,1,3,1,0,2.1,3.3,3.1,2.05,3.3,3,2.1,3.25,3.1,2.03,3.35,3.13,2.1,3.1,3.3,2.1,3.3,3.3,2.16,3.55,3.5,2.09,3.34,3.19,2.02,1.83,1.92,1.8,2.02,1.9,1.91,1.81,-0.25,1.85,2,1.78,1.95,1.85,2.01,1.81,1.94,1.9,3.4,3.5,1.93,3.4,3.4,1.97,3.3,3.4,2.01,3.5,3.64,1.91,3.3,3.6,1.93,3.4,3.75,2.03,3.61,3.75,1.96,3.43,3.5,1.98,1.88,1.94,1.89,1.98,1.94,1.9,1.84,-0.5,1.98,1.88,2.01,1.85,2.1,1.88,1.94,1.82
SC2,06/08/2022,15:00,FC Edinburgh,Dunfermline,0,3,A,0,2,A,B Cook,1,25,0,16,9,10,0,16,1,1,1,0,3.8,3.4,1.85,3.2,3.3,2,3.35,3.35,2,3.77,3.73,1.88,3.4,3.4,1.95,3.75,3.5,1.9,3.84,3.8,2.01,3.54,3.51,1.92,1.98,1.88,1.93,1.88,1.98,1.91,1.88,1.85,0.5,1.93,1.93,1.95,1.88,1.95,2,1.86,1.9,4.75,3.6,1.66,4.2,3.5,1.68,4.2,3.55,1.73,4.58,3.89,1.72,4.6,3.6,1.65,4.75,3.7,1.67,4.83,4,1.76,4.41,3.69,1.7,1.95,1.9,1.91,1.93,1.97,1.93,1.87,1.86,0.75,1.93,1.93,1.9,1.95,1.96,2,1.85,1.91
SC2,06/08/2022,15:00,Montrose,Queen of Sth,0,0,D,0,0,D,D Williams,12,13,5,3,12,12,3,8,2,2,0,0,2.3,3.3,2.75,2.3,3.3,2.65,2.35,3.25,2.7,2.45,3.51,2.6,2.35,3.2,2.75,2.45,3.3,2.7,2.5,3.65,2.8,2.38,3.4,2.67,1.93,1.93,1.81,1.99,1.93,2,1.82,1.91,0,1.77,2.02,1.83,1.95,1.84,2.02,1.79,1.96,2.4,3.3,2.62,2.25,3.3,2.7,2.3,3.3,2.75,2.39,3.48,2.84,2.38,3.1,2.8,2.4,3.3,2.8,2.4,3.55,2.89,2.33,3.36,2.76,1.98,1.88,1.93,1.9,1.98,1.91,1.89,1.85,-0.25,2.05,1.8,2.09,1.79,2.1,1.8,2.03,1.76
SC2,13/08/2022,15:00,Alloa,FC Edinburgh,2,4,A,1,2,A,D McFarlane,11,13,5,10,8,10,7,5,3,2,0,1,1.61,3.8,4.75,1.61,3.7,4.5,1.65,3.7,4.5,1.63,4,5.03,1.6,3.5,5.25,1.62,3.75,5.25,1.69,4.1,5.25,1.62,3.82,4.82,1.75,2.05,1.82,2.01,1.82,2.05,1.76,1.99,-0.75,1.83,2.02,1.8,2.05,1.85,2.05,1.79,1.97,1.5,4,5.75,1.49,3.9,5.5,1.5,4,5.5,1.54,4.29,5.76,1.52,3.7,5.8,1.5,3.9,6.5,1.56,4.4,6.5,1.51,4.05,5.63,1.8,2,1.78,2.04,1.81,2.11,1.75,2,-1,1.9,1.95,1.93,1.92,2.02,1.96,1.89,1.88
SC2,13/08/2022,15:00,Clyde,Kelty Hearts,3,0,H,0,0,D,M Roncone,12,8,8,3,12,13,4,7,0,2,0,0,2.6,3.5,2.4,2.4,3.5,2.4,2.45,3.25,2.55,2.56,3.63,2.51,2.25,3.5,2.62,2.6,3.4,2.5,2.65,3.75,2.79,2.51,3.44,2.51,1.72,2.07,1.83,1.99,1.83,2.07,1.76,1.99,0,2,1.85,1.93,1.9,2,1.95,1.89,1.86,2.37,3.5,2.62,2.37,3.2,2.65,2.45,3.15,2.65,2.43,3.29,2.93,2.45,3.1,2.7,2.45,3.4,2.63,2.7,3.55,2.93,2.44,3.29,2.69,1.85,1.95,1.88,1.95,1.97,1.98,1.82,1.91,0,1.85,2,1.75,2.11,1.88,2.12,1.79,1.98
SC2,13/08/2022,15:00,Dunfermline,Montrose,1,0,H,0,0,D,R Hardie,8,5,3,1,12,9,3,5,2,2,0,0,1.8,3.8,3.75,1.77,3.7,3.6,1.83,3.55,3.7,1.82,3.94,3.83,1.73,3.8,3.75,1.83,3.5,4.1,1.87,4,4.2,1.8,3.7,3.85,1.75,2.05,1.76,2.05,1.83,2.05,1.75,1.99,-0.5,1.83,2.02,1.82,2.03,1.87,2.1,1.8,1.96,1.9,3.6,3.4,1.77,3.4,3.9,1.8,3.55,3.85,1.86,3.64,4.07,1.75,3.4,4.2,1.83,3.5,4.1,2,3.82,4.35,1.82,3.58,3.9,1.8,2,1.86,1.98,1.89,2.06,1.79,1.95,-0.5,1.85,2,1.86,2,1.96,2.03,1.83,1.92
SC2,13/08/2022,15:00,Falkirk,Peterhead,3,1,H,1,1,D,S Luke,24,4,16,1,13,13,11,1,1,3,0,1,1.57,4,5,1.57,3.75,4.8,1.57,3.9,4.9,1.51,4.04,6.04,1.52,3.7,5.8,1.53,3.9,5.75,1.62,4.2,6.3,1.53,3.95,5.54,1.88,1.98,1.7,2.1,1.88,2.12,1.75,2,-1,2,1.8,1.84,1.96,2,1.96,1.9,1.86,1.53,4,5.25,1.53,3.9,5,1.53,3.95,5.25,1.59,3.84,5.71,1.53,3.6,5.8,1.55,3.9,5.5,1.6,4.2,6,1.54,3.9,5.49,1.93,1.93,1.87,1.97,1.97,1.97,1.84,1.9,-1,1.95,1.9,2.04,1.82,2.04,1.9,1.97,1.8
SC2,13/08/2022,15:00,Queen of Sth,Airdrie Utd,1,1,D,0,1,A,M MacDermid,18,12,3,5,12,9,4,5,2,0,0,0,2.4,3.4,2.55,2.37,3.25,2.6,2.5,3.25,2.55,2.58,3.67,2.48,2.45,3.1,2.7,2.55,3.25,2.63,2.65,3.73,2.7,2.49,3.38,2.56,1.8,2.05,1.88,1.93,1.88,2.05,1.81,1.93,0,1.85,2,1.95,1.88,1.95,2.05,1.85,1.91,2.62,3.5,2.3,2.7,3.3,2.25,2.7,3.25,2.35,2.81,3.66,2.33,2.9,3.1,2.3,2.88,3.4,2.3,2.98,3.72,2.39,2.78,3.41,2.31,1.98,1.88,1.88,1.96,1.98,1.96,1.85,1.89,0.25,1.8,2,1.82,2.05,1.82,2.05,1.77,1.99
SC2,20/08/2022,15:00,Airdrie Utd,Alloa,2,0,H,1,0,H,A Muir,20,4,9,2,6,9,6,3,0,2,0,0,1.83,3.5,3.75,1.9,3.4,3.4,1.95,3.45,3.45,1.87,3.84,3.72,2,3.25,3.4,1.9,3.5,3.75,2,3.92,3.9,1.89,3.61,3.59,1.66,2.15,1.71,2.11,1.8,2.15,1.7,2.06,-0.5,1.88,1.98,1.87,1.97,1.96,1.98,1.87,1.89,1.83,3.5,3.75,1.75,3.5,3.8,1.8,3.55,3.85,1.74,3.95,4.38,1.75,3.3,4.4,1.75,3.6,4.1,1.88,4.1,4.6,1.74,3.72,4.1,1.66,2.15,1.7,2.16,1.73,2.2,1.68,2.09,-0.75,,,1.95,1.9,2.1,1.9,1.94,1.83
SC2,20/08/2022,15:00,FC Edinburgh,Falkirk,0,3,A,0,1,A,A Newlands,10,17,3,9,16,13,1,8,2,2,0,0,3.5,3.6,1.9,3.2,3.3,1.95,3.25,3.35,2,3.57,3.58,1.98,3.3,3.2,2.05,3.3,3.3,2,3.75,3.66,2.1,3.37,3.49,1.98,1.75,2.05,1.75,2.07,1.78,2.1,1.72,2.03,0.5,1.88,1.93,1.85,1.98,1.88,2.01,1.82,1.94,3.5,3.6,1.9,3.4,3.5,1.82,3.4,3.4,1.95,3.82,3.77,1.88,3.7,3.4,1.88,3.7,3.5,1.91,3.86,3.83,2.01,3.58,3.59,1.88,1.75,2.05,1.74,2.1,1.81,2.12,1.71,2.05,0.5,1.88,1.93,1.97,1.88,1.97,1.98,1.9,1.86
SC2,20/08/2022,15:00,Kelty Hearts,Dunfermline,0,0,D,0,0,D,G Grainger,4,8,2,4,14,14,1,4,1,1,0,0,4,3.6,1.75,4,3.5,1.73,3.9,3.4,1.83,3.81,3.68,1.88,4.2,3.25,1.8,4.1,3.5,1.83,4.2,3.77,1.91,3.89,3.55,1.82,1.75,2.05,1.93,1.89,1.93,2.05,1.82,1.91,0.5,2.02,1.77,1.95,1.88,2.02,1.89,1.92,1.83,3.3,3.4,2,3.2,3.25,2.05,3.2,3.25,2.05,3.36,3.65,2.06,3.3,3.2,2.05,3.5,3.5,1.95,3.56,3.7,2.13,3.28,3.46,2.02,1.8,2,1.89,1.93,1.89,2.01,1.81,1.92,0.25,2.02,1.83,2.04,1.79,2.07,1.85,2,1.77
SC2,20/08/2022,15:00,Montrose,Clyde,2,1,H,1,0,H,C Graham,12,6,4,3,14,13,9,5,3,0,0,0,1.7,3.6,4.33,1.72,3.5,4,1.75,3.45,4.1,1.81,3.4,4.56,1.73,3.3,4.5,1.75,3.6,4.4,1.84,3.75,4.7,1.75,3.55,4.26,1.75,2.05,1.86,1.95,1.86,2.05,1.78,1.95,-0.75,1.98,1.88,2.03,1.79,2.03,1.92,1.95,1.81,1.9,3.4,3.6,1.93,3.3,3.3,1.95,3.3,3.45,1.91,3.51,4,1.95,3.3,3.5,1.93,3.5,3.6,2.05,3.69,4.1,1.93,3.45,3.59,1.8,2,1.79,2.03,1.81,2.05,1.78,1.97,-0.5,1.98,1.88,1.91,1.93,2.01,1.93,1.92,1.84
SC2,20/08/2022,15:00,Peterhead,Queen of Sth,1,4,A,1,2,A,P Stuart,4,10,4,8,10,12,0,6,2,1,0,0,3.4,3.3,1.95,3.1,3.3,2.05,3.3,3.3,2,3.48,3.7,1.97,3.1,3.25,2.1,3.5,3.4,2,3.55,3.78,2.12,3.31,3.48,2,1.75,2.05,1.86,1.96,1.86,2.05,1.79,1.94,0.5,1.77,2.02,1.86,1.97,1.86,2.06,1.79,1.97,4,3.4,1.75,3.75,3.4,1.8,3.9,3.4,1.83,4.32,3.88,1.76,4.2,3.3,1.78,4.1,3.75,1.75,4.33,3.92,1.87,3.98,3.59,1.79,1.8,2,1.79,2.03,1.89,2.03,1.78,1.96,0.5,2.02,1.83,2.11,1.75,2.11,1.85,1.99,1.78
SC2,27/08/2022,15:00,Alloa,Peterhead,5,0,H,3,0,H,M Roncone,12,3,9,0,6,7,8,4,0,0,0,0,1.75,3.5,4.2,1.77,3.5,3.8,1.77,3.6,3.95,1.66,3.92,4.5,1.73,3.5,4.2,1.75,3.5,4.2,1.81,4.1,4.75,1.72,3.7,4.21,1.75,2.05,1.76,2.01,1.78,2.06,1.74,2,-0.75,2,1.8,1.85,1.95,2,1.95,1.9,1.85,1.65,3.6,4.75,1.61,3.8,4.4,1.63,3.8,4.5,1.6,4.31,5.03,1.62,3.7,4.75,1.62,4,4.75,1.71,4.31,5.03,1.63,3.91,4.54,1.66,2.15,1.67,2.2,1.73,2.2,1.66,2.13,-0.75,1.85,2,1.74,2.11,1.85,2.11,1.81,1.96
SC2,27/08/2022,15:00,Dunfermline,Airdrie Utd,1,1,D,0,0,D,G Irvine,12,7,8,1,6,10,5,4,1,2,0,0,1.9,3.4,3.6,1.93,3.3,3.4,2,3.3,3.35,2.11,3.37,3.41,2,3.2,3.5,2,3.4,3.5,2.15,3.52,3.61,2.02,3.37,3.38,1.9,1.95,1.9,1.92,1.9,1.95,1.84,1.9,-0.5,1.98,1.88,2.09,1.75,2.16,1.89,2,1.78,2.15,3.3,3.1,2.15,3.2,2.9,2.2,3.15,3,2.18,3.37,3.32,2.2,3.2,3,2.25,3.25,3.1,2.29,3.45,3.39,2.19,3.27,3.07,1.93,1.93,1.93,1.91,1.97,1.93,1.88,1.85,-0.25,1.95,1.9,1.88,1.97,1.99,1.97,1.9,1.86
SC2,27/08/2022,15:00,Falkirk,Queen of Sth,3,1,H,2,0,H,B Cook,14,8,7,5,15,11,7,2,1,2,0,1,2.15,3.4,3,2.15,3.3,2.85,2.2,3.25,2.9,2.17,3.31,2.92,2.2,3.25,3,2.2,3.4,3,2.29,3.53,3.1,2.19,3.38,2.96,1.8,2,1.75,1.95,1.8,2.05,1.76,1.98,-0.25,1.95,1.9,1.95,1.88,2,1.9,1.92,1.84,2.25,3.3,2.87,2.25,3.3,2.7,2.25,3.3,2.75,2.21,3.71,2.98,2.25,3.25,2.88,2.25,3.4,2.9,2.39,3.72,3.08,2.27,3.44,2.8,1.83,2.02,1.79,2.03,1.83,2.03,1.77,1.97,-0.25,1.98,1.88,1.94,1.91,2.09,1.91,1.99,1.79
SC2,27/08/2022,15:00,FC Edinburgh,Clyde,2,0,H,1,0,H,S Kirkland,9,15,6,8,10,13,2,8,1,4,0,0,2.5,3.4,2.55,2.45,3.25,2.5,2.4,3.25,2.6,2.63,3.63,2.36,2.5,3.4,2.45,2.5,3.3,2.45,2.7,3.78,2.7,2.51,3.46,2.49,1.75,2.05,1.72,2.07,1.75,2.1,1.73,2.03,0,1.9,1.95,2.01,1.8,2.01,2,1.91,1.85,2.7,3.4,2.37,2.65,3.3,2.3,2.65,3.35,2.35,2.68,3.65,2.44,2.8,3.25,2.3,2.7,3.5,2.38,2.8,3.66,2.45,2.68,3.45,2.34,1.75,2.05,1.76,2.06,1.79,2.1,1.74,2.02,0,2,1.85,2.02,1.84,2.04,1.86,2,1.79
SC2,27/08/2022,15:00,Montrose,Kelty Hearts,3,0,H,1,0,H,G Duncan,12,12,7,5,13,19,10,3,2,2,0,0,1.95,3.4,3.5,1.93,3.4,3.3,2,3.35,3.35,1.97,3.59,3.59,1.95,3.3,3.5,1.95,3.4,3.7,2.03,3.68,3.7,1.96,3.48,3.46,1.75,2.05,1.79,2.01,1.8,2.1,1.76,1.99,-0.5,2,1.85,1.97,1.87,2,1.87,1.94,1.82,1.95,3.4,3.5,1.85,3.4,3.6,1.9,3.35,3.55,1.93,3.72,3.72,1.88,3.3,3.75,1.91,3.5,3.7,1.99,3.75,4,1.89,3.49,3.64,1.75,2.05,1.78,2.04,1.8,2.05,1.75,1.99,-0.5,2,1.85,1.93,1.93,2,1.97,1.9,1.86
SC2,03/09/2022,15:00,Airdrie Utd,FC Edinburgh,0,6,A,0,2,A,G Grainger,10,14,3,9,3,6,6,3,1,1,1,0,1.45,4.2,5,1.44,4.1,5.75,1.45,4.2,6,1.42,4.56,7.13,1.38,4.2,7.5,1.45,4,7,1.48,4.7,7.5,1.43,4.32,6.42,1.7,2.1,1.64,2.24,1.74,2.25,1.67,2.11,-1.25,2.08,1.73,1.94,1.89,2.08,1.89,1.96,1.8,1.33,4.75,6.5,1.34,4.75,7,1.35,4.6,7,1.36,4.86,8.64,1.3,4.5,8.5,1.33,4.6,8.5,1.4,5.13,9,1.34,4.72,7.56,1.65,2.2,1.65,2.25,1.72,2.25,1.64,2.16,-1.25,1.8,2.05,1.82,2.05,1.88,2.05,1.79,1.98
SC2,03/09/2022,15:00,Clyde,Alloa,2,4,A,1,1,D,B Cook,13,9,5,4,11,13,6,4,2,5,0,0,2.37,3.5,2.5,2.25,3.3,2.65,2.35,3.3,2.65,2.52,3.48,2.63,2.45,3.2,2.62,2.5,3.3,2.63,2.58,3.6,2.82,2.42,3.42,2.62,1.75,2.05,1.78,2.02,1.8,2.07,1.74,2,0,1.85,2,1.88,1.96,1.88,2.01,1.81,1.95,2.62,3.5,2.25,2.65,3.3,2.3,2.7,3.25,2.35,2.65,3.58,2.48,2.7,3.2,2.4,2.75,3.3,2.4,2.8,3.64,2.54,2.69,3.4,2.37,1.8,2,1.79,2.03,1.81,2.06,1.76,1.97,0,2.05,1.8,2,1.85,2.11,1.86,1.99,1.78
SC2,03/09/2022,15:00,Kelty Hearts,Falkirk,2,0,H,2,0,H,M Roncone,9,9,4,5,11,10,3,4,3,1,0,0,3,3.5,2,3.1,3.4,2,3.15,3.4,2.05,3.21,3.66,2.08,3.3,3.25,2.05,3.3,3.3,2.1,3.45,3.74,2.11,3.19,3.5,2.04,1.75,2.05,1.79,2.01,1.8,2.07,1.76,1.98,0.25,2,1.85,2.01,1.83,2.13,1.88,1.97,1.8,2.87,3.4,2.15,3,3.25,2.1,2.95,3.3,2.15,3.07,3.56,2.22,3,3.2,2.2,3,3.4,2.2,3.14,3.62,2.25,2.99,3.41,2.17,1.93,1.93,1.79,2.03,1.93,2.07,1.78,1.96,0.25,1.88,1.98,1.88,1.98,1.95,1.99,1.85,1.91
SC2,03/09/2022,15:00,Peterhead,Montrose,0,2,A,0,1,A,C Fordyce,9,9,2,3,10,14,7,3,3,2,0,1,3.5,3.75,1.83,3.8,3.4,1.8,3.6,3.55,1.85,3.81,3.64,1.85,3.9,3.4,1.83,4,3.4,1.87,4.1,3.8,1.9,3.8,3.61,1.83,1.85,2,1.83,1.96,1.85,2,1.8,1.93,0.5,1.95,1.9,1.96,1.85,2.07,1.9,1.93,1.83,4.2,3.8,1.66,4.33,3.7,1.65,4.3,3.7,1.7,5.21,4.15,1.6,5,3.6,1.6,5,3.8,1.62,5.3,4.3,1.73,4.64,3.88,1.63,1.9,1.95,1.78,2.05,1.97,2.05,1.79,1.95,0.75,1.93,1.93,2.09,1.77,2.09,1.93,1.97,1.8
SC2,03/09/2022,15:00,Queen of Sth,Dunfermline,0,2,A,0,2,A,S Luke,5,14,2,7,11,14,4,4,4,4,0,0,2.8,3.4,2.2,2.7,3.25,2.25,2.75,3.25,2.3,2.86,3.7,2.18,2.8,3.2,2.3,2.9,3.3,2.3,2.91,3.85,2.35,2.81,3.45,2.26,1.85,2,1.79,1.93,1.87,2,1.8,1.93,0.25,1.83,2.02,1.78,1.93,1.83,2.1,1.78,1.98,2.87,3.5,2.1,2.85,3.3,2.15,2.85,3.3,2.25,3.07,3.66,2.18,2.88,3.2,2.3,3,3.4,2.2,3.1,3.68,2.3,2.94,3.43,2.19,1.85,2,1.83,2.01,1.97,2.01,1.82,1.91,0.25,1.93,1.93,1.94,1.91,1.94,2,1.85,1.91
SC2,17/09/2022,15:00,Airdrie Utd,Clyde,5,0,H,1,0,H,G Duncan,19,10,8,3,11,9,6,2,5,1,0,0,1.55,4,4.75,1.55,3.7,4.8,1.6,3.8,4.7,1.51,4.06,5.03,1.55,3.75,5.25,1.5,3.8,5.25,1.64,4.4,5.6,1.56,4,5.02,1.72,2.07,1.65,2.1,1.73,2.15,1.69,2.07,-1,2,1.8,1.93,1.9,2.05,1.9,1.94,1.83,1.66,3.75,4.33,1.66,3.6,4.2,1.67,3.65,4.4,1.66,4.1,4.76,1.67,3.5,4.6,1.62,3.7,4.4,1.71,4.2,4.8,1.66,3.82,4.48,1.72,2.07,1.72,2.12,1.8,2.12,1.72,2.03,-0.75,1.9,1.95,1.84,2.02,1.95,2.02,1.85,1.91
SC2,17/09/2022,15:00,Alloa,Montrose,2,1,H,0,0,D,A Muir,9,10,5,4,14,14,2,8,3,2,0,0,2.2,3.75,2.55,2.3,3.25,2.65,2.3,3.35,2.65,2.3,3.62,2.83,2.3,3.25,2.8,2.2,3.3,2.75,2.37,3.85,2.88,2.27,3.49,2.75,1.72,2.07,1.78,2.03,1.78,2.1,1.72,2.03,-0.25,2.02,1.77,2.02,1.83,2.1,1.83,1.99,1.77,2.4,3.6,2.4,2.4,3.25,2.5,2.5,3.3,2.5,2.58,3.64,2.53,2.55,3.2,2.5,2.45,3.3,2.45,2.6,3.74,2.6,2.5,3.43,2.51,1.75,2.05,1.79,2.03,1.89,2.05,1.75,1.99,0,1.9,1.95,1.95,1.9,1.97,1.98,1.88,1.88
SC2,17/09/2022,15:00,Dunfermline,Falkirk,1,1,D,0,1,A,C Graham,13,10,3,2,10,16,8,4,2,2,0,0,1.8,3.5,3.6,1.83,3.4,3.5,1.95,3.4,3.5,1.96,3.54,3.67,1.88,3.4,3.7,1.83,3.4,3.6,1.96,3.89,3.9,1.87,3.56,3.64,1.72,2.07,1.87,1.95,1.88,2.07,1.77,1.97,-0.5,1.93,1.93,1.96,1.88,1.96,1.95,1.87,1.89,1.8,3.4,3.6,1.8,3.4,3.6,1.9,3.45,3.65,1.84,3.66,4.05,1.83,3.4,3.8,1.8,3.4,3.8,1.97,3.75,4.1,1.83,3.57,3.81,1.8,2,1.85,1.98,1.85,2.02,1.78,1.96,-0.5,1.9,1.95,1.85,2.01,1.97,2.02,1.83,1.93
SC2,17/09/2022,15:00,Peterhead,Kelty Hearts,2,1,H,1,0,H,S Kirkland,6,13,3,4,18,12,4,10,3,4,1,0,2.9,3.8,1.95,2.85,3.4,2.1,2.85,3.45,2.15,3.08,3.78,2.11,3.1,3.3,2.1,3,3.4,2.05,3.1,3.8,2.23,2.95,3.57,2.13,1.7,2.1,1.74,2.07,1.74,2.15,1.7,2.06,0.25,2.05,1.8,1.98,1.86,2.05,2.02,1.88,1.88,3,4,1.85,3.3,3.5,1.87,3.35,3.6,1.95,3.66,3.87,1.9,3.8,3.4,1.83,3.5,3.4,1.85,3.82,4,1.95,3.5,3.69,1.88,1.7,2.1,1.75,2.08,1.75,2.11,1.7,2.07,0.5,1.9,1.95,1.95,1.9,1.95,1.95,1.88,1.88
SC2,17/09/2022,15:00,Queen of Sth,FC Edinburgh,4,1,H,1,0,H,D Williams,17,1,9,1,7,7,3,1,2,1,0,0,1.85,4,3.25,1.88,3.5,3.25,1.95,3.65,3.25,1.92,3.56,3.8,1.85,3.75,3.4,1.83,3.4,3.6,2.03,4,4.1,1.89,3.66,3.49,1.72,2.07,1.74,2.09,1.74,2.15,1.7,2.06,-0.5,1.9,1.95,1.92,1.92,1.95,1.95,1.89,1.86,1.9,4,3.2,1.85,3.6,3.3,1.95,3.7,3.25,2,3.79,3.41,1.91,3.5,3.4,1.83,3.5,3.5,2,4,3.6,1.91,3.72,3.39,1.65,2.2,1.67,2.2,1.73,2.2,1.65,2.13,-0.5,2,1.85,2,1.86,2,1.95,1.91,1.85
SC2,01/10/2022,15:00,Dunfermline,Peterhead,2,2,D,0,0,D,B Cook,16,4,5,2,9,9,6,1,3,4,0,0,1.28,4.75,8.5,1.26,5.25,8.5,1.27,5.25,9,1.23,6.02,11.85,1.25,5,10,1.25,4.8,9,1.29,6.2,12,1.26,5.33,9.73,1.61,2.25,1.6,2.26,1.64,2.38,1.59,2.24,-1.5,1.88,1.98,1.79,2.03,1.88,2.03,1.82,1.94,1.2,5.5,10,1.21,5.75,10,1.2,6,11,1.17,7.16,18.16,1.2,5.25,13,1.18,5.5,11.5,1.23,7.3,19,1.19,6.11,12.6,1.6,2.3,1.55,2.4,1.61,2.43,1.56,2.31,-1.75,1.95,1.9,1.77,2.07,2,2.1,1.81,1.96
SC2,01/10/2022,15:00,Falkirk,Clyde,2,0,H,2,0,H,G Grainger,21,8,6,3,10,9,11,5,1,1,0,0,1.65,3.8,4.33,1.65,3.6,4.2,1.7,3.65,4.2,1.68,3.97,4.62,1.65,3.6,4.6,1.62,3.7,4.4,1.72,4.1,4.75,1.66,3.82,4.43,1.7,2.1,1.71,2.12,1.74,2.14,1.7,2.06,-0.75,1.88,1.98,1.85,1.98,1.95,1.98,1.84,1.91,1.6,4,4.5,1.61,3.75,4.33,1.63,3.85,4.5,1.59,4.25,5.18,1.6,3.75,4.8,1.53,3.8,4.75,1.65,4.3,5.18,1.6,3.99,4.67,1.61,2.25,1.61,2.27,1.67,2.32,1.6,2.23,-1,2,1.8,2.01,1.85,2.1,1.85,2.01,1.77
SC2,01/10/2022,15:00,Kelty Hearts,Airdrie Utd,1,0,H,0,0,D,S Kirkland,11,8,2,3,4,7,4,6,3,0,0,0,3.2,3.6,2,3.1,3.3,1.98,3.25,3.4,2.05,3.23,3.55,2.11,3.4,3.25,2,3.3,3.4,1.9,3.45,3.7,2.14,3.25,3.5,2.01,1.72,2.07,1.82,2.01,1.82,2.1,1.73,2.01,0.25,2.05,1.8,1.99,1.85,2.08,1.85,1.98,1.78,3.1,3.6,2.05,2.85,3.3,2.1,3,3.3,2.15,3.36,3.51,2.1,3.2,3.3,2.05,3.1,3.4,2,3.39,3.62,2.17,3.14,3.45,2.08,1.75,2.05,1.79,2.02,1.81,2.06,1.75,2,0.25,2,1.85,2.03,1.83,2.03,1.89,1.95,1.81
SC2,01/10/2022,15:00,Montrose,FC Edinburgh,1,2,A,1,1,D,C Graham,10,13,3,7,11,14,1,9,1,3,0,0,1.65,3.8,4.5,1.66,3.5,4.2,1.65,3.85,4.4,1.65,3.97,4.81,1.63,3.6,4.75,1.62,3.6,4.5,1.74,4.1,4.81,1.66,3.8,4.47,1.72,2.07,1.72,2.1,1.74,2.1,1.71,2.05,-0.75,1.85,2,1.83,2.02,1.95,2.02,1.83,1.92,1.75,3.75,4,1.72,3.6,3.8,1.65,3.85,4.3,1.72,3.99,4.41,1.6,3.75,4.75,1.67,3.6,4.1,1.89,4.1,4.75,1.7,3.81,4.2,1.66,2.15,1.68,2.2,1.71,2.2,1.66,2.12,-0.75,2,1.85,1.92,1.93,2.08,1.98,1.92,1.85
SC2,01/10/2022,15:00,Queen of Sth,Alloa,1,1,D,1,0,H,S Scott,13,3,7,2,13,11,9,2,2,2,0,0,2.3,3.4,2.75,2.25,3.3,2.65,2.4,3.3,2.6,2.4,3.69,2.65,2.45,3.25,2.6,2.38,3.3,2.55,2.45,3.79,2.75,2.38,3.46,2.63,1.72,2.07,1.74,2.07,1.75,2.1,1.71,2.05,0,1.8,2,1.83,2.02,1.83,2.02,1.78,1.97,2.15,3.4,3,2.05,3.4,2.95,2.15,3.35,3,2.04,3.94,3.18,2.05,3.4,3.1,2.05,3.4,3,2.17,3.94,3.18,2.08,3.57,3.05,1.7,2.1,1.65,2.25,1.71,2.25,1.66,2.13,-0.25,1.95,1.9,1.8,2.04,1.95,2.04,1.84,1.92
SC2,04/10/2022,19:45,Montrose,Airdrie Utd,4,2,H,2,0,H,A Newlands,12,24,9,6,10,8,3,9,0,0,0,0,2.45,3.3,2.62,2.4,3.25,2.5,2.5,3.2,2.55,2.5,3.52,2.63,2.5,3.2,2.55,2.4,3.25,2.55,2.55,3.61,2.67,2.48,3.36,2.57,1.88,1.98,1.85,1.97,1.88,2.03,1.81,1.93,0,1.85,2,1.87,1.97,1.94,2,1.85,1.91,2.45,3.3,2.62,2.5,3.2,2.45,2.55,3.15,2.5,2.51,3.54,2.66,2.45,3.2,2.62,2.4,3.25,2.5,2.6,3.58,2.69,2.5,3.32,2.56,1.88,1.98,1.85,1.99,1.97,1.99,1.82,1.91,0,1.85,2,1.87,1.99,1.94,2,1.85,1.91
SC2,05/10/2022,19:45,FC Edinburgh,Peterhead,2,0,H,0,0,D,M MacDermid,16,8,9,1,10,5,6,2,1,0,0,0,1.57,4,4.75,1.62,3.75,4.2,1.65,3.75,4.4,1.67,3.46,4.42,1.67,3.6,4.5,1.65,3.6,4.2,1.74,4,4.8,1.66,3.76,4.46,1.66,2.15,1.66,2.06,1.74,2.15,1.68,2.08,-0.75,2.05,1.75,1.86,1.86,1.95,1.95,1.87,1.87,1.57,4,4.75,1.58,3.8,4.4,1.6,3.85,4.7,1.65,4.01,5.28,1.6,3.8,4.75,1.55,3.8,4.75,1.65,4.2,5.28,1.6,3.95,4.75,1.65,2.2,1.6,2.29,1.69,2.29,1.61,2.21,-1,2.02,1.83,2.11,1.84,2.11,1.84,2.03,1.76
SC2,08/10/2022,15:00,Airdrie Utd,Queen of Sth,3,3,D,2,2,D,P Stuart,8,11,5,9,9,10,3,3,0,2,1,0,1.7,3.8,3.8,1.73,3.6,3.75,1.8,3.6,3.8,1.93,3.92,3.44,1.78,3.5,3.9,1.83,3.5,3.5,2.05,3.92,4.5,1.82,3.7,3.73,1.72,2.07,1.71,2.11,1.74,2.11,1.7,2.06,-0.5,1.8,2,1.93,1.91,2.01,2.05,1.85,1.91,1.95,3.6,3.1,1.93,3.4,3.25,2,3.4,3.2,1.96,3.76,3.56,2,3.4,3.25,1.93,3.4,3.25,2.1,3.8,3.9,1.98,3.56,3.3,1.72,2.07,1.72,2.12,1.81,2.13,1.7,2.07,-0.5,2,1.85,1.96,1.89,2.04,1.92,1.96,1.81
SC2,08/10/2022,15:00,Alloa,Dunfermline,0,3,A,0,2,A,A Newlands,10,10,5,3,6,8,5,2,0,2,0,0,3,3.4,2.05,3,3.3,2.05,3.05,3.3,2.1,3.44,3.5,2.05,3.3,3.25,2.05,3.13,3.25,2.05,3.5,3.61,2.16,3.21,3.42,2.06,1.9,1.95,1.88,1.93,1.9,1.95,1.84,1.89,0.25,1.95,1.9,2.05,1.78,2.05,1.96,1.96,1.8,3.3,3.5,1.9,3.25,3.2,1.98,3.35,3.3,2,3.65,3.61,1.97,3.5,3.3,1.95,3.4,3.3,1.91,3.67,3.67,2.05,3.44,3.44,1.96,1.9,1.95,1.82,2.02,1.94,2.02,1.83,1.91,0.5,1.85,2,1.88,1.97,1.88,2.04,1.8,1.97
SC2,08/10/2022,15:00,Clyde,Montrose,1,3,A,0,0,D,R Hardie,5,13,3,6,15,14,4,2,4,1,1,0,3,3.4,2.15,2.85,3.25,2.15,2.9,3.3,2.25,3.19,3.59,2.11,3.2,3.3,2.05,2.9,3.3,2.1,3.25,3.68,2.26,3.03,3.43,2.14,1.75,2.05,1.74,2.07,1.8,2.08,1.75,1.99,0.25,1.93,1.93,1.99,1.85,1.99,1.99,1.9,1.87,3.1,3.4,2.1,3,3.3,2.05,3.05,3.35,2.15,3.12,3.56,2.19,3.1,3.4,2.05,3,3.3,2.05,3.2,3.63,2.21,3.08,3.46,2.1,1.75,2.05,1.73,2.11,1.78,2.16,1.71,2.05,0.25,1.98,1.88,1.93,1.92,2,1.92,1.92,1.83
SC2,08/10/2022,15:00,FC Edinburgh,Kelty Hearts,2,0,H,1,0,H,G Aitken,10,5,3,0,7,11,1,4,1,2,0,0,2.37,3.4,2.55,2.35,3.3,2.5,2.45,3.3,2.55,2.59,3.64,2.47,2.45,3.25,2.6,2.45,3.25,2.45,2.64,3.71,2.65,2.48,3.46,2.52,1.72,2.07,1.77,2.03,1.77,2.1,1.71,2.05,0,1.9,1.95,1.96,1.88,1.98,2,1.88,1.89,2.6,3.4,2.37,2.6,3.25,2.35,2.65,3.3,2.35,2.66,3.8,2.39,2.7,3.25,2.38,2.6,3.3,2.3,2.75,3.85,2.46,2.64,3.48,2.36,1.7,2.1,1.7,2.15,1.75,2.19,1.69,2.07,0,2.02,1.83,2.03,1.83,2.03,1.87,1.98,1.79
SC2,08/10/2022,15:00,Peterhead,Falkirk,0,4,A,0,1,A,D McFarlane,3,16,1,7,14,9,3,5,3,2,0,1,4.33,3.8,1.61,4.1,3.5,1.68,4.3,3.7,1.7,4.91,3.98,1.64,4.4,3.6,1.7,4.5,3.7,1.6,4.91,4.1,1.7,4.47,3.82,1.66,1.72,2.07,1.74,2.08,1.76,2.15,1.72,2.04,0.75,2,1.85,2.04,1.81,2.04,1.95,1.93,1.84,5,4,1.53,5,4,1.49,5.25,4,1.53,5.51,4.2,1.57,5.5,3.9,1.5,5.25,3.8,1.5,5.6,4.33,1.58,5.29,4.08,1.53,1.7,2.1,1.72,2.13,1.73,2.13,1.69,2.07,1,1.85,2,1.89,1.96,1.95,2,1.86,1.92
SC2,11/10/2022,19:45,Kelty Hearts,Queen of Sth,1,0,H,1,0,H,I Snedden,6,8,2,0,16,16,4,8,2,4,0,0,2.9,3.4,2.2,2.75,3.2,2.25,2.85,3.2,2.25,2.95,3.36,2.34,2.88,3.2,2.25,2.75,3.2,2.25,3,3.47,2.36,2.87,3.31,2.28,1.98,1.88,1.93,1.89,1.98,1.91,1.87,1.86,0.25,1.83,2.02,1.82,2.03,1.83,2.1,1.78,1.99,2.87,3.3,2.25,2.75,3.2,2.25,2.8,3.15,2.35,3.05,3.39,2.3,2.88,3.2,2.25,2.8,3.2,2.2,3.11,3.5,2.35,2.86,3.3,2.28,1.9,1.95,1.92,1.92,1.97,1.95,1.86,1.87,0.25,1.85,2,1.86,1.99,1.86,2.06,1.79,1.98
SC2,15/10/2022,15:00,Alloa,Airdrie Utd,2,0,H,0,0,D,S Lambie,9,6,4,2,6,8,4,5,3,1,0,0,2.55,3.3,2.4,2.55,3.4,2.3,2.6,3.3,2.4,2.77,3.79,2.28,2.55,3.4,2.4,2.55,3.4,2.3,2.85,3.83,2.46,2.67,3.5,2.33,1.7,2.1,1.67,2.19,1.73,2.2,1.66,2.12,0.25,1.68,2.15,1.83,2.01,1.86,2.15,1.76,2,2.7,3.3,2.3,2.65,3.25,2.25,2.7,3.3,2.3,2.74,3.79,2.33,2.75,3.3,2.3,2.7,3.3,2.25,2.85,3.83,2.37,2.72,3.47,2.3,1.72,2.07,1.72,2.12,1.73,2.26,1.69,2.08,0.25,1.77,2.02,1.81,2.06,1.81,2.13,1.76,2.01
SC2,15/10/2022,15:00,Dunfermline,FC Edinburgh,1,0,H,0,0,D,S Kirkland,15,6,3,1,6,12,8,2,1,3,0,0,1.57,3.6,5,1.53,3.75,5,1.53,3.85,5.5,1.49,4.09,6.22,1.52,3.7,5.8,1.5,3.7,5.5,1.57,4.3,6.5,1.52,3.97,5.6,1.8,2,1.74,2.04,1.82,2.05,1.77,1.97,-1,1.95,1.85,1.86,1.94,2,1.95,1.88,1.89,1.55,3.5,5.25,1.53,3.75,5,1.53,3.8,5.5,1.54,4.26,5.72,1.52,3.8,5.5,1.5,3.8,5.25,1.57,4.33,6,1.53,3.96,5.47,1.88,1.98,1.78,2.04,1.89,2.04,1.79,1.95,-1,1.98,1.88,1.94,1.91,2.02,1.95,1.93,1.84
SC2,15/10/2022,15:00,Kelty Hearts,Clyde,2,1,H,0,0,D,L Wilson,6,6,4,4,9,10,5,1,0,3,0,0,2.1,3.3,2.9,2.15,3.2,2.87,2.2,3.2,2.9,2.11,3.33,2.96,2.25,3.25,2.9,2.1,3.3,2.9,2.28,3.6,3.25,2.17,3.37,2.99,1.75,2.05,1.65,2.08,1.87,2.15,1.73,2.01,-0.25,1.93,1.93,1.85,1.88,1.95,1.97,1.88,1.87,1.83,3.5,3.5,1.83,3.25,3.7,1.9,3.3,3.7,1.88,3.48,4.19,1.83,3.3,3.9,1.87,3.25,3.6,1.93,3.62,4.3,1.87,3.4,3.81,2.02,1.83,2.03,1.81,2.04,1.95,1.93,1.8,-0.5,1.95,1.9,1.88,1.97,1.95,1.97,1.88,1.88
SC2,15/10/2022,15:00,Montrose,Falkirk,1,1,D,1,1,D,M MacDermid,10,9,4,4,10,13,6,9,1,3,0,0,2.25,3.2,2.87,2.25,3.2,2.7,2.35,3.15,2.8,2.45,3.33,2.8,2.35,3.2,2.8,2.38,3.2,2.63,2.49,3.46,2.9,2.34,3.3,2.79,1.95,1.9,1.97,1.85,1.97,1.9,1.88,1.85,-0.25,2.02,1.83,2.11,1.73,2.11,1.83,2.04,1.74,2.5,3.3,2.45,2.4,3.25,2.5,2.45,3.25,2.55,2.6,3.56,2.55,2.45,3.3,2.55,2.45,3.25,2.5,2.6,3.64,2.66,2.46,3.41,2.54,1.8,2,1.74,2.09,1.8,2.14,1.73,2.02,0,1.95,1.9,1.94,1.91,1.95,2.05,1.86,1.91
SC2,15/10/2022,15:00,Queen of Sth,Peterhead,2,0,H,1,0,H,G Duncan,12,6,7,1,11,10,10,2,0,2,0,0,1.5,4,5.25,1.49,3.9,5.25,1.53,3.95,5.25,1.52,4.33,5.71,1.52,3.8,5.5,1.45,4,5.5,1.57,4.4,5.8,1.51,4.1,5.37,1.7,2.1,1.67,2.19,1.7,2.2,1.66,2.13,-1,1.85,2,1.85,2,1.95,2,1.84,1.92,1.53,4,5,1.46,4.1,5.5,1.47,4.2,5.75,1.48,4.53,6.25,1.47,4,5.8,1.45,4,5.5,1.53,4.6,6.4,1.47,4.28,5.7,1.65,2.2,1.64,2.27,1.67,2.28,1.62,2.19,-1,1.93,1.93,1.75,2.1,1.93,2.1,1.78,2
SC2,18/10/2022,19:45,Clyde,Dunfermline,0,2,A,0,1,A,C Fordyce,4,15,2,5,12,12,2,7,4,4,0,0,5.5,4,1.5,5,3.9,1.51,5.5,3.9,1.53,5.9,4.16,1.53,5.8,3.8,1.5,5.5,3.9,1.45,6,4.2,1.56,5.53,4.04,1.51,1.8,2,1.72,2.11,1.8,2.12,1.73,2.02,1,1.93,1.93,1.94,1.89,1.94,2,1.88,1.89,7,4.2,1.4,5.75,4,1.44,6.25,4.1,1.43,6.99,4.4,1.46,7,4,1.42,6.5,4.2,1.36,7.2,4.5,1.47,6.49,4.25,1.43,1.8,2,1.74,2.1,1.81,2.1,1.73,2.01,1,2.05,1.75,2.11,1.74,2.14,1.89,2.05,1.74
SC2,18/10/2022,19:45,Falkirk,Alloa,3,1,H,3,0,H,G Beaton,9,9,6,3,8,8,4,4,0,0,0,0,1.72,3.6,4.2,1.7,3.5,4.1,1.77,3.55,4.1,1.73,3.86,4.39,1.73,3.5,4.2,1.67,3.6,4.1,1.78,3.98,4.5,1.72,3.71,4.19,1.72,2.07,1.69,2.15,1.72,2.17,1.68,2.09,-0.75,1.95,1.85,1.93,1.9,2,1.9,1.92,1.84,1.85,3.3,3.8,1.8,3.4,3.6,1.95,3.35,3.6,1.89,3.69,3.88,1.83,3.5,3.75,1.83,3.5,3.5,1.95,3.8,4.17,1.86,3.55,3.68,1.75,2.05,1.71,2.15,1.75,2.17,1.68,2.08,-0.5,1.9,1.95,1.89,1.96,1.92,2,1.85,1.89
SC2,22/10/2022,15:00,Clyde,Queen of Sth,1,2,A,0,1,A,A Newlands,12,7,3,3,17,10,1,2,3,3,0,0,4,3.5,1.8,3.4,3.3,1.9,3.75,3.4,1.9,3.65,3.65,1.93,3.9,3.3,1.83,3.75,3.4,1.8,4,3.7,1.97,3.73,3.53,1.87,1.8,2,1.91,1.91,1.91,2,1.83,1.9,0.5,2,1.85,1.9,1.93,2,1.95,1.89,1.87,4,3.6,1.8,3.6,3.5,1.78,3.75,3.45,1.85,3.95,3.88,1.83,3.8,3.4,1.83,3.8,3.5,1.75,4.2,3.89,1.87,3.86,3.62,1.8,1.72,2.07,1.75,2.09,1.8,2.09,1.74,1.99,0.5,2.02,1.83,2.04,1.83,2.04,1.85,1.96,1.79
SC2,22/10/2022,15:00,Falkirk,Kelty Hearts,2,3,A,0,2,A,C Fordyce,15,10,6,6,10,13,7,4,1,4,0,0,1.7,3.6,4.5,1.77,3.4,3.9,1.73,3.6,4.1,1.73,3.92,4.34,1.75,3.4,4.2,1.65,3.5,4.33,1.81,3.98,4.5,1.74,3.67,4.17,1.83,2.02,1.75,2.06,1.87,2.06,1.78,1.96,-0.75,1.95,1.9,1.95,1.88,2.05,1.9,1.95,1.83,1.53,3.8,5.75,1.53,3.8,5,1.53,3.95,5.25,1.47,4.48,6.45,1.55,3.7,5.5,1.45,3.9,5.75,1.59,4.5,6.5,1.52,4.02,5.5,1.83,2.02,1.74,2.1,1.83,2.1,1.75,1.99,-1,1.93,1.88,1.82,2.04,2,2.04,1.9,1.87
SC2,22/10/2022,15:00,FC Edinburgh,Airdrie Utd,3,1,H,1,0,H,G Beaton,10,14,6,7,8,2,6,6,2,1,0,0,3.1,3.6,2.05,3.2,3.25,1.98,3.25,3.35,2,3.48,3.64,1.99,3.3,3.4,2,3.3,3.25,1.95,3.58,3.71,2.06,3.36,3.49,1.98,1.83,2.02,1.81,2.02,1.83,2.02,1.77,1.96,0.25,2.02,1.83,2.11,1.74,2.11,1.83,2.04,1.73,3,3.6,2.1,2.87,3.25,2.15,2.9,3.3,2.2,2.75,3.63,2.39,3,3.25,2.2,2.88,3.3,2.15,3.1,3.7,2.39,2.9,3.46,2.19,1.85,2,1.75,2.09,1.85,2.09,1.75,1.99,0.25,1.93,1.93,1.77,2.08,1.98,2.08,1.86,1.9
SC2,22/10/2022,15:00,Montrose,Dunfermline,2,0,H,0,0,D,I Snedden,7,10,4,4,19,8,1,6,1,2,0,0,2.87,3.4,2.25,2.45,3.2,2.5,2.75,3.25,2.35,2.78,3.55,2.36,2.7,3.2,2.4,2.75,3.2,2.25,2.87,3.62,2.63,2.71,3.38,2.37,1.8,2,1.91,1.91,1.91,2,1.84,1.89,0,2.2,1.7,2.07,1.76,2.2,1.84,2.03,1.75,2.87,3.4,2.25,2.55,3.2,2.37,2.65,3.25,2.45,2.67,3.29,2.64,2.75,3.2,2.38,2.6,3.2,2.38,2.88,3.44,2.71,2.65,3.29,2.44,1.8,2,1.93,1.9,1.93,2,1.85,1.88,0,2.2,1.7,1.93,1.91,2.2,1.92,1.96,1.81
SC2,22/10/2022,15:00,Peterhead,Alloa,0,2,A,0,0,D,S Luke,8,11,3,4,9,7,4,6,2,0,0,0,4,3.75,1.75,3.3,3.5,1.87,3.85,3.65,1.75,3.99,3.85,1.81,4,3.6,1.75,3.9,3.5,1.73,4.1,3.97,1.85,3.89,3.74,1.77,1.65,2.2,1.67,2.19,1.68,2.21,1.64,2.16,0.5,2.05,1.8,2.03,1.79,2.05,1.86,1.99,1.77,4.2,3.75,1.72,4,3.5,1.7,4.1,3.6,1.73,4.45,3.8,1.76,4.33,3.5,1.7,4.1,3.5,1.7,4.6,3.92,1.77,4.27,3.69,1.71,1.85,1.95,1.85,1.99,1.85,2.1,1.78,1.95,0.75,1.85,2,1.88,1.98,1.95,2,1.84,1.92
SC2,29/10/2022,15:00,Airdrie Utd,Montrose,4,0,H,3,0,H,D McFarlane,7,2,4,0,4,6,7,4,0,3,0,0,2.1,3.5,3,2.05,3.3,3,2.15,3.35,3,2.22,3.52,3.03,2.1,3.3,3.1,2.1,3.4,2.9,2.22,3.6,3.2,2.13,3.47,2.99,1.7,2.1,1.73,2.09,1.74,2.11,1.7,2.06,-0.25,1.9,1.9,1.94,1.89,1.97,1.95,1.88,1.88,2.5,3.4,2.5,2.37,3.3,2.5,2.45,3.25,2.55,2.32,3.6,2.87,2.5,3.25,2.55,2.45,3.3,2.45,2.7,3.7,2.87,2.5,3.42,2.52,1.72,2.07,1.72,2.13,1.72,2.2,1.68,2.08,0,1.88,1.98,1.72,2.14,1.96,2.14,1.85,1.91
SC2,29/10/2022,15:00,Alloa,Clyde,2,1,H,1,1,D,S Kirkland,8,8,4,4,11,18,3,5,1,3,0,1,1.61,3.75,4.75,1.63,3.7,4.2,1.7,3.65,4.3,1.72,3.67,4.73,1.65,3.6,4.6,1.62,3.7,4.4,1.73,4,4.75,1.67,3.75,4.41,1.72,2.07,1.68,2.16,1.73,2.16,1.68,2.08,-0.75,1.83,2.02,1.91,1.93,1.96,2.02,1.87,1.9,1.55,3.8,5.25,1.58,3.9,4.33,1.6,3.85,4.6,1.61,4.13,5.15,1.57,3.8,5,1.53,3.9,4.8,1.66,4.26,5.25,1.59,3.99,4.77,1.6,2.3,1.59,2.32,1.69,2.32,1.59,2.23,-1,1.98,1.88,2,1.85,2.18,1.88,2,1.79
SC2,29/10/2022,15:00,Dunfermline,Kelty Hearts,2,1,H,1,1,D,C Scott,5,9,4,5,11,14,5,4,4,4,0,0,1.5,4,5.5,1.5,3.9,5.25,1.53,3.9,5.25,1.53,4.02,6.24,1.5,3.8,5.8,1.45,3.75,5.75,1.55,4.2,6.24,1.51,4.02,5.52,1.8,2,1.94,1.88,1.94,2,1.82,1.9,-1,1.93,1.93,1.91,1.93,1.95,1.95,1.9,1.88,1.57,3.75,5.25,1.53,3.8,5,1.57,3.7,5,1.62,3.73,5.81,1.53,3.6,5.8,1.5,3.7,5.5,1.62,4,6,1.55,3.84,5.41,1.95,1.9,1.95,1.88,1.95,1.91,1.88,1.85,-1,2.02,1.77,2.07,1.78,2.07,1.88,1.97,1.8
SC2,29/10/2022,15:00,Peterhead,FC Edinburgh,1,1,D,0,0,D,D Williams,12,6,4,2,12,10,6,4,2,4,1,0,4,3.3,1.85,3.5,3.4,1.85,3.6,3.35,1.95,3.91,3.86,1.82,3.8,3.6,1.75,3.75,3.3,1.83,4,3.86,1.95,3.67,3.55,1.86,1.88,1.98,1.72,2.11,1.88,2.11,1.76,1.99,0.5,1.98,1.88,2.03,1.82,2.03,1.95,1.91,1.87,4.2,3.4,1.75,3.9,3.5,1.72,3.95,3.5,1.8,4.04,3.84,1.82,4.4,3.5,1.65,4.2,3.5,1.67,4.5,4,1.83,4.1,3.67,1.74,1.83,2.02,1.83,2.01,1.83,2.1,1.76,1.97,0.75,1.75,2.05,1.79,2.05,1.87,2.05,1.8,1.96
SC2,29/10/2022,15:00,Queen of Sth,Falkirk,1,3,A,0,2,A,S Luke,5,12,3,7,12,15,6,7,1,2,0,0,2.55,3.25,2.5,2.55,3.1,2.45,2.65,3.1,2.45,2.63,3.41,2.57,2.6,3.2,2.5,2.55,3.2,2.4,2.75,3.45,2.58,2.61,3.26,2.48,1.8,2.05,1.84,1.99,1.94,2.05,1.84,1.89,0,1.95,1.9,1.94,1.89,1.95,1.91,1.91,1.86,2.7,3.25,2.37,2.6,3.2,2.35,2.7,3.15,2.4,2.74,3.55,2.43,2.7,3.2,2.4,2.63,3.25,2.3,2.8,3.58,2.46,2.69,3.34,2.39,1.83,2.02,1.8,2.02,1.84,2.04,1.79,1.94,0,2.05,1.8,2.05,1.81,2.05,1.81,2,1.77
SC2,05/11/2022,15:00,Clyde,Airdrie Utd,0,1,A,0,0,D,M MacDermid,11,13,2,4,12,9,6,3,1,1,0,0,4.33,3.6,1.66,4.1,3.75,1.65,4.2,3.65,1.73,4.1,3.78,1.79,4.2,3.5,1.73,4.2,3.6,1.65,4.6,4,1.82,4.21,3.74,1.71,1.75,2.05,1.74,2.08,1.78,2.1,1.72,2.02,0.75,1.93,1.93,1.83,2.02,1.95,2.02,1.84,1.92,3.6,3.5,1.83,3.4,3.6,1.82,3.5,3.55,1.9,3.76,4,1.85,3.7,3.5,1.83,3.5,3.6,1.8,4.2,4,1.9,3.63,3.71,1.83,1.66,2.15,1.56,2.38,1.67,2.38,1.61,2.2,0.5,1.98,1.88,2.01,1.85,2.06,1.89,1.93,1.83
SC2,05/11/2022,15:00,Falkirk,Dunfermline,0,1,A,0,0,D,A Newlands,9,7,1,4,10,4,11,3,1,1,0,0,2.5,3.3,2.55,2.5,3.25,2.4,2.5,3.2,2.55,2.47,3.52,2.66,2.55,3.2,2.5,2.4,3.25,2.55,2.6,3.63,2.69,2.48,3.37,2.56,1.8,2,1.85,1.96,1.87,2,1.81,1.92,0,1.9,1.95,1.85,1.99,1.9,1.99,1.84,1.91,2.15,3.3,3,2.1,3.25,2.9,2.2,3.2,3,2.17,3.59,3.15,2.2,3.2,3,2.05,3.3,3,2.45,3.62,3.2,2.18,3.37,2.98,1.85,1.95,1.83,2.01,1.85,2.01,1.79,1.93,-0.25,1.93,1.93,1.89,1.95,2,1.95,1.89,1.88
SC2,05/11/2022,15:00,FC Edinburgh,Queen of Sth,0,3,A,0,1,A,B Cook,8,14,1,6,12,8,6,10,1,2,0,0,2.62,4,2.15,2.7,3.25,2.25,2.75,3.35,2.3,2.85,3.62,2.29,2.8,3.2,2.3,,,,2.88,4,2.35,2.75,3.46,2.28,1.85,2,1.78,2.03,1.85,2.03,1.77,1.95,0.25,1.85,2,1.83,2.01,1.85,2.1,1.78,2,2.7,4,2.1,2.75,3.2,2.25,2.8,3.4,2.2,2.98,3.77,2.19,3,3.2,2.2,,,,3,4,2.25,2.84,3.51,2.19,1.72,2.07,1.74,2.1,1.83,2.14,1.73,2,0.25,1.9,1.95,1.92,1.93,1.92,2,1.84,1.92
SC2,05/11/2022,15:00,Kelty Hearts,Alloa,1,1,D,0,1,A,D Williams,10,10,5,6,9,12,2,7,0,3,0,0,2.25,3.4,2.7,2.25,3.25,2.7,2.3,3.25,2.75,2.22,3.55,3,2.25,3.2,2.88,2.2,3.25,2.8,2.36,3.61,3.06,2.27,3.39,2.82,1.8,2.05,1.82,2.01,1.83,2.05,1.77,1.97,-0.25,2.02,1.83,1.94,1.89,2.06,1.89,1.97,1.79,2.25,3.1,3,2.25,3,2.87,2.25,3.05,3,2.28,3.28,3.18,2.25,3.1,3,2.2,3.1,2.9,2.31,3.53,3.23,2.24,3.19,3.02,2.25,1.61,2.26,1.64,2.26,1.78,2.12,1.66,-0.25,2,1.85,1.96,1.88,2.03,1.88,1.94,1.82
SC2,05/11/2022,15:00,Montrose,Peterhead,3,0,H,0,0,D,G Duncan,13,5,7,3,12,11,5,2,0,1,0,0,1.4,4.33,6.5,1.4,4.33,6,1.43,4.3,6,1.39,4.84,7.21,1.4,4.2,7,1.36,4.2,6.5,1.48,5,7.4,1.4,4.5,6.45,1.66,2.15,1.65,2.22,1.67,2.25,1.63,2.16,-1.25,1.98,1.88,1.92,1.92,2.03,1.92,1.92,1.83,1.4,4.33,6.5,1.49,4,5.25,1.47,4.1,5.75,1.51,4.44,5.96,1.47,3.9,6,1.45,4,5.5,1.56,4.44,6.5,1.49,4.16,5.6,1.66,2.15,1.71,2.15,1.75,2.16,1.68,2.09,-1,1.68,2.15,1.85,2.01,1.96,2.15,1.84,1.93
SC2,12/11/2022,15:00,Airdrie Utd,Peterhead,1,1,D,0,1,A,B Cook,20,5,6,2,4,18,10,7,1,5,0,0,1.36,4.5,8,1.37,4.2,6.75,1.35,4.5,7,1.33,5.26,8.22,1.33,4.4,8,1.33,4.4,7,1.38,5.5,8.6,1.34,4.77,7.52,1.7,2.1,1.59,2.29,1.7,2.3,1.64,2.17,-1.25,1.83,2.02,1.75,2.08,1.89,2.13,1.78,1.98,1.33,4.75,8.5,1.31,4.75,7.25,1.33,4.7,7.25,1.31,5.51,9.01,1.3,4.6,8.5,1.3,4.6,7.5,1.36,5.6,9.1,1.31,4.96,7.99,1.61,2.25,1.63,2.29,1.64,2.32,1.6,2.22,-1.5,1.98,1.88,1.97,1.88,2.05,1.91,1.95,1.81
SC2,12/11/2022,15:00,Alloa,Queen of Sth,5,1,H,1,1,D,G Aitken,12,8,5,4,4,5,7,6,1,2,0,1,2.45,3.5,2.4,2.45,3.3,2.45,2.5,3.3,2.5,2.43,3.69,2.61,2.45,3.25,2.6,2.45,3.3,2.45,2.65,3.73,2.67,2.47,3.45,2.53,1.72,2.07,1.77,2.04,1.8,2.1,1.74,2,0,1.9,1.95,1.85,1.99,1.92,1.99,1.85,1.9,2.45,3.3,2.45,2.45,3.2,2.5,2.55,3.2,2.5,2.71,3.51,2.48,2.5,3.25,2.55,2.4,3.2,2.55,2.72,3.59,2.6,2.52,3.37,2.51,1.95,1.9,1.93,1.9,1.95,2.08,1.86,1.87,0,1.98,1.88,2.02,1.93,2.02,1.95,1.89,1.87
SC2,12/11/2022,15:00,Dunfermline,Clyde,2,2,D,0,2,A,A Muir,11,5,6,3,7,16,9,9,1,4,0,0,1.25,5,9,1.24,5.25,9,1.25,5.25,9.5,1.27,5.67,10.42,1.25,4.8,11,1.22,5,10,1.29,6,12,1.25,5.37,9.99,1.7,2.1,1.68,2.16,1.72,2.25,1.67,2.11,-1.5,1.8,2,1.97,1.87,1.97,2.1,1.82,1.93,1.33,4.75,7,1.3,4.75,7.75,1.33,4.7,7.75,1.32,5.13,9.47,1.27,4.75,9.5,1.29,4.6,8,1.34,5.8,10,1.29,5.01,8.61,1.6,2.3,1.68,2.18,1.7,2.3,1.64,2.16,-1.5,2,1.85,2.04,1.82,2.05,1.93,1.93,1.82
SC2,12/11/2022,15:00,Falkirk,FC Edinburgh,2,0,H,0,0,D,S Kirkland,16,5,7,2,9,15,7,1,1,4,0,0,1.61,3.8,4.2,1.61,3.7,4.4,1.63,3.85,4.5,1.63,4.1,4.86,1.6,3.7,4.8,,,,1.66,4.2,5,1.61,3.92,4.66,1.77,2.1,1.7,2.14,1.85,2.14,1.71,2.05,-0.75,1.83,2.02,1.8,2.06,1.84,2.06,1.78,1.98,1.8,3.75,3.5,1.85,3.5,3.4,1.73,3.85,3.8,1.81,3.71,4.27,1.88,3.6,3.4,,,,1.88,4,4.5,1.77,3.7,3.92,1.7,2.1,1.72,2.13,1.73,2.23,1.68,2.09,-0.5,1.88,1.98,1.79,2.05,1.88,2.05,1.79,1.96
SC2,12/11/2022,15:00,Kelty Hearts,Montrose,1,3,A,0,1,A,I Snedden,11,10,5,7,20,16,3,4,1,3,0,0,2.8,3.2,2.25,2.8,3.1,2.2,2.9,3.15,2.25,2.85,3.35,2.41,2.88,3.1,2.35,2.88,3.13,2.2,3.15,3.45,2.45,2.88,3.28,2.29,2.02,1.83,1.94,1.88,2.08,1.88,1.96,1.78,0.25,1.8,2.05,1.77,2.09,1.96,2.09,1.77,1.99,2.55,3.3,2.4,2.5,3.2,2.4,2.55,3.15,2.5,2.79,3.35,2.49,2.6,3.1,2.55,2.5,3.2,2.45,2.83,3.41,2.69,2.62,3.26,2.47,2.02,1.83,2.03,1.82,2.08,1.87,1.94,1.8,0,2.02,1.83,2.04,1.82,2.04,1.97,1.94,1.82
SC2,19/11/2022,15:00,Airdrie Utd,Kelty Hearts,1,0,H,0,0,D,C Steven,14,6,6,2,11,9,9,3,3,1,0,0,1.7,3.6,4.33,1.71,3.5,4,1.73,3.55,4.1,1.78,3.62,4.46,1.73,3.5,4.2,1.7,3.5,4.1,1.81,3.8,4.5,1.74,3.62,4.22,1.88,1.98,1.81,2.01,1.89,2.01,1.79,1.94,-0.75,2.02,1.83,2.01,1.83,2.02,1.92,1.96,1.8,1.8,3.6,3.8,1.82,3.5,3.5,1.9,3.4,3.55,1.88,3.75,3.83,1.91,3.4,3.5,1.8,3.5,3.6,1.99,3.75,4.1,1.87,3.56,3.63,1.75,2.05,1.76,2.07,1.81,2.07,1.73,2.01,-0.5,1.83,2.02,1.88,1.96,1.95,2.02,1.86,1.89
SC2,19/11/2022,15:00,Clyde,Falkirk,3,3,D,2,1,H,C Fordyce,9,16,3,5,11,9,1,9,2,1,0,0,4.33,3.6,1.66,4,3.5,1.71,4,3.45,1.8,4.55,3.73,1.74,4,3.5,1.78,4.1,3.6,1.67,4.6,3.86,1.81,4.23,3.65,1.73,1.72,2.07,1.74,2.07,1.75,2.12,1.69,2.06,0.75,1.93,1.93,1.89,1.94,1.93,2.05,1.85,1.92,4.75,3.75,1.6,4.33,3.75,1.61,4.6,3.65,1.63,4.93,4.02,1.65,4.6,3.5,1.67,4.5,3.7,1.6,5.5,4.2,1.69,4.73,3.82,1.62,1.7,2.1,1.7,2.15,1.8,2.15,1.71,2.03,0.75,2.02,1.77,2.02,1.83,2.1,1.95,1.97,1.8
SC2,19/11/2022,15:00,FC Edinburgh,Alloa,4,3,H,1,3,A,C Napier,9,9,5,5,8,9,4,7,2,1,0,1,2.6,3.3,2.5,2.45,3.2,2.45,2.55,3.2,2.5,2.55,3.32,2.7,2.45,3.2,2.62,,,,2.65,3.4,2.72,2.54,3.29,2.56,2,1.85,1.9,1.92,2.03,1.93,1.89,1.83,0,1.95,1.9,1.86,1.97,1.97,1.97,1.88,1.88,2.87,3.5,2.15,2.75,3.4,2.15,2.75,3.4,2.25,2.83,3.57,2.36,2.75,3.25,2.35,,,,2.95,3.72,2.42,2.76,3.51,2.27,1.8,2,1.83,2.01,1.93,2.1,1.75,1.99,0.25,1.88,1.98,1.81,2.06,1.89,2.14,1.77,2.01
SC2,19/11/2022,15:00,Peterhead,Dunfermline,0,2,A,0,2,A,S Luke,3,4,2,2,7,5,4,8,4,3,0,0,5,4.2,1.5,5.5,3.75,1.49,5.5,4,1.5,6.45,4.27,1.48,6,3.8,1.5,5.75,3.9,1.45,6.6,4.4,1.55,5.72,4.12,1.49,1.72,2.07,1.76,2.06,1.76,2.14,1.71,2.04,1,1.98,1.88,2.04,1.81,2.04,1.9,1.95,1.82,6,4.5,1.4,6.5,3.9,1.42,6.75,4.2,1.4,7.17,4.37,1.45,7.5,4,1.4,7,4.1,1.36,7.6,4.65,1.46,6.88,4.3,1.41,1.98,1.88,1.92,1.92,1.98,2.02,1.84,1.88,1.25,1.88,1.98,1.8,2.07,1.95,2.07,1.8,1.97
SC2,19/11/2022,15:00,Queen of Sth,Montrose,4,0,H,2,0,H,R Hardie,9,4,5,1,10,8,5,3,2,4,1,0,2.37,3.3,2.62,2.3,3.2,2.65,2.35,3.2,2.75,2.24,3.46,3.03,2.25,3.2,2.88,2.2,3.25,2.8,2.4,3.56,3.06,2.27,3.36,2.85,1.95,1.9,1.77,2.03,1.95,2.04,1.79,1.94,-0.25,2.08,1.73,1.95,1.88,2.08,1.88,1.95,1.81,2.25,3.4,2.75,2.3,3.3,2.6,2.3,3.25,2.7,2.35,3.53,2.87,2.38,3.25,2.7,2.3,3.3,2.63,2.39,3.55,2.91,2.32,3.37,2.74,1.75,2.05,1.82,2.03,1.89,2.05,1.77,1.95,-0.25,2.02,1.77,2.05,1.81,2.1,1.81,2.02,1.75
SC2,03/12/2022,15:00,Clyde,FC Edinburgh,0,2,A,0,1,A,M MacDermid,8,9,4,4,8,13,4,5,1,0,0,0,3,3.4,2.15,2.95,3.3,2.1,3,3.3,2.2,2.93,3.71,2.2,3,3.3,2.15,3,3.4,2.05,3.1,3.79,2.3,2.95,3.51,2.15,1.7,2.1,1.66,2.2,1.8,2.26,1.68,2.09,0.25,1.95,1.9,1.89,1.94,1.95,1.95,1.88,1.88,2.55,3.4,2.5,2.45,3.3,2.4,2.55,3.25,2.45,2.43,3.59,2.72,2.6,3.3,2.4,2.5,3.3,2.4,2.62,3.62,2.72,2.52,3.43,2.48,1.7,2.1,1.68,2.19,1.74,2.22,1.67,2.1,0,1.9,1.95,1.83,2.04,1.99,2.04,1.89,1.87
SC2,03/12/2022,15:00,Dunfermline,Queen of Sth,1,1,D,0,1,A,C Steven,13,15,5,5,7,8,5,10,1,3,0,0,1.72,3.8,4,1.65,3.6,4.2,1.75,3.6,4.1,1.8,3.88,3.98,1.75,3.7,3.9,1.7,3.5,4.1,1.83,3.98,4.33,1.74,3.71,4.08,1.8,2,1.85,1.98,1.87,2,1.8,1.93,-0.75,2,1.85,2.03,1.81,2.05,1.85,1.97,1.79,1.72,3.8,4,1.78,3.4,3.75,1.83,3.5,3.8,1.94,3.67,3.71,1.8,3.5,3.8,1.8,3.5,3.6,1.94,3.93,4.08,1.81,3.66,3.76,1.8,2,1.82,2.02,1.89,2.1,1.77,1.96,-0.5,1.75,2.05,1.94,1.91,1.94,2.05,1.82,1.93
SC2,03/12/2022,15:00,Falkirk,Airdrie Utd,1,1,D,1,0,H,M Roncone,13,8,3,2,11,13,5,5,4,0,0,0,1.85,3.5,3.75,1.98,3.2,3.25,2,3.35,3.35,1.99,3.71,3.42,2,3.4,3.3,1.8,3.5,3.6,2.08,3.79,3.75,1.98,3.53,3.34,1.72,2.07,1.68,2.18,1.8,2.18,1.7,2.06,-0.5,1.9,1.95,1.99,1.85,2.05,1.95,1.96,1.8,2.15,3.4,3,2.05,3.3,3,2.1,3.3,3.1,2.05,3.68,3.35,2.1,3.3,3.1,2,3.4,3.13,2.2,3.78,3.47,2.06,3.49,3.15,1.7,2.1,1.7,2.16,1.74,2.16,1.68,2.09,-0.25,1.93,1.93,1.79,2.05,1.93,2.1,1.81,1.96
SC2,03/12/2022,15:00,Kelty Hearts,Peterhead,3,0,H,0,0,D,R Hardie,9,3,7,1,14,12,8,2,3,1,0,1,1.4,4.33,5.75,1.44,3.8,6,1.45,4.1,6,1.44,4.45,6.81,1.42,3.9,7,1.36,4.1,7,1.48,4.6,7,1.44,4.23,6.31,1.8,2,1.84,1.98,1.87,2,1.79,1.94,-1,1.7,2.2,1.75,2.08,1.87,2.2,1.75,2.02,1.5,4,5.5,1.55,3.7,5,1.55,3.85,5,1.62,4.14,5.06,1.57,3.6,5.25,1.55,3.7,4.8,1.63,4.3,5.65,1.58,3.94,4.99,1.75,2.05,1.79,2.02,1.81,2.05,1.75,1.98,-1,1.9,1.95,2.11,1.75,2.11,1.95,2,1.78
SC2,03/12/2022,15:00,Montrose,Alloa,0,0,D,0,0,D,G Irvine,10,12,2,6,14,9,2,6,0,1,0,0,2.05,3.25,3.4,1.98,3.3,3.2,2.05,3.25,3.25,2.09,3.65,3.22,2.05,3.25,3.25,2,3.3,3.13,2.12,3.7,3.4,2.05,3.44,3.21,1.8,2,1.86,1.96,1.86,2,1.8,1.93,-0.25,,,1.83,2.01,1.88,2.05,1.81,1.95,2.2,3.3,3.1,2.05,3.4,2.87,2.15,3.35,2.95,2.09,3.8,3.18,2.1,3.3,3.1,2.05,3.4,3,2.22,3.94,3.28,2.08,3.58,3.05,1.7,2.1,1.64,2.27,1.7,2.27,1.62,2.19,-0.25,1.95,1.9,1.84,2.02,1.95,2.02,1.83,1.94
SC2,17/12/2022,15:00,FC Edinburgh,Montrose,2,2,D,1,0,H,A Muir,6,8,2,3,8,8,2,7,0,0,0,0,2.88,3.4,2.2,2.65,3.4,2.2,2.85,3.3,2.2,3,3.58,2.22,2.88,3.25,2.25,,,,3.03,3.66,2.27,2.9,3.46,2.2,1.7,2.1,1.74,2.09,1.74,2.1,1.7,2.06,0.25,1.9,1.95,1.89,1.94,1.9,2,1.83,1.92,3,3.4,2.15,2.85,3.3,2.1,2.9,3.25,2.2,2.84,3.66,2.32,2.88,3.25,2.25,2.88,3.3,2.15,3.06,3.71,2.33,2.86,3.44,2.22,1.75,2.05,1.76,2.06,1.85,2.06,1.75,1.99,0.25,1.93,1.93,1.83,2.03,1.93,2.03,1.83,1.94
SC2,17/12/2022,15:00,Queen of Sth,Kelty Hearts,1,2,A,1,0,H,B Cook,6,9,3,4,11,6,6,4,0,2,0,0,1.83,3.3,4,1.8,3.5,3.6,1.85,3.45,3.75,1.86,3.81,3.77,1.8,3.5,3.9,1.8,3.4,3.75,1.89,3.9,4,1.83,3.61,3.76,1.8,2,1.83,2,1.87,2,1.78,1.95,-0.5,1.83,1.98,1.86,1.97,1.86,2,1.82,1.93,1.85,3.3,3.75,1.8,3.5,3.6,1.9,3.45,3.65,1.81,3.88,4.04,1.8,3.5,3.8,1.75,3.5,3.8,1.92,4.1,4.04,1.82,3.63,3.75,1.73,2.08,1.69,2.17,1.81,2.18,1.69,2.06,-0.5,1.95,1.9,1.81,2.06,1.95,2.06,1.81,1.95
SC2,23/12/2022,19:45,Clyde,Alloa,2,2,D,2,1,H,A Newlands,10,8,4,5,6,8,7,3,1,1,0,0,3.5,3.4,1.91,3.3,3.3,1.93,3.4,3.3,2,3.51,3.66,1.97,3.6,3.3,1.91,3.4,3.3,1.9,3.64,3.75,2.02,3.45,3.48,1.95,1.85,2,1.88,1.93,1.9,2,1.84,1.9,0.5,1.85,2,1.86,1.97,1.86,2,1.82,1.93,3.5,3.4,1.91,3.5,3.3,1.87,3.5,3.3,1.97,3.41,3.76,2.01,3.6,3.3,1.91,3.5,3.3,1.87,3.65,3.81,2.03,3.46,3.49,1.94,1.85,2,1.85,1.98,1.92,2,1.83,1.9,0.5,1.85,2,1.85,2.01,1.88,2.01,1.82,1.93
SC2,23/12/2022,19:45,Falkirk,Queen of Sth,5,2,H,2,2,D,D McFarlane,12,8,9,5,8,11,14,5,2,2,0,0,1.8,3.6,3.6,1.87,3.5,3.25,1.9,3.6,3.45,1.87,3.75,3.8,1.88,3.4,3.6,1.83,3.5,3.5,1.93,3.84,3.89,1.86,3.63,3.59,1.65,2.2,1.74,2.08,1.75,2.2,1.7,2.07,-0.5,1.85,2,1.87,1.96,1.92,2,1.87,1.88,1.8,3.6,3.6,1.75,3.7,3.6,1.77,3.75,3.75,1.81,4.02,3.93,1.73,3.6,4.2,1.73,3.6,3.8,1.87,4.02,4.2,1.77,3.74,3.85,1.65,2.2,1.6,2.3,1.67,2.34,1.62,2.18,-0.75,2.05,1.75,2.03,1.83,2.12,1.83,2,1.76
SC2,23/12/2022,19:45,Montrose,Airdrie Utd,2,4,A,1,1,D,B Cook,13,21,3,11,10,9,4,10,2,1,1,0,2.15,3.3,2.9,2.3,3.25,2.65,2.3,3.25,2.8,2.27,3.7,2.83,2.25,3.3,2.88,2.2,3.25,2.8,2.34,3.77,2.92,2.26,3.44,2.81,1.85,1.95,1.78,2.02,1.87,2.02,1.79,1.95,-0.25,1.98,1.88,2,1.84,2.05,1.88,1.96,1.8,2.15,3.3,2.9,2.25,3.2,2.75,2.25,3.25,2.85,2.38,3.44,2.88,2.25,3.3,2.88,2.25,3.2,2.75,2.38,3.67,3.02,2.26,3.37,2.84,1.85,1.95,1.85,1.99,1.94,2,1.82,1.91,-0.25,1.98,1.88,2.07,1.8,2.08,1.88,1.97,1.79
SC2,24/12/2022,13:00,Kelty Hearts,Dunfermline,1,2,A,0,0,D,G Aitken,8,7,3,3,15,4,7,5,4,1,0,0,3.1,3.5,2.05,3,3.4,2,3.15,3.35,2.05,3.44,3.58,2.02,3.2,3.25,2.1,3.2,3.25,2,3.5,3.64,2.14,3.23,3.43,2.04,1.85,1.95,1.91,1.91,1.91,2,1.83,1.9,0.25,2,1.85,2.07,1.76,2.07,1.85,1.98,1.77,3.4,3.5,1.91,3.4,3.4,1.88,3.4,3.35,1.95,3.89,3.36,1.99,3.7,3.3,1.91,3.6,3.3,1.85,3.91,3.65,2.02,3.65,3.42,1.92,1.93,1.93,1.91,1.93,1.97,1.93,1.85,1.88,0.5,1.88,1.98,1.87,1.99,1.91,1.99,1.84,1.91
SC2,24/12/2022,14:00,FC Edinburgh,Peterhead,4,0,H,1,0,H,C Graham,16,2,11,1,8,7,5,3,0,0,0,1,1.45,4.33,5.25,1.44,4.1,5.75,1.5,4.1,5.5,1.52,4.65,5.24,1.44,4,6.5,,,,1.55,4.8,6.5,1.48,4.3,5.48,1.7,2.1,1.73,2.09,1.74,2.15,1.69,2.07,-1,1.8,2,1.9,1.93,1.9,2,1.83,1.91,1.5,4.2,5.25,1.47,3.9,5.5,1.5,3.95,5.5,1.46,4.44,6.77,1.5,3.8,5.8,,,,1.53,4.44,6.77,1.48,4.13,5.88,1.85,2,1.81,2.03,1.97,2.04,1.79,1.96,-1,1.88,1.98,1.76,2.09,1.91,2.09,1.83,1.94
SC2,31/12/2022,13:00,Alloa,Kelty Hearts,0,0,D,0,0,D,C Scott,1,9,0,4,9,12,5,12,0,1,0,0,1.91,3.4,3.4,,,,1.95,3.4,3.45,2.05,3.52,3.41,1.85,3.5,3.6,1.9,3.3,3.4,2.19,3.65,3.9,1.95,3.47,3.42,1.85,2,1.84,1.98,1.85,2.04,1.79,1.94,-0.25,1.73,2.15,1.78,2.04,1.9,2.15,1.76,2.01,2.1,3.25,3.1,2.05,3.25,3,2.15,3.2,3.1,2.13,3.5,3.31,2.1,3.25,3.2,2.05,3.25,3.1,2.16,3.5,3.58,2.08,3.35,3.22,1.85,2,1.9,1.93,1.99,2,1.86,1.87,-0.25,1.88,1.98,1.85,2,1.9,2.12,1.8,1.96
SC2,31/12/2022,15:00,Queen of Sth,Clyde,1,0,H,0,0,D,R Hardie,5,5,2,0,14,10,2,5,3,0,0,0,1.53,4,5.25,,,,1.53,4,5,1.48,4.35,5.37,1.5,3.9,5.5,1.5,3.9,5.25,1.56,4.7,5.7,1.51,4.17,5.21,1.67,2.15,1.54,2.3,1.67,2.36,1.6,2.23,-1,1.9,1.95,1.82,2.04,1.94,2.04,1.85,1.91,1.83,3.75,3.5,1.78,3.75,3.4,1.9,3.65,3.5,1.88,3.95,3.67,1.78,3.6,3.8,1.83,3.7,3.3,1.9,4.2,3.9,1.82,3.83,3.57,1.57,2.35,1.6,2.49,1.6,2.55,1.54,2.35,-0.5,1.88,1.98,1.88,2,1.9,2.05,1.8,1.95
SC2,02/01/2023,15:00,Airdrie Utd,FC Edinburgh,3,5,A,2,2,D,C Scott,8,13,4,6,10,12,4,8,1,6,1,0,1.67,3.8,4.33,1.65,3.75,4.1,1.65,3.75,4.3,1.61,4.2,4.89,1.65,3.6,4.6,,,,1.69,4.3,5,1.64,3.89,4.54,1.8,2.05,1.68,2.16,1.8,2.17,1.71,2.05,-0.75,1.83,1.98,1.78,2.07,1.89,2.07,1.79,1.97,1.57,4.2,4.75,1.55,4.1,4.4,1.55,4.1,4.8,1.55,4.53,5.21,1.55,3.9,5,,,,1.6,4.53,5.4,1.54,4.19,4.93,1.57,2.35,1.54,2.43,1.66,2.43,1.57,2.28,-1,1.98,1.88,1.93,1.92,2.05,1.92,1.92,1.84
SC2,02/01/2023,15:00,Peterhead,Montrose,0,0,D,0,0,D,I Snedden,8,7,1,5,15,13,1,7,3,4,0,1,4.5,3.75,1.65,4.2,3.6,1.66,4.3,3.65,1.67,5.03,4,1.63,4.8,3.6,1.63,4.5,3.6,1.6,5.18,4.2,1.72,4.59,3.8,1.64,1.8,2,1.72,2.1,1.8,2.12,1.72,2.03,0.75,1.95,1.9,2.06,1.79,2.08,1.94,1.96,1.8,5.25,3.8,1.53,5.25,3.75,1.52,5.25,3.85,1.53,5.25,4.16,1.6,5.5,3.8,1.52,5.5,3.7,1.5,5.8,4.33,1.6,5.3,3.96,1.54,1.85,2,1.83,2.01,1.97,2.02,1.81,1.93,1,1.88,1.98,1.84,2.02,1.88,2.04,1.84,1.93
SC2,07/01/2023,15:00,Clyde,Kelty Hearts,1,2,A,0,1,A,G Irvine,17,9,3,3,6,20,6,9,0,4,0,1,3.1,3.4,2.1,3.2,3.25,2,3.15,3.3,2.1,3.12,3.74,2.04,3.25,3.25,2.05,3.1,3.4,2,3.32,3.88,2.15,3.14,3.52,2.05,1.75,2.05,1.76,2.01,1.78,2.1,1.73,2.02,0.25,2,1.85,2.01,1.81,2.01,1.87,1.97,1.79,3.1,3.2,2.15,2.9,3.25,2.1,2.95,3.2,2.2,3.07,3.55,2.22,3.1,3.1,2.2,3,3.2,2.1,3.26,3.62,2.27,3.01,3.35,2.17,1.93,1.93,1.95,1.88,2,1.98,1.9,1.84,0.25,1.93,1.93,1.91,1.94,1.95,1.94,1.87,1.91
SC2,07/01/2023,15:00,Falkirk,Montrose,2,1,H,1,0,H,G Beaton,16,9,7,5,20,17,4,6,4,3,0,0,1.83,3.6,3.75,1.83,3.4,3.6,1.85,3.45,3.7,1.83,3.63,4.12,1.83,3.4,3.8,1.75,3.5,3.8,1.9,3.78,4.4,1.82,3.56,3.89,1.67,2.15,1.72,2.1,1.81,2.15,1.72,2.05,-0.5,1.88,1.98,1.83,2.02,1.88,2.02,1.81,1.94,1.7,3.75,4.33,1.63,3.6,4.33,1.67,3.7,4.3,1.64,3.96,5.16,1.67,3.6,4.5,1.62,3.7,4.4,1.73,4.05,5.25,1.64,3.78,4.63,1.67,2.15,1.69,2.18,1.81,2.18,1.69,2.08,-0.75,1.95,1.9,1.81,2.06,1.95,2.06,1.83,1.94
SC2,07/01/2023,15:00,FC Edinburgh,Dunfermline,0,1,A,0,1,A,S Luke,6,16,2,6,11,9,0,6,2,1,0,0,3.2,3.3,2.05,,,,3.15,3.3,2.1,3.31,3.48,2.11,3.2,3.2,2.1,,,,3.37,3.56,2.18,3.2,3.36,2.09,1.88,1.98,1.86,1.96,1.89,2,1.82,1.92,0.25,2,1.85,2,1.84,2,1.93,1.93,1.82,3.5,3.4,1.95,3.3,3.25,1.95,3.4,3.35,1.97,3.86,3.66,1.9,3.5,3.3,1.95,,,,3.86,3.66,2,3.51,3.45,1.94,1.85,2,1.84,2,1.89,2,1.81,1.93,0.5,1.8,2,1.95,1.9,1.95,2,1.82,1.93
SC2,07/01/2023,15:00,Peterhead,Airdrie Utd,0,3,A,0,0,D,L Wilson,9,14,4,10,10,7,5,7,2,1,0,0,5,3.6,1.62,4.75,3.6,1.58,4.8,3.6,1.65,5.99,3.78,1.58,5.25,3.6,1.57,4.8,3.6,1.57,6.3,4.05,1.67,5.18,3.77,1.59,1.88,1.98,1.78,2.03,1.88,2.05,1.8,1.95,0.75,2.02,1.83,2.12,1.72,2.12,1.84,2.02,1.75,5,3.75,1.6,5,3.8,1.53,4.9,3.8,1.57,5.35,3.79,1.65,5.8,3.8,1.5,5,3.7,1.53,5.9,4.2,1.66,5.22,3.87,1.56,1.8,2.05,1.83,2.01,1.83,2.05,1.77,1.98,1,1.75,2.05,1.74,2.11,1.93,2.11,1.79,1.98
SC2,07/01/2023,15:00,Queen of Sth,Alloa,1,2,A,1,0,H,C Fordyce,14,5,7,3,5,5,9,5,0,1,0,0,2.3,3.4,2.7,2.25,3.3,2.65,2.35,3.25,2.7,2.27,3.52,2.95,2.25,3.25,2.88,2.2,3.3,2.75,2.42,3.59,3.01,2.28,3.4,2.8,1.73,2.08,1.78,2.02,1.79,2.11,1.73,2.03,-0.25,2.05,1.75,1.98,1.85,2.1,1.85,1.98,1.78,2.1,3.4,3,2.15,3.3,2.8,2.2,3.25,2.95,2.17,3.62,3.12,2.15,3.3,3,2.1,3.3,2.9,2.24,3.66,3.14,2.15,3.44,2.98,1.73,2.08,1.72,2.13,1.81,2.13,1.7,2.08,-0.25,1.95,1.9,1.9,1.95,1.97,1.95,1.89,1.87
SC2,14/01/2023,15:00,Alloa,FC Edinburgh,2,1,H,2,0,H,I Snedden,6,5,2,2,11,5,3,5,0,0,0,0,1.91,3.5,3.5,1.9,3.4,3.4,1.95,3.35,3.5,1.94,3.71,3.56,1.91,3.4,3.5,,,,1.97,3.8,3.7,1.92,3.55,3.49,1.75,2.05,1.7,2.14,1.8,2.14,1.71,2.05,-0.5,1.95,1.9,1.94,1.89,1.96,1.95,1.9,1.85,2,3.5,3.2,2.05,3.4,2.9,2.1,3.35,3,2.26,3.8,2.85,2.1,3.3,3.1,,,,2.26,3.86,3.29,2.13,3.54,2.96,1.67,2.15,1.66,2.22,1.74,2.29,1.66,2.12,-0.25,1.83,1.98,1.99,1.86,1.99,1.98,1.89,1.87
SC2,14/01/2023,15:00,Dunfermline,Peterhead,4,0,H,2,0,H,C Graham,12,4,5,0,5,16,3,6,1,3,0,0,1.25,5.75,7.5,1.24,5.5,8.75,1.25,5.5,9,1.22,6.28,12.61,1.22,5,12,1.2,5.25,10,1.28,6.5,13,1.23,5.72,10.22,1.57,2.35,1.57,2.32,1.61,2.43,1.56,2.31,-1.75,2,1.85,1.95,1.88,2.01,1.88,1.92,1.83,1.2,6.5,9.5,1.19,6,10,1.2,6,12,1.17,7.25,16.16,1.17,5.8,15,1.15,5.75,12,1.23,7.5,16.16,1.18,6.27,12.84,1.57,2.35,1.57,2.35,1.65,2.38,1.58,2.25,-1.75,1.83,2.02,1.76,2.09,1.92,2.11,1.79,1.98
SC2,14/01/2023,15:00,Falkirk,Clyde,4,0,H,1,0,H,P Stuart,18,1,6,0,6,9,6,1,0,2,1,1,1.33,5,7,1.35,4.33,7.5,1.35,4.5,7.5,1.34,4.7,6.8,1.35,4.33,7.5,1.33,4.4,7,1.39,5.2,8,1.35,4.7,7.24,1.7,2.1,1.56,2.23,1.7,2.32,1.63,2.18,-1.25,1.77,2.1,1.85,2,1.88,2.1,1.8,1.95,1.33,5,7,1.34,4.5,7,1.33,4.7,7.25,1.35,5.41,7.81,1.33,4.4,8,1.3,4.5,7,1.38,5.41,8,1.34,4.91,7.37,1.62,2.25,1.53,2.44,1.63,2.5,1.57,2.29,-1.5,2,1.8,2.06,1.81,2.06,1.88,1.97,1.79
SC2,14/01/2023,15:00,Kelty Hearts,Airdrie Utd,1,1,D,0,1,A,M Roncone,11,7,3,2,9,4,5,7,1,0,0,0,2.9,3.4,2.15,2.7,3.25,2.25,,,,2.76,3.47,2.42,2.88,3.1,2.35,2.9,3.25,2.15,3.05,3.55,2.45,2.82,3.37,2.28,1.8,2,1.85,1.97,1.87,2,1.8,1.94,0.25,1.9,1.95,1.74,2.09,1.9,2.09,1.79,1.97,2.7,3.4,2.3,2.65,3.3,2.25,2.65,3.25,2.4,2.59,3.51,2.59,2.7,3.1,2.45,2.55,3.25,2.38,2.78,3.57,2.6,2.62,3.38,2.43,1.8,2,1.86,1.97,1.86,2,1.8,1.93,0,2.05,1.75,1.93,1.93,2.05,1.94,1.92,1.84
SC2,14/01/2023,15:00,Montrose,Queen of Sth,1,0,H,0,0,D,S Kirkland,7,16,2,4,7,13,2,8,1,1,0,0,2.15,3.4,3,2.15,3.3,2.85,,,,2.32,3.4,2.94,2.2,3.2,3,2.1,3.3,2.9,2.35,3.51,3.05,2.22,3.35,2.94,1.8,2,1.78,2.02,1.8,2.05,1.77,1.97,-0.25,1.98,1.88,2.02,1.83,2.02,1.91,1.93,1.83,2.25,3.4,2.8,2.15,3.4,2.75,2.2,3.3,2.8,2.3,3.75,2.8,2.25,3.2,2.9,2.2,3.3,2.8,2.33,3.8,3.03,2.23,3.49,2.82,1.75,2.05,1.71,2.14,1.81,2.14,1.72,2.04,-0.25,2,1.85,2.03,1.83,2.06,1.86,1.96,1.8
SC2,21/01/2023,15:00,Peterhead,Clyde,1,0,H,0,0,D,G Beaton,7,7,3,3,9,11,6,5,1,0,0,0,2.5,3.2,2.5,2.55,3.2,2.4,2.6,3.1,2.5,2.52,3.45,2.64,2.62,3.1,2.5,2.6,3.2,2.4,2.7,3.53,2.67,2.57,3.28,2.52,1.98,1.88,1.93,1.89,2,1.9,1.91,1.84,0,1.95,1.9,1.87,1.96,1.96,1.96,1.89,1.87,2.6,3.2,2.4,2.65,3.2,2.35,2.7,3.1,2.45,2.68,3.39,2.57,2.7,3.1,2.45,2.6,3.2,2.38,2.75,3.64,2.58,2.65,3.31,2.43,2,1.85,2.01,1.83,2.02,1.94,1.92,1.83,0,2,1.85,1.96,1.88,2.04,1.88,1.97,1.8
SC2,28/01/2023,15:00,Airdrie Utd,Alloa,4,0,H,3,0,H,P Stuart,22,10,12,2,9,8,9,4,0,0,0,0,1.8,3.5,3.6,1.8,3.4,3.7,1.9,3.45,3.6,1.87,3.69,3.87,1.83,3.5,3.75,1.8,3.5,3.6,1.92,3.78,3.96,1.85,3.59,3.7,1.73,2.08,1.72,2.1,1.74,2.15,1.71,2.06,-0.5,1.9,1.95,1.87,1.97,1.9,1.97,1.84,1.91,1.91,3.4,3.3,1.93,3.3,3.25,2,3.4,3.35,1.98,3.66,3.58,1.95,3.3,3.5,1.87,3.4,3.4,2.01,3.72,3.65,1.94,3.49,3.44,1.7,2.1,1.68,2.19,1.74,2.19,1.69,2.07,-0.5,1.98,1.88,1.98,1.88,2,1.88,1.94,1.82
SC2,28/01/2023,15:00,Clyde,Dunfermline,1,1,D,1,1,D,B Cook,5,14,1,4,8,8,4,16,1,2,0,0,5.5,4,1.5,5.5,4,1.47,5.5,4,1.5,5.94,4.09,1.53,6,3.75,1.5,5.75,3.9,1.45,7,4.3,1.55,5.73,4.06,1.5,1.7,2.1,1.83,2,1.83,2.1,1.76,2,1,1.98,1.88,1.94,1.89,2,1.98,1.91,1.85,5.75,4,1.5,5.75,4.1,1.44,6,4,1.47,7.08,4.28,1.47,6,3.9,1.47,5.75,3.9,1.44,7.2,4.5,1.53,6.09,4.14,1.46,1.8,2,1.81,2.03,1.89,2.04,1.77,1.97,1,2,1.8,2.07,1.8,2.12,1.86,1.97,1.8
SC2,28/01/2023,15:00,FC Edinburgh,Falkirk,1,2,A,0,0,D,S Kirkland,9,15,4,6,4,14,3,3,0,4,0,0,4,3.5,1.75,3.4,3.4,1.87,3.7,3.5,1.85,4.1,3.92,1.77,3.9,3.5,1.8,,,,4.1,3.95,1.88,3.82,3.7,1.8,1.73,2.08,1.71,2.11,1.78,2.12,1.73,2.04,0.5,2,1.85,2.08,1.75,2.08,1.92,1.95,1.81,4.75,3.6,1.65,4,3.6,1.7,4,3.5,1.75,4.11,3.75,1.83,4.4,3.6,1.7,,,,4.86,4.05,1.88,4.25,3.72,1.71,1.73,2.08,1.77,2.06,1.81,2.08,1.73,2.03,0.75,1.9,1.95,1.79,2.05,1.9,2.05,1.84,1.93
SC2,28/01/2023,15:00,Montrose,Kelty Hearts,3,3,D,2,1,H,C Scott,10,11,3,4,8,18,3,5,1,2,0,0,1.85,3.4,3.6,1.93,3.4,3.25,1.97,3.35,3.45,2.1,3.53,3.27,2.05,3.3,3.3,1.91,3.4,3.3,2.13,3.61,3.6,2,3.45,3.34,1.75,2.05,1.79,2.01,1.79,2.1,1.74,2.02,-0.5,1.98,1.88,2.08,1.75,2.08,1.88,1.98,1.79,2.2,3.3,2.88,2.15,3.2,2.87,2.2,3.2,3,2.31,3.44,2.99,2.2,3.2,3,2.2,3.2,2.88,2.4,3.47,3.15,2.23,3.31,2.94,1.9,1.95,1.92,1.92,1.97,1.98,1.85,1.88,-0.25,2.02,1.83,2.01,1.85,2.09,1.92,1.94,1.82
SC2,28/01/2023,15:00,Peterhead,Queen of Sth,1,3,A,1,0,H,D Williams,5,18,1,5,10,12,3,6,1,2,0,0,4,3.6,1.75,4,3.5,1.71,4.1,3.55,1.73,4.51,3.94,1.7,4.6,3.5,1.67,4.33,3.5,1.65,4.65,4,1.77,4.34,3.74,1.69,1.8,2,1.82,2.01,1.82,2.05,1.77,1.98,0.75,1.83,1.98,1.95,1.88,1.95,1.98,1.87,1.88,4.33,3.75,1.67,4.33,3.6,1.65,4.4,3.65,1.65,4.26,3.96,1.75,4.6,3.6,1.65,4.4,3.7,1.62,4.6,4.1,1.75,4.35,3.8,1.67,1.73,2.08,1.72,2.12,1.81,2.12,1.72,2.03,0.75,1.95,1.9,1.89,1.96,1.95,1.96,1.89,1.88
SC2,04/02/2023,15:00,Airdrie Utd,Clyde,1,0,H,0,0,D,L Wilson,6,10,4,3,9,11,10,3,1,2,0,0,1.36,4.75,5.5,1.36,4.4,6.75,1.37,4.5,6.5,1.32,5.25,8.89,1.33,4.4,8,1.33,4.4,7,1.4,5.4,9.1,1.35,4.8,7.34,1.57,2.35,1.56,2.35,1.65,2.38,1.58,2.27,-1.25,1.9,1.95,1.73,2.11,1.9,2.11,1.8,1.97,1.4,4.75,5.25,1.37,4.5,6.25,1.4,4.6,6.25,1.36,5.51,7.1,1.33,4.6,7.5,1.33,4.6,6.5,1.46,5.7,7.5,1.36,4.93,6.73,1.5,2.5,1.53,2.44,1.53,2.63,1.48,2.48,-1.5,2.05,1.75,2.04,1.79,2.06,1.84,1.98,1.78
SC2,04/02/2023,15:00,Alloa,Peterhead,1,0,H,1,0,H,S Luke,15,4,8,1,11,9,6,2,3,2,0,0,1.4,4.33,7,1.37,4.5,6.25,1.4,4.4,6.75,1.4,4.77,7.27,1.4,4.2,7,1.36,4.33,6.5,1.42,4.9,7.5,1.39,4.55,6.79,1.67,2.15,1.67,2.19,1.69,2.25,1.65,2.17,-1.25,1.93,1.93,1.96,1.88,1.96,1.93,1.9,1.87,1.4,4.33,7,1.37,4.4,6.5,1.37,4.5,7,1.41,4.76,7.24,1.36,4.2,7.5,1.33,4.4,7,1.43,5,7.5,1.37,4.62,6.98,1.67,2.15,1.76,2.07,1.76,2.24,1.65,2.13,-1.25,1.93,1.93,1.99,1.87,1.99,1.98,1.86,1.89
SC2,04/02/2023,15:00,Dunfermline,Montrose,2,0,H,1,0,H,A Muir,10,9,5,6,11,11,10,8,1,2,0,0,1.65,3.75,4.5,1.62,3.7,4.4,1.67,3.65,4.3,1.6,3.97,5.39,1.65,3.6,4.6,1.57,3.6,4.75,1.71,4.2,5.5,1.62,3.81,4.8,1.85,2,1.83,1.99,1.87,2,1.81,1.94,-0.75,1.88,1.98,1.75,2.08,1.88,2.08,1.78,1.98,1.6,3.8,4.75,1.57,3.75,4.75,1.6,3.75,4.7,1.55,4.14,5.87,1.57,3.7,5.25,1.5,3.75,5.25,1.65,4.2,5.87,1.56,3.91,5.14,1.88,1.98,1.79,2.02,1.97,2.04,1.79,1.95,-1,2.02,1.77,1.94,1.91,2.14,1.91,1.97,1.8
SC2,04/02/2023,15:00,Kelty Hearts,Falkirk,1,2,A,1,0,H,M Roncone,14,10,5,6,15,6,7,6,6,2,0,0,3.8,3.3,1.91,3.4,3.4,1.88,3.55,3.3,1.95,3.8,3.55,1.93,3.5,3.3,1.95,3.4,3.3,1.93,3.89,3.62,2,3.56,3.44,1.93,1.9,1.95,1.75,2.07,1.9,2.08,1.82,1.94,0.5,1.85,1.95,1.91,1.93,1.91,2,1.8,1.95,3.8,3.3,1.91,3.25,3.4,1.93,3.4,3.35,1.97,3.78,3.38,2.01,3.5,3.3,1.95,3.3,3.4,1.9,4,3.64,2.02,3.59,3.38,1.94,1.88,1.98,1.78,2.05,1.97,2.1,1.76,1.99,0.5,1.85,2,1.85,2.01,1.86,2.01,1.81,1.93
SC2,04/02/2023,15:00,Queen of Sth,FC Edinburgh,1,0,H,0,0,D,S Lambie,9,2,4,1,7,10,5,3,1,2,0,1,1.7,3.75,4.2,1.75,3.6,3.7,1.8,3.6,3.8,1.72,3.93,4.38,1.78,3.5,4,,,,1.82,3.99,4.38,1.76,3.76,3.98,1.65,2.2,1.66,2.2,1.68,2.35,1.64,2.19,-0.75,1.95,1.9,1.93,1.91,2.01,1.91,1.95,1.82,1.55,3.8,5.25,1.66,3.7,4.1,1.67,3.75,4.3,1.65,4.13,4.74,1.65,3.7,4.5,,,,1.73,4.3,5.39,1.64,3.93,4.45,1.65,2.2,1.57,2.36,1.67,2.36,1.6,2.23,-0.75,1.75,2.05,1.83,2.04,1.87,2.05,1.8,1.94
SC2,07/02/2023,19:45,Alloa,Falkirk,1,1,D,0,0,D,C Scott,8,4,2,2,15,10,5,5,2,4,0,0,3.6,3.3,1.95,3.4,3.25,1.9,3.45,3.25,1.97,3.97,3.25,1.98,3.7,3.25,1.91,3.5,3.3,1.87,4.1,3.55,2.02,3.64,3.31,1.94,1.9,1.95,1.79,2.01,1.91,2.02,1.82,1.92,0.5,1.88,1.98,1.87,1.97,1.88,2.02,1.81,1.93,3.5,3.3,1.95,3.4,3.25,1.9,3.55,3.35,1.9,4.03,3.31,1.97,3.6,3.3,1.91,3.5,3.4,1.85,4.03,3.55,2.01,3.66,3.34,1.93,1.88,1.98,1.83,2.02,1.97,2.05,1.77,1.97,0.5,1.8,2,1.88,1.97,2,2.05,1.83,1.92
SC2,11/02/2023,15:00,Airdrie Utd,Dunfermline,3,4,A,2,0,H,G Duncan,10,16,4,8,10,10,3,6,1,1,1,0,3.5,3.25,2,3.1,3.2,2.05,3.2,3.15,2.1,3.31,3.46,2.05,3.1,3.2,2.15,3.2,3.3,2,3.5,3.61,2.2,3.21,3.36,2.08,1.8,2,1.81,1.99,1.83,2,1.79,1.95,0.25,2.1,1.77,2.02,1.79,2.1,1.91,1.95,1.79,2.9,3.25,2.2,2.75,3.25,2.2,2.8,3.2,2.3,2.91,3.53,2.32,2.8,3.25,2.3,2.75,3.3,2.2,2.95,3.58,2.35,2.83,3.36,2.26,1.88,1.98,1.83,2.01,1.88,2.01,1.79,1.95,0.25,1.83,2.02,1.83,2.03,1.83,2.03,1.78,1.97
SC2,18/02/2023,15:00,Clyde,Peterhead,1,0,H,0,0,D,C Fordyce,16,17,8,9,9,15,8,7,3,1,0,0,1.91,3.4,3.6,1.93,3.2,3.5,1.95,3.2,3.6,1.91,3.49,3.93,1.91,3.25,3.7,1.87,3.25,3.6,2,3.57,3.98,1.92,3.36,3.67,2,1.85,1.95,1.87,2.11,1.87,1.95,1.8,-0.5,1.95,1.9,1.91,1.93,2.06,1.93,1.91,1.83,1.7,3.5,4.5,1.75,3.4,3.9,1.8,3.45,4,1.76,3.83,4.37,1.75,3.4,4.2,1.7,3.5,4.1,1.8,3.9,4.61,1.74,3.64,4.19,1.88,1.98,1.78,2.03,1.97,2.04,1.81,1.94,-0.75,2,1.85,1.98,1.87,2.08,1.87,1.95,1.81
SC2,18/02/2023,15:00,Dunfermline,Airdrie Utd,1,1,D,0,1,A,R Hardie,13,9,6,4,11,15,6,8,2,3,0,1,1.85,3.2,4.2,1.82,3.25,3.8,1.9,3.15,3.95,1.93,3.42,3.96,1.8,3.25,4.2,1.8,3.25,3.9,1.95,3.5,4.2,1.87,3.32,3.93,2.08,1.73,1.97,1.85,2.11,1.85,1.99,1.76,-0.5,1.9,1.95,1.93,1.91,1.93,1.96,1.85,1.89,1.83,3.5,3.8,1.8,3.4,3.6,1.9,3.35,3.65,1.84,3.65,4.18,1.88,3.3,3.75,1.83,3.4,3.6,1.9,3.75,4.2,1.84,3.52,3.84,1.8,2,1.84,2,1.94,2.01,1.8,1.94,-0.5,1.85,2,1.84,2.02,1.9,2.04,1.82,1.93
SC2,18/02/2023,15:00,Falkirk,Alloa,1,0,H,1,0,H,G Irvine,12,8,3,4,5,9,8,5,1,3,0,0,1.5,3.8,5.25,1.55,3.8,4.75,1.57,3.8,4.9,1.57,4.08,5.52,1.55,3.75,5.25,1.5,3.8,5.25,1.6,4.2,5.7,1.55,3.94,5.15,1.75,2.05,1.78,2.03,1.78,2.1,1.74,2.01,-1,1.98,1.88,1.97,1.87,2.08,1.88,1.95,1.81,1.45,4,6,1.55,3.8,4.75,1.53,3.9,5.25,1.64,3.99,5.12,1.53,3.75,5.5,1.5,3.8,5.25,1.64,4.33,6.21,1.53,4,5.44,1.73,2.08,1.82,2.03,1.83,2.08,1.75,2,-1,1.85,2,2.09,1.76,2.1,2,1.9,1.86
SC2,18/02/2023,15:00,Kelty Hearts,Queen of Sth,3,0,H,0,0,D,B Cook,7,11,3,4,5,11,7,6,3,0,0,0,2.4,3.2,2.75,2.25,3.1,2.75,2.1,3.1,3.25,2.43,3.33,2.84,2.35,3.1,2.88,2.38,3.13,2.63,2.47,3.4,3,2.37,3.22,2.79,1.93,1.93,1.94,1.88,2.1,1.93,1.94,1.81,-0.25,2.15,1.73,2.08,1.75,2.16,1.81,2.03,1.73,2.4,3.2,2.7,2.3,3.1,2.65,2.1,3.1,3.25,2.46,3.38,2.81,2.35,3.1,2.88,2.3,3.13,2.7,2.5,3.4,3.08,2.36,3.23,2.8,1.93,1.93,1.97,1.87,2.07,1.93,1.93,1.82,-0.25,2.1,1.7,2.11,1.74,2.17,1.81,2.03,1.73
SC2,18/02/2023,15:00,Montrose,FC Edinburgh,3,3,D,1,2,A,D McFarlane,14,10,8,6,15,18,7,5,2,5,0,0,1.85,3.5,3.6,1.88,3.3,3.4,1.95,3.35,3.4,1.92,3.82,3.55,1.88,3.4,3.6,1.87,3.4,3.4,2.01,3.9,3.63,1.92,3.56,3.47,1.7,2.1,1.65,2.21,1.73,2.28,1.66,2.12,-0.5,1.98,1.88,1.92,1.92,2.01,1.92,1.9,1.84,1.85,3.5,3.5,1.85,3.4,3.5,1.95,3.4,3.5,1.82,4.02,3.85,1.95,3.4,3.4,1.85,3.5,3.4,2,4.1,3.98,1.9,3.63,3.51,1.7,2.1,1.65,2.24,1.74,2.25,1.66,2.12,-0.5,1.93,1.93,1.82,2.04,2.02,2.06,1.9,1.85
SC2,25/02/2023,15:00,Airdrie Utd,Falkirk,1,3,A,1,1,D,G Aitken,17,15,8,6,9,10,8,3,1,2,0,0,2.75,3.25,2.38,2.55,3.3,2.3,2.65,3.2,2.4,2.87,3.4,2.37,2.8,3.2,2.3,2.63,3.25,2.3,2.91,3.5,2.46,2.74,3.33,2.34,1.75,2.05,1.83,1.99,1.92,2.05,1.8,1.95,0,2.1,1.77,2.1,1.74,2.14,1.83,2.04,1.74,2.63,3.3,2.4,2.55,3.3,2.3,2.75,3.2,2.35,2.77,3.43,2.47,2.7,3.2,2.4,2.63,3.3,2.3,2.85,3.5,2.49,2.71,3.33,2.39,1.7,2.1,1.82,2.02,1.88,2.1,1.77,1.97,0,2.02,1.83,2.05,1.82,2.11,1.83,2.01,1.76
SC2,25/02/2023,15:00,Alloa,Montrose,1,0,H,0,0,D,P Stuart,9,4,4,2,11,9,1,10,2,1,0,0,2.1,3.25,2.9,2.05,3.4,2.95,2.15,3.25,2.95,2.31,3.37,3,2.15,3.25,3.1,2.1,3.3,2.9,2.33,3.5,3.1,2.19,3.34,2.96,1.75,2.05,1.79,2.01,1.79,2.07,1.74,2,-0.25,1.98,1.88,2,1.84,2,1.98,1.91,1.85,2.3,3.1,2.8,2.3,3.2,2.6,2.45,3.05,2.7,2.27,3.38,3.11,2.45,3.2,2.62,2.3,3.2,2.7,2.49,3.38,3.11,2.37,3.24,2.79,1.98,1.88,1.93,1.91,2.01,2,1.91,1.84,-0.25,2.1,1.77,1.97,1.88,2.16,1.88,2.06,1.73
SC2,25/02/2023,15:00,FC Edinburgh,Clyde,3,0,H,1,0,H,E Anderson,20,11,9,2,7,8,9,3,1,0,0,1,1.75,3.6,3.8,1.75,3.6,3.6,1.83,3.6,3.7,1.93,3.96,3.41,1.8,3.6,3.7,,,,1.94,4.1,3.85,1.84,3.77,3.56,1.62,2.25,1.64,2.24,1.77,2.3,1.63,2.2,-0.5,1.8,2,1.93,1.91,1.94,2,1.86,1.88,1.75,3.6,3.8,1.75,3.5,3.7,1.83,3.55,3.7,1.83,4,3.86,1.78,3.5,3.9,1.75,3.5,3.75,1.87,4.1,4.25,1.77,3.77,3.85,1.7,2.1,1.72,2.11,1.74,2.2,1.68,2.09,-0.75,2.02,1.77,2.04,1.79,2.09,1.89,1.97,1.79
SC2,25/02/2023,15:00,Peterhead,Kelty Hearts,1,1,D,1,1,D,I Snedden,8,8,4,4,13,12,3,7,1,4,0,0,4.33,3.6,1.67,4,3.6,1.7,4.1,3.55,1.73,4.15,3.64,1.82,4.2,3.4,1.75,4.1,3.6,1.67,4.33,3.8,1.84,4.12,3.63,1.75,1.75,2.05,1.85,1.96,1.85,2.1,1.78,1.96,0.75,1.9,1.95,1.78,2.04,1.9,2.06,1.8,1.97,4.5,3.6,1.67,4.1,3.6,1.68,4.3,3.55,1.7,5.06,3.87,1.66,4.6,3.5,1.67,4.33,3.6,1.65,5.1,3.97,1.73,4.58,3.73,1.67,1.75,2.05,1.83,2.01,1.83,2.05,1.78,1.97,0.75,1.95,1.9,2.01,1.85,2.01,1.94,1.92,1.85
SC2,25/02/2023,15:00,Queen of Sth,Dunfermline,0,2,A,0,1,A,C Fordyce,7,9,3,4,8,10,4,4,1,1,0,0,3.6,3.3,1.91,3.4,3.4,1.87,3.4,3.3,1.97,3.56,3.48,2.02,3.6,3.3,1.91,3.5,3.4,1.85,3.7,3.6,2.04,3.5,3.45,1.94,1.8,2,1.85,1.97,1.87,2.07,1.79,1.95,0.5,1.88,1.98,1.83,2.02,1.9,2.02,1.82,1.93,3.6,3.25,1.91,3,3.25,2.05,3.15,3.15,2.1,3.47,3.46,2.08,3.2,3.2,2.1,3.13,3.25,2.05,3.73,3.47,2.25,3.21,3.32,2.1,1.9,1.95,1.85,1.99,1.97,1.99,1.85,1.9,0.25,2.1,1.7,2.06,1.81,2.13,1.97,1.93,1.83
SC2,04/03/2023,15:00,Dunfermline,Alloa,2,0,H,1,0,H,E Anderson,12,8,7,2,5,7,3,6,0,1,0,0,1.65,3.8,4,1.65,3.6,4.2,1.7,3.7,4.1,1.62,3.98,5.08,1.67,3.6,4.5,1.6,3.6,4.6,1.73,4.1,5.2,1.64,3.81,4.54,1.73,2.08,1.78,2.03,1.79,2.1,1.73,2.02,-0.75,1.93,1.93,1.77,2.05,1.93,2.05,1.81,1.95,1.55,3.8,4.75,1.58,3.6,4.8,1.65,3.6,4.8,1.69,3.55,5.38,1.62,3.5,5,1.55,3.6,5,1.69,4.1,6,1.61,3.74,4.98,2,1.85,1.95,1.88,2,1.91,1.9,1.84,-0.75,1.75,2.05,1.88,1.97,1.88,2.05,1.79,1.98
SC2,04/03/2023,15:00,Falkirk,Peterhead,5,0,H,0,0,D,P Stuart,20,1,9,1,6,13,11,0,1,4,0,0,1.25,5.25,10,1.23,5.5,9.75,1.25,5.5,10,1.23,6.21,11.86,1.22,5.25,11,1.2,5.25,10.5,1.26,6.4,12,1.22,5.71,10.7,1.57,2.35,1.52,2.45,1.6,2.5,1.53,2.37,-1.75,1.98,1.83,1.87,1.97,1.98,1.98,1.85,1.89,1.17,6.5,13,1.17,6.5,11.5,1.17,6.5,13,1.17,7.37,17.18,1.17,5.8,15,1.14,6,13,1.2,7.37,17.18,1.17,6.5,12.97,1.48,2.6,1.5,2.55,1.53,2.6,1.49,2.45,-2,1.93,1.93,1.93,1.92,2.07,1.93,1.92,1.84
SC2,04/03/2023,15:00,Kelty Hearts,FC Edinburgh,1,2,A,0,1,A,L Wilson,12,9,6,4,11,8,7,7,2,1,0,0,2,3.6,3,1.98,3.4,3.1,2.05,3.4,3.1,1.97,3.59,3.6,2.05,3.3,3.2,2,3.4,3.1,2.11,3.7,3.65,2,3.52,3.26,1.7,2.1,1.73,2.09,1.73,2.18,1.68,2.09,-0.25,1.83,2.02,1.71,2.14,1.83,2.14,1.76,2.01,1.95,3.5,3.1,1.98,3.4,3.1,2.05,3.35,3.1,2.08,3.68,3.29,2.05,3.3,3.2,1.91,3.4,3.3,2.08,3.83,3.5,2.02,3.55,3.19,1.8,2,1.79,2.03,1.8,2.16,1.73,2.04,-0.5,2.05,1.8,2.06,1.78,2.06,1.83,2,1.77
SC2,04/03/2023,15:00,Montrose,Clyde,2,0,H,2,0,H,D McFarlane,14,7,4,3,17,14,15,1,3,3,0,0,1.65,3.8,4.2,1.63,3.6,4.33,1.67,3.65,4.3,1.64,3.99,4.88,1.63,3.6,4.8,1.6,3.6,4.6,1.72,4.1,5,1.64,3.8,4.58,1.88,1.98,1.72,2.1,1.88,2.1,1.76,1.99,-0.75,1.85,2,1.81,2.04,1.89,2.04,1.81,1.95,1.44,4.33,5.25,1.44,4.1,5.5,1.47,4.2,5.75,1.48,4.48,6.4,1.44,4,6.5,1.36,4.33,6.5,1.61,4.6,7.1,1.46,4.3,5.97,1.7,2.2,1.6,2.3,1.78,2.3,1.64,2.18,-1.25,2.02,1.77,2.05,1.81,2.11,1.88,1.99,1.78
SC2,04/03/2023,15:00,Queen of Sth,Airdrie Utd,3,2,H,2,0,H,D Williams,7,14,5,7,7,14,5,5,3,2,0,0,2.55,3.3,2.4,2.5,3.3,2.37,2.6,3.25,2.45,2.55,3.5,2.59,2.55,3.25,2.5,2.5,3.3,2.4,2.7,3.6,2.75,2.53,3.39,2.49,1.88,1.98,1.72,2.1,1.88,2.12,1.75,2.01,0,1.98,1.83,1.9,1.93,1.98,1.93,1.89,1.86,2.45,3.3,2.5,2.45,3.3,2.45,2.5,3.25,2.55,2.49,3.59,2.65,2.5,3.25,2.55,2.45,3.3,2.45,2.61,3.61,2.69,2.49,3.41,2.53,1.88,1.98,1.75,2.07,1.88,2.1,1.77,1.99,0,1.93,1.93,1.87,1.99,1.93,1.99,1.87,1.9
SC2,07/03/2023,19:45,Dunfermline,Falkirk,2,0,H,0,0,D,E Anderson,10,2,5,1,9,13,9,6,2,1,0,0,2.3,3.2,2.7,2.3,3.2,2.6,2.4,3.1,2.75,2.6,3.11,2.79,2.45,3,2.8,2.38,3.1,2.7,2.6,3.3,2.9,2.42,3.13,2.75,2.1,1.77,2.06,1.75,2.11,1.83,2.03,1.72,0,1.73,2.08,1.85,1.99,1.85,2.12,1.77,2,2.15,3.3,2.88,2.25,3.2,2.75,2.2,3.2,2.9,2.37,3.03,3.28,2.25,3.1,3,2.2,3.2,2.88,2.37,3.45,3.28,2.24,3.22,2.98,1.98,1.88,1.97,1.87,2.02,1.88,1.91,1.82,-0.25,2,1.85,2.01,1.85,2.02,1.85,1.94,1.82
SC2,11/03/2023,15:00,Airdrie Utd,Kelty Hearts,6,1,H,3,0,H,M MacDermid,18,8,10,5,7,8,9,6,0,2,0,0,1.91,3.3,3.6,1.9,3.4,3.3,1.97,3.35,3.45,1.94,3.7,3.57,1.95,3.3,3.5,1.85,3.4,3.5,2.02,3.78,3.7,1.92,3.5,3.48,1.88,1.98,1.73,2.09,1.88,2.09,1.76,1.99,-0.5,1.98,1.88,1.94,1.89,2.02,1.94,1.91,1.84,1.83,3.4,3.75,1.83,3.5,3.5,1.8,3.55,3.85,1.76,3.97,4.18,1.83,3.4,3.8,1.8,3.5,3.6,1.91,3.97,4.18,1.84,3.62,3.7,1.8,2.05,1.68,2.18,1.8,2.18,1.72,2.04,-0.5,1.9,1.95,1.75,2.1,1.91,2.1,1.82,1.93
SC2,11/03/2023,15:00,Clyde,Queen of Sth,1,1,D,1,0,H,C Graham,10,16,3,8,9,13,6,8,4,3,0,0,3.6,3.5,1.83,3.5,3.4,1.85,3.5,3.5,1.9,3.84,3.69,1.88,3.75,3.4,1.85,3.7,3.4,1.8,3.9,3.81,1.92,3.68,3.56,1.85,1.88,1.98,1.83,2,1.88,2,1.81,1.93,0.5,1.95,1.9,1.96,1.88,2,1.91,1.91,1.84,3.6,3.6,1.8,3.7,3.5,1.78,3.6,3.5,1.85,4.05,3.99,1.79,3.9,3.5,1.8,3.8,3.5,1.75,4.05,4,1.89,3.78,3.68,1.79,1.8,2.05,1.69,2.17,1.8,2.17,1.71,2.05,0.5,2,1.85,2.07,1.77,2.07,1.86,1.97,1.79
SC2,11/03/2023,15:00,FC Edinburgh,Alloa,0,2,A,0,1,A,C Napier,3,10,1,7,10,6,5,5,1,0,0,0,2.3,3.4,2.7,2.25,3.3,2.65,2.35,3.3,2.65,2.48,3.33,2.77,2.35,3.2,2.75,2.38,3.3,2.55,2.52,3.5,2.81,2.39,3.32,2.67,1.73,2.08,1.85,1.98,1.85,2.1,1.76,1.99,0,1.77,2.02,1.82,2.03,1.83,2.04,1.78,1.98,2.5,3.3,2.45,2.3,3.3,2.55,2.45,3.25,2.6,2.48,3.37,2.8,2.38,3.2,2.7,2.38,3.3,2.55,2.7,3.57,2.8,2.46,3.34,2.59,1.75,2.05,1.83,2.01,1.83,2.1,1.75,1.99,0,1.95,1.9,1.81,2.05,2.06,2.08,1.85,1.92
SC2,18/03/2023,15:00,Airdrie Utd,Peterhead,7,0,H,4,0,H,S Kirkland,20,1,11,0,8,14,2,0,0,4,0,0,1.29,5,8,1.23,5.5,9.25,1.25,5.25,9,1.26,5.96,10.31,1.22,5,12,1.22,5,9.5,1.29,6.2,12,1.24,5.56,10.15,1.62,2.25,1.55,2.38,1.62,2.55,1.54,2.35,-1.75,2.08,1.73,1.95,1.88,2.08,1.88,1.93,1.83,1.2,5.5,12,1.19,6,10,1.2,6,11,1.21,6.68,13.24,1.18,5.5,13,1.17,5.75,11.5,1.25,7,15,1.19,6.09,11.84,1.53,2.4,1.51,2.51,1.55,2.55,1.51,2.42,-1.75,1.85,2,1.83,2.03,1.85,2.05,1.78,1.98
SC2,18/03/2023,15:00,Alloa,Clyde,3,1,H,1,0,H,G Calder,9,4,4,2,4,11,6,2,0,3,0,0,1.53,3.8,5,1.53,3.8,5,1.57,3.8,4.9,1.55,4.16,5.65,1.53,3.75,5.5,1.5,3.8,5.25,1.61,4.2,5.8,1.54,3.96,5.29,1.73,2.08,1.72,2.1,1.74,2.15,1.69,2.07,-1,1.98,1.88,1.92,1.92,2.01,1.92,1.9,1.86,1.5,3.8,5,1.53,3.9,4.8,1.57,3.85,4.9,1.53,4.27,5.9,1.57,3.75,5.25,1.53,3.8,5,1.57,4.4,5.9,1.53,4.03,5.21,1.7,2.1,1.69,2.17,1.72,2.2,1.67,2.1,-1,1.98,1.88,1.9,1.95,1.98,1.95,1.91,1.84
SC2,18/03/2023,15:00,Dunfermline,FC Edinburgh,0,0,D,0,0,D,P Stuart,8,0,3,0,9,6,4,8,1,1,0,0,1.45,4.2,5.5,1.44,4.1,5.5,1.47,4.1,5.5,1.44,4.63,6.58,1.44,4,6.5,1.44,4,5.75,1.51,4.75,8,1.44,4.33,6.07,1.67,2.15,1.65,2.21,1.68,2.25,1.64,2.15,-1.25,2.08,1.73,2.02,1.83,2.08,1.83,2,1.76,1.4,4.2,7,1.38,4.33,6.25,1.37,4.5,7,1.4,4.7,7.75,1.38,4.2,7.5,1.33,4.4,7,1.49,5,8.2,1.37,4.58,7.12,1.7,2.1,1.72,2.12,1.72,2.25,1.66,2.12,-1.25,1.9,1.95,1.95,1.9,1.95,1.97,1.86,1.9
SC2,18/03/2023,15:00,Kelty Hearts,Montrose,1,2,A,1,0,H,C Fordyce,14,10,4,5,14,12,6,11,2,3,0,0,2.25,3.6,2.6,2.1,3.3,2.85,2.25,3.35,2.8,2.38,3.53,2.77,2.25,3.25,2.88,2.2,3.3,2.75,2.43,3.6,2.9,2.26,3.43,2.79,1.7,2.1,1.72,2.11,1.73,2.13,1.69,2.07,-0.25,2.02,1.77,2.07,1.76,2.07,1.85,2,1.77,2.8,3.5,2.1,2.8,3.25,2.15,2.9,3.25,2.2,2.85,3.48,2.39,2.88,3.2,2.25,2.88,3.25,2.15,3.1,3.6,2.85,2.8,3.39,2.27,1.85,2,1.84,2.01,1.85,2.05,1.77,1.97,0.25,1.88,1.98,1.79,2.08,1.88,2.08,1.79,1.97
SC2,18/03/2023,15:00,Queen of Sth,Falkirk,1,0,H,1,0,H,B Cook,7,8,1,5,12,17,2,9,2,2,0,0,3.4,3.4,1.85,3.1,3.3,2,3.25,3.3,2.05,3.14,3.63,2.13,3.2,3.25,2.1,3.1,3.4,2,3.4,3.72,2.16,3.13,3.47,2.07,1.62,2.25,1.73,2.09,1.74,2.25,1.69,2.08,0.25,2.1,1.7,1.97,1.87,2.1,1.92,1.94,1.82,3,3.3,2.05,2.9,3.3,2.1,3.1,3.25,2.1,3.11,3.57,2.19,3.2,3.25,2.1,3.4,3.4,1.87,3.46,3.62,2.22,3.08,3.42,2.1,1.8,2,1.82,2.03,1.82,2.1,1.75,1.99,0.25,1.93,1.93,1.93,1.92,2.1,1.93,1.91,1.84
SC2,24/03/2023,19:30,Clyde,Airdrie Utd,1,5,A,1,3,A,P Stuart,11,10,2,6,13,6,6,3,0,0,0,0,6,4.2,1.44,5.5,4.1,1.46,5.75,4.2,1.47,6.02,4.53,1.48,5.8,4,1.47,6,4.2,1.5,6.5,4.6,1.5,5.81,4.32,1.46,1.62,2.25,1.56,2.36,1.63,2.38,1.58,2.27,1,2.13,1.75,2.07,1.75,2.13,1.83,2,1.76,6,4.2,1.44,5.5,4.4,1.42,5.75,4.3,1.45,6.53,4.87,1.43,6,4.2,1.44,6.5,4.2,1.45,6.53,4.87,1.48,5.89,4.44,1.44,1.57,2.35,1.55,2.41,1.6,2.6,1.51,2.43,1.25,1.85,2,1.93,1.93,1.93,2.13,1.8,1.97
SC2,24/03/2023,19:45,Falkirk,Kelty Hearts,0,0,D,0,0,D,R Hardie,13,5,4,2,15,15,9,3,1,2,0,0,1.4,4.33,5.75,1.42,4,6.25,1.4,4.2,6.75,1.47,4.26,6.73,1.4,3.8,8,1.4,4.2,8,1.48,4.5,8,1.43,4.16,6.76,1.8,2,1.89,1.93,1.97,2,1.88,1.85,-1.25,2,1.85,2.07,1.79,2.1,1.85,2,1.76,1.33,4.75,6.5,1.35,4.4,6.75,1.35,4.4,7.25,1.38,4.81,7.97,1.35,4.2,8.5,1.36,4.4,8.5,1.39,5,9,1.35,4.53,7.78,1.73,2.08,1.75,2.08,1.9,2.08,1.78,1.96,-1.25,1.8,2.05,1.85,2,1.93,2.05,1.83,1.92
SC2,24/03/2023,19:45,FC Edinburgh,Queen of Sth,1,3,A,0,0,D,L Wilson,12,17,2,10,10,10,3,6,4,0,0,0,3.2,3.25,2.1,2.95,3.3,2.05,3.05,3.3,2.15,3.18,3.42,2.18,3.2,3.25,2.1,3.13,3.4,2.15,3.25,3.58,2.2,3.08,3.39,2.12,1.88,1.98,1.85,1.96,1.88,2.08,1.78,1.98,0.25,1.95,1.9,1.93,1.9,2,1.9,1.91,1.84,3,3.2,2.2,2.7,3.3,2.25,2.8,3.2,2.3,2.97,3.5,2.3,2.9,3.2,2.25,3,3.25,2.3,3.02,3.56,2.35,2.88,3.35,2.26,1.85,2,1.82,2.02,1.87,2.02,1.81,1.93,0.25,1.85,2,1.85,2,1.85,2.11,1.79,1.96
SC2,25/03/2023,15:00,Peterhead,Alloa,0,2,A,0,0,D,M Roncone,3,9,0,2,16,9,5,4,2,1,0,0,7,4.2,1.44,5,3.9,1.51,5.75,4,1.5,5.49,3.83,1.5,6,3.9,1.47,6,4.1,1.5,7,4.33,1.57,5.58,4.01,1.51,1.8,2,1.8,1.92,1.83,2.05,1.77,1.97,1,2.1,1.7,1.89,1.83,2.1,1.98,1.88,1.86,7.5,4.75,1.4,6.75,4.4,1.35,7,4.4,1.37,7.62,4.38,1.43,8,4.2,1.35,8,4.5,1.36,8.4,5,1.43,7.47,4.47,1.37,1.75,2.05,1.84,2,1.84,2.05,1.75,2,1.25,2,1.85,1.85,2,2,2,1.89,1.87
SC2,25/03/2023,16:00,Montrose,Dunfermline,1,3,A,0,2,A,S Luke,11,14,2,7,12,7,3,6,2,3,0,0,3.3,3.4,2,3.2,3.3,1.98,3.2,3.3,2.05,3.24,3.44,2.15,3.3,3.25,2.05,3.3,3.4,2.05,3.5,3.6,2.18,3.25,3.41,2.04,1.8,2,1.84,1.98,1.87,2,1.79,1.94,0.25,2.05,1.75,1.97,1.87,2.08,1.87,1.95,1.8,3.6,3.5,1.85,3.3,3.4,1.9,3.65,3.65,1.8,3.73,3.53,1.97,3.5,3.3,1.95,3.6,3.4,1.95,3.75,3.65,2,3.5,3.48,1.94,1.75,2.05,1.84,2,1.89,2.05,1.79,1.96,0.5,1.9,1.95,1.88,1.97,1.91,2.05,1.82,1.93
SC2,01/04/2023,15:00,Alloa,Airdrie Utd,0,1,A,0,1,A,B Cook,5,9,1,4,11,10,4,3,2,2,0,0,2.63,3.25,2.38,2.5,3.2,2.45,2.45,3.2,2.6,2.74,3.62,2.36,2.7,3.25,2.38,2.63,3.4,2.45,2.8,3.71,2.6,2.66,3.41,2.37,1.7,2.1,1.69,2.14,1.71,2.25,1.67,2.11,0,2.02,1.83,2.06,1.77,2.06,1.83,1.99,1.77,3,3.25,2.15,2.85,3.2,2.15,2.45,3.2,2.6,2.91,3.78,2.22,2.9,3.2,2.25,3,3.4,2.2,3.1,3.78,2.6,2.87,3.43,2.22,1.85,1.95,1.83,2.01,1.85,2.05,1.78,1.96,0.25,1.9,1.95,1.89,1.96,1.9,2.08,1.82,1.93
SC2,01/04/2023,15:00,Clyde,Falkirk,0,0,D,0,0,D,S Lambie,10,9,1,4,4,10,2,9,0,1,0,0,5.75,4,1.45,5.5,3.9,1.47,5.25,3.9,1.53,6.32,4.44,1.47,6.5,4,1.44,6.5,4.33,1.44,6.75,4.6,1.53,6.07,4.25,1.44,1.7,2.1,1.68,2.17,1.73,2.18,1.68,2.1,1,2.02,1.83,2.09,1.74,2.11,1.83,2.02,1.74,6.5,4.2,1.4,5.75,4.1,1.43,5.25,3.9,1.53,6.89,4.56,1.44,7,4,1.42,7,4.33,1.4,7.2,4.7,1.53,6.43,4.34,1.42,1.7,2.1,1.68,2.18,1.71,2.18,1.67,2.11,1.25,1.85,2,1.85,2,1.85,2.07,1.79,1.96
SC2,01/04/2023,15:00,Dunfermline,Kelty Hearts,0,0,D,0,0,D,C Scott,12,1,2,0,9,13,6,4,1,5,0,0,1.5,4,5.5,1.47,3.9,5.5,,,,1.44,4.56,6.66,1.47,3.9,6,1.5,4.1,6,1.54,4.7,6.8,1.46,4.23,5.94,1.73,2.08,1.69,2.15,1.74,2.15,1.7,2.07,-1,1.9,1.95,1.74,2.09,1.9,2.09,1.78,1.97,1.36,4.33,7.5,1.35,4.33,7.25,,,,1.37,4.66,8.97,1.32,4.33,9,1.33,4.6,9,1.37,5,9.5,1.33,4.59,8.41,1.8,2,1.85,1.99,1.85,2.02,1.8,1.94,-1.25,1.85,2,1.88,1.96,1.88,2.02,1.79,1.96
SC2,01/04/2023,15:00,FC Edinburgh,Montrose,1,1,D,0,1,A,S Kirkland,12,15,4,6,15,13,5,6,5,2,0,0,2.45,3.5,2.45,2.45,3.1,2.55,2.5,3.1,2.6,2.63,3.37,2.58,2.55,3.1,2.6,2.55,3.3,2.6,2.69,3.5,2.65,2.54,3.28,2.55,1.8,2,1.74,2.07,1.85,2.08,1.76,1.98,0,1.93,1.93,1.93,1.9,1.93,1.96,1.88,1.88,2.75,3.6,2.2,2.75,3.1,2.25,2.5,3.1,2.6,2.92,3.56,2.31,2.9,3.25,2.25,2.9,3.4,2.25,3.02,3.6,2.6,2.87,3.37,2.25,1.85,1.95,1.76,2.06,1.85,2.06,1.78,1.97,0.25,1.85,2,1.84,2.02,1.91,2.03,1.82,1.94
SC2,01/04/2023,15:00,Queen of Sth,Peterhead,2,1,H,0,0,D,S Luke,14,5,6,4,12,11,5,3,2,4,0,0,1.3,5,8,1.29,4.8,7.75,1.43,4.2,6,1.28,5.52,10.15,1.27,4.8,9.5,1.3,5,9,1.43,5.7,10.15,1.28,5.09,8.82,1.67,2.15,1.63,2.25,1.7,2.26,1.64,2.16,-1.5,1.98,1.83,1.87,1.97,1.98,1.97,1.88,1.86,1.17,7,12,1.16,7,11.5,1.43,4.2,6,1.17,7.14,17.04,1.15,6,15,1.15,7,15,1.43,8,17.04,1.17,6.63,13.55,1.53,2.4,1.53,2.45,1.65,2.5,1.53,2.37,-1.75,1.68,2.15,1.72,2.15,1.78,2.2,1.69,2.11
SC2,08/04/2023,15:00,Airdrie Utd,Montrose,3,0,H,0,0,D,L Wilson,13,7,7,1,5,8,3,5,1,4,0,0,1.65,3.6,4.33,1.68,3.7,3.9,1.73,3.65,3.95,1.7,4,4.37,1.83,3.4,3.8,1.75,3.6,3.9,1.87,4.1,4.5,1.72,3.79,4.19,1.62,2.25,1.64,2.24,1.73,2.25,1.64,2.18,-0.75,1.9,1.95,1.9,1.93,1.94,1.95,1.89,1.87,1.55,3.8,5,1.61,3.75,4.33,1.63,3.8,4.5,1.59,4.26,5.15,1.63,3.6,4.8,1.62,3.9,4.8,1.71,4.26,5.15,1.61,3.95,4.7,1.65,2.2,1.62,2.25,1.7,2.26,1.63,2.19,-0.75,1.75,2.05,1.73,2.13,1.93,2.13,1.77,1.98
SC2,08/04/2023,15:00,Alloa,Queen of Sth,1,2,A,0,2,A,D Williams,14,9,10,4,3,8,11,0,1,3,0,0,2.38,3.4,2.5,2.35,3.25,2.55,2.4,3.25,2.6,2.5,3.36,2.73,2.4,3.2,2.7,2.5,3.3,2.63,2.51,3.55,2.74,2.42,3.34,2.65,1.7,2.1,1.86,1.96,1.86,2.1,1.78,1.97,0,1.85,1.95,1.83,2.01,1.85,2.01,1.8,1.96,2.45,3.4,2.45,2.5,3.25,2.4,2.6,3.15,2.45,2.95,2.97,2.62,2.62,3.1,2.55,2.7,3.2,2.5,2.95,3.4,2.74,2.69,3.11,2.52,1.88,1.98,1.94,1.89,1.95,1.98,1.88,1.86,0,1.93,1.93,2.05,1.81,2.05,1.93,1.94,1.82
SC2,08/04/2023,15:00,Falkirk,Dunfermline,2,2,D,2,2,D,D Dickinson,12,8,4,4,14,10,5,3,2,1,0,0,2.3,3.2,2.75,2.25,3,2.8,2.3,3.1,2.85,2.42,3.17,2.98,2.35,3,2.9,2.38,3.1,3,2.53,3.35,3,2.35,3.14,2.88,1.98,1.88,2.05,1.76,2.11,1.88,2,1.75,-0.25,2.1,1.77,2.08,1.78,2.12,1.81,2.04,1.74,2.25,3.2,2.88,2.3,3,2.75,2.35,3,2.85,2.5,3.21,2.89,2.38,2.88,3,2.4,3,3,2.53,3.25,3,2.4,3.08,2.87,2.15,1.67,2.11,1.74,2.3,1.74,2.14,1.65,0,1.73,2.08,1.79,2.08,1.79,2.08,1.74,2.03
SC2,08/04/2023,15:00,Kelty Hearts,Clyde,0,0,D,0,0,D,S Luke,14,6,2,1,12,11,7,2,3,0,0,0,1.75,3.6,3.75,1.72,3.4,4.1,1.83,3.45,3.85,1.73,3.68,4.26,1.8,3.3,4.2,1.75,3.6,4.2,1.85,3.86,4.5,1.75,3.59,4.16,1.8,2,1.86,1.95,1.87,2,1.81,1.93,-0.75,2.05,1.75,1.97,1.86,2.05,1.86,1.95,1.8,1.75,3.6,3.75,1.77,3.4,3.8,1.83,3.45,3.9,1.7,3.85,4.75,1.8,3.4,4,1.8,3.6,4.1,1.85,3.87,4.75,1.75,3.59,4.21,1.8,2,1.83,2.02,1.85,2.02,1.81,1.93,-0.75,2.05,1.75,1.9,1.95,2.05,1.95,1.93,1.82
SC2,08/04/2023,15:00,Peterhead,FC Edinburgh,1,0,H,1,0,H,I Snedden,11,7,5,2,17,10,0,3,2,1,0,0,4,3.6,1.73,4.2,3.4,1.7,4.1,3.5,1.73,4.34,3.75,1.76,4.33,3.5,1.73,4.33,3.6,1.75,4.4,3.84,1.79,4.18,3.65,1.74,1.7,2.1,1.85,1.98,1.85,2.1,1.76,1.99,0.75,1.83,1.98,1.85,1.98,1.85,1.98,1.81,1.94,4.5,3.75,1.62,4.5,3.5,1.62,4.4,3.6,1.67,4.6,3.88,1.72,4.6,3.5,1.67,5,3.8,1.62,5.25,4,1.75,4.61,3.77,1.65,1.73,2.08,1.83,2.02,1.83,2.08,1.76,1.99,0.75,1.95,1.9,1.93,1.92,1.98,1.92,1.9,1.85
SC2,11/04/2023,19:45,Montrose,Falkirk,1,2,A,0,2,A,C Scott,8,14,2,6,12,11,2,3,3,3,0,0,3.25,3.6,1.95,3.2,3.4,1.93,3.2,3.4,2.05,3.43,3.49,2.06,3.5,3.2,2,3.5,3.4,2,3.5,3.65,2.09,3.35,3.43,2,1.95,1.9,1.92,1.9,1.95,2,1.87,1.87,0.5,1.83,2.02,1.8,2.06,1.83,2.06,1.76,1.99,3.25,3.6,1.95,3.2,3.25,2,3.25,3.3,2,3.45,3.54,2.06,3.5,3.2,2,3.4,3.4,2.05,3.5,3.7,2.1,3.33,3.39,2.02,1.95,1.9,1.92,1.92,2.02,1.92,1.91,1.83,0.25,2.05,1.75,2.06,1.78,2.12,1.85,2.01,1.75
SC2,11/04/2023,19:45,Peterhead,Dunfermline,0,2,A,0,0,D,D McFarlane,6,9,1,4,16,13,1,5,4,1,0,0,10,5.75,1.2,10.5,5.75,1.2,11,5.75,1.22,15.96,6.21,1.2,13,5.5,1.18,13,5.75,1.2,17,6.6,1.23,12.93,5.9,1.19,1.67,2.15,1.68,2.17,1.68,2.3,1.64,2.16,1.75,1.95,1.9,2,1.84,2,1.97,1.92,1.84,11,6,1.18,10.5,6.25,1.18,13,6,1.17,17.86,6.96,1.18,17,5.5,1.17,15,6,1.18,17.86,6.96,1.21,13.5,6.15,1.18,1.6,2.3,1.56,2.39,1.67,2.39,1.61,2.23,2,1.8,2.05,1.85,2,1.85,2.14,1.74,2.03
SC2,15/04/2023,15:00,Clyde,FC Edinburgh,2,1,H,2,1,H,P Stuart,18,7,7,4,16,6,4,4,1,1,0,0,3.25,3.3,2.05,3,3.25,2.05,3.15,3.25,2.1,3.01,3.59,2.2,3.1,3.3,2.1,3.2,3.4,2.1,3.25,3.74,2.22,3.03,3.45,2.11,1.75,2.13,1.71,2.13,1.75,2.2,1.68,2.1,0.25,2.02,1.83,1.9,1.93,2.04,1.95,1.89,1.87,3,3.2,2.2,2.9,3.3,2.1,3,3.2,2.15,3.01,3.52,2.24,3.1,3.3,2.1,3,3.4,2.2,3.19,3.58,2.28,2.97,3.38,2.19,1.83,2.02,1.82,2.03,1.89,2.12,1.77,1.97,0.25,1.88,1.98,1.89,1.96,1.93,1.98,1.84,1.92
SC2,15/04/2023,15:00,Dunfermline,Queen of Sth,5,0,H,2,0,H,R Hardie,14,8,9,1,8,9,5,1,0,3,0,0,1.62,3.75,4.33,1.57,3.9,4.4,1.6,3.85,4.5,1.65,4.02,4.75,1.6,3.6,5,1.6,3.9,5,1.65,4.2,5.3,1.6,3.9,4.74,1.73,2.08,1.75,2.06,1.8,2.08,1.73,2.02,-0.75,1.85,2,1.84,2,1.85,2.02,1.79,1.96,1.62,3.75,4.33,1.66,3.6,4.1,1.73,3.6,4.1,1.81,3.27,5.03,1.7,3.4,4.5,1.7,3.6,4.6,1.81,3.91,5.2,1.71,3.53,4.54,1.9,1.95,1.94,1.89,1.97,1.98,1.85,1.89,-0.75,1.85,2,2.06,1.81,2.06,2,1.93,1.84
SC2,15/04/2023,15:00,Falkirk,Airdrie Utd,2,2,D,1,0,H,G Grainger,9,7,4,2,14,9,0,5,0,1,0,0,1.85,3.6,3.4,1.82,3.5,3.5,1.9,3.5,3.5,1.94,3.62,3.65,1.88,3.4,3.7,1.93,3.4,3.75,1.96,3.75,3.8,1.89,3.54,3.53,1.9,1.95,1.88,1.93,1.9,1.95,1.83,1.9,-0.5,1.95,1.9,1.94,1.89,1.95,1.9,1.89,1.86,2.15,3.1,3.2,1.95,3.3,3.2,2.1,3.2,3.15,2.21,3.19,3.43,2.1,3.25,3.2,2.1,3.3,3.3,2.21,3.5,3.85,2.09,3.25,3.32,1.85,1.95,1.79,2.02,1.97,2.02,1.83,1.9,-0.25,1.9,1.95,1.89,1.96,1.9,2.08,1.81,1.96
SC2,15/04/2023,15:00,Kelty Hearts,Alloa,0,1,A,0,0,D,D McFarlane,8,8,2,3,6,13,2,5,1,1,0,0,2.8,3.25,2.25,2.7,3.2,2.3,2.75,3.15,2.35,2.82,3.49,2.37,2.8,3.2,2.3,2.88,3.25,2.38,2.88,3.58,2.42,2.78,3.33,2.32,1.95,1.9,1.85,1.97,1.95,1.97,1.83,1.9,0,2.15,1.73,2.08,1.75,2.15,1.81,2.05,1.73,3,3.2,2.15,2.8,3.1,2.25,2.9,3.1,2.25,3.12,3.4,2.25,3,3.1,2.25,2.9,3.3,2.3,3.12,3.4,2.36,2.93,3.25,2.27,2,1.85,2.07,1.76,2.09,1.87,1.98,1.77,0.25,1.9,1.95,1.9,1.95,1.9,2.08,1.81,1.96
SC2,15/04/2023,15:00,Montrose,Peterhead,2,1,H,1,0,H,S Lambie,15,8,8,3,16,13,12,2,1,2,0,0,1.3,4.75,8.5,1.29,4.75,8,1.3,4.9,8,1.31,5.39,8.85,1.27,4.6,10,1.29,5,10,1.32,5.6,10,1.29,5.05,8.57,1.62,2.25,1.6,2.27,1.64,2.3,1.6,2.23,-1.5,1.93,1.93,1.93,1.9,1.95,1.93,1.9,1.86,1.3,4.75,8.5,1.33,4.5,7.5,1.33,4.8,7.75,1.33,5.04,9.73,1.32,4.5,8,1.33,4.75,9,1.37,5.5,9.73,1.32,4.84,8.17,1.62,2.25,1.68,2.19,1.69,2.28,1.64,2.16,-1.5,1.93,1.93,2,1.85,2.02,1.93,1.95,1.81
SC2,18/04/2023,19:45,Falkirk,FC Edinburgh,1,2,A,0,0,D,A Newlands,15,9,7,4,9,4,6,4,0,1,0,0,1.4,4,7,1.44,4.1,5.75,1.43,4.1,6.25,1.45,4.44,6.62,1.44,3.9,6.5,1.44,4.2,7,1.47,4.5,7,1.44,4.22,6.33,1.73,2.08,1.71,2.12,1.76,2.14,1.71,2.06,-1.25,1.95,1.9,2.02,1.83,2.08,1.9,1.99,1.78,1.33,4.5,7.5,1.37,4.5,6.25,1.37,4.6,6.75,1.4,4.91,7.14,1.4,4.2,7,1.4,4.5,7,1.42,5.1,7.9,1.38,4.64,6.8,1.53,2.4,1.54,2.44,1.62,2.48,1.55,2.34,-1.25,1.77,2.02,1.87,1.99,1.99,2.02,1.84,1.92
SC2,22/04/2023,15:00,Airdrie Utd,Dunfermline,1,1,D,0,0,D,G Aitken,16,3,7,1,8,6,14,2,0,1,0,2,2.2,3.4,2.75,2.45,3.25,2.45,2.55,3.3,2.45,2.35,3.52,2.82,2.62,3.1,2.5,2.55,3.3,2.63,2.9,3.6,2.89,2.53,3.36,2.53,1.85,2,1.85,1.98,1.92,2.11,1.82,1.91,0,1.73,2.08,1.75,2.09,2.11,2.09,1.88,1.88,2.25,3.4,2.63,2.25,3.3,2.65,2.5,3.25,2.5,2.21,3.6,3.06,2.3,3.2,2.8,2.38,3.4,2.75,2.55,3.63,3.06,2.29,3.41,2.79,1.85,2,1.78,2.04,1.89,2.04,1.8,1.95,-0.25,2,1.8,1.93,1.92,2.17,1.92,1.97,1.78
SC2,22/04/2023,15:00,Alloa,Falkirk,1,4,A,0,2,A,G Duncan,6,11,3,8,9,11,0,2,1,2,0,0,3,3.25,2.1,3,3.25,2.1,3.15,3.3,2.1,3.05,3.23,2.34,3,3.4,2.05,3.1,3.3,2.2,3.25,3.55,2.42,2.98,3.32,2.21,2.08,1.73,2.1,1.72,2.1,2,1.88,1.85,0.25,1.9,1.95,1.83,2.02,1.98,2.07,1.8,1.96,2.8,3.3,2.2,2.7,3.1,2.3,2.8,3.1,2.35,3.13,3.35,2.28,2.88,3.1,2.35,3,3.25,2.3,3.2,3.42,2.43,2.87,3.24,2.32,2.05,1.75,2.06,1.77,2.11,1.86,1.99,1.76,0.25,1.82,2.02,1.88,1.97,1.88,2.11,1.76,2.01
SC2,22/04/2023,15:00,FC Edinburgh,Kelty Hearts,2,2,D,0,1,A,D Williams,14,9,5,4,5,11,10,2,1,0,0,0,2.15,3.25,3.2,2.1,3.3,2.87,2.2,3.2,2.95,2.19,3.31,3.28,2.15,3.2,3.1,2.15,3.4,3.13,2.27,3.55,3.31,2.14,3.35,3.07,1.85,2,1.94,1.88,1.94,2.12,1.75,1.99,-0.25,1.9,1.95,1.89,1.94,1.94,1.95,1.86,1.89,2.2,3.2,3.1,2.15,3.2,2.87,2.2,3.1,3,2.31,3.39,3.03,2.25,3.1,3,2.25,3.3,3,2.32,3.45,3.4,2.22,3.27,3.02,1.98,1.88,1.93,1.9,1.98,1.9,1.92,1.83,-0.25,2,1.85,2.01,1.85,2.01,1.95,1.93,1.83
SC2,22/04/2023,15:00,Peterhead,Clyde,1,1,D,1,0,H,C Scott,10,10,6,3,11,10,4,10,4,4,0,0,2.75,3.5,2.1,2.7,3.25,2.25,2.85,3.25,2.3,3.14,3.32,2.25,3,3.2,2.2,3.1,3.3,2.2,3.17,3.5,2.7,2.95,3.29,2.24,1.88,1.98,1.9,1.92,1.9,2.01,1.83,1.91,0.25,1.9,1.95,1.88,1.95,1.9,2.25,1.82,1.94,3,3.4,2.05,3.2,3.2,2,3.1,3.2,2.1,3.28,3.1,2.32,3.3,3.1,2.1,3.3,3.2,2.15,3.45,3.55,2.34,3.22,3.23,2.13,2.1,1.77,2.04,1.78,2.11,1.94,1.98,1.77,0.25,1.95,1.9,1.87,1.98,1.98,1.98,1.91,1.85
SC2,22/04/2023,15:00,Queen of Sth,Montrose,2,3,A,2,3,A,C Steven,5,11,2,6,8,5,2,4,0,3,2,0,1.85,3.6,3.4,1.95,3.5,3.1,2,3.35,3.2,1.91,3.81,3.6,1.95,3.4,3.4,1.95,3.5,3.5,2.07,3.82,3.69,1.94,3.58,3.4,1.6,2.3,1.58,2.3,1.7,2.34,1.62,2.2,-0.5,1.95,1.9,1.91,1.93,2.02,1.93,1.92,1.83,1.85,3.4,3.5,1.85,3.5,3.3,2.05,3.3,3.35,1.88,3.76,3.83,1.88,3.3,3.75,1.9,3.5,3.75,2.13,3.76,3.9,1.89,3.55,3.61,1.7,2.1,1.68,2.19,1.82,2.2,1.68,2.1,-0.5,1.9,1.95,1.88,1.97,2.08,1.97,1.88,1.87
SC2,29/04/2023,15:00,Airdrie Utd,Queen of Sth,1,3,A,0,2,A,G Irvine,16,12,3,7,5,10,4,8,0,1,0,0,1.75,3.6,4,1.77,3.4,3.75,1.83,3.45,3.8,1.9,3.88,3.55,1.83,3.4,3.9,1.8,3.6,4,1.94,3.92,4,1.84,3.66,3.67,1.7,2.1,1.7,2.14,1.73,2.15,1.69,2.07,-0.5,1.8,2.05,1.9,1.93,1.9,2.05,1.84,1.91,1.57,4.2,4.5,1.55,4.1,4.33,1.7,3.65,4.3,1.62,4.55,4.57,1.62,3.8,4.5,1.67,3.9,4.5,1.75,4.55,5,1.61,4.16,4.4,1.48,2.6,1.5,2.49,1.65,2.65,1.49,2.48,-0.75,1.7,2.1,1.75,2.09,1.89,2.1,1.77,1.99
SC2,29/04/2023,15:00,Dunfermline,Clyde,2,1,H,1,1,D,C Steven,9,4,2,2,6,6,9,0,0,1,0,0,1.3,5,8,1.27,5,8,1.3,5,8,1.29,5.64,9.03,1.27,4.75,10,1.29,5.25,9.5,1.32,5.9,11,1.28,5.3,8.75,1.6,2.3,1.56,2.35,1.61,2.38,1.57,2.29,-1.5,1.95,1.9,1.84,2,1.95,2,1.83,1.92,1.3,5,7,1.3,4.8,7.25,1.3,5,8,1.36,5.17,8,1.3,4.6,8.5,1.22,5.5,13,1.36,5.6,10,1.29,5.16,8.25,1.57,2.35,1.59,2.32,1.63,2.43,1.56,2.31,-1.5,1.95,1.9,2.06,1.78,2.06,2.01,1.89,1.87
SC2,29/04/2023,15:00,Kelty Hearts,Peterhead,2,1,H,0,0,D,C Napier,11,19,6,11,17,11,6,6,0,0,0,0,1.55,4,5,1.53,4,4.6,1.55,3.95,4.9,1.54,4.4,5.29,1.52,3.8,5.5,1.53,4,5.75,1.58,4.6,5.75,1.53,4.18,5.09,1.7,2.1,1.7,2.13,1.72,2.2,1.67,2.1,-1,2,1.85,1.88,1.95,2,1.95,1.89,1.86,1.44,4.33,6,1.43,4.2,5.5,1.55,3.9,5,1.49,4.55,6.04,1.47,4,6,1.5,4,6,1.55,4.6,7,1.45,4.35,5.94,1.75,2.05,1.75,2.09,1.81,2.2,1.7,2.06,-1.25,2.05,1.8,2.1,1.75,2.1,1.83,2.02,1.75
SC2,29/04/2023,15:00,Montrose,Alloa,0,4,A,0,2,A,M Roncone,9,15,3,9,7,8,6,2,2,1,0,0,2.45,3.25,2.6,2.4,3.3,2.5,2.5,3.2,2.5,2.41,3.42,2.81,2.5,3.2,2.55,2.5,3.4,2.6,2.55,3.5,2.86,2.43,3.33,2.65,1.75,2.05,1.75,2.06,1.8,2.06,1.75,1.99,0,1.85,2,1.78,2.08,1.86,2.1,1.79,1.96,2.5,3.25,2.6,2.3,3.3,2.55,2.5,3.2,2.55,2.52,3.44,2.67,2.38,3.25,2.7,2.4,3.3,2.75,2.55,3.5,2.85,2.4,3.36,2.68,1.8,2,1.75,2.06,1.81,2.15,1.72,2.03,0,1.88,1.98,1.87,1.99,1.88,2.1,1.78,1.98
SC2,06/05/2023,15:00,Alloa,Dunfermline,0,2,A,0,0,D,C Scott,7,13,1,8,6,8,2,9,0,1,0,0,2.88,3.4,2.15,2.75,3.3,2.2,2.8,3.3,2.3,2.69,3.58,2.42,2.8,3.2,2.3,2.88,3.4,2.3,2.94,3.67,2.44,2.77,3.42,2.3,1.75,2.05,1.83,2,1.83,2.24,1.75,2,0.25,1.88,1.98,1.74,2.1,1.88,2.1,1.75,2.01,2.88,3.4,2.15,3.1,3.3,2,2.95,3.3,2.3,3.27,3.78,2.05,3.2,3.4,2.05,3.3,3.5,2.05,3.4,3.84,2.3,3.19,3.53,2.04,1.75,2.05,1.7,2.16,1.84,2.2,1.72,2.05,0.25,1.88,1.98,2.04,1.79,2.14,1.98,1.98,1.78
SC2,06/05/2023,15:00,Clyde,Montrose,2,1,H,0,0,D,S Kirkland,11,15,4,6,7,9,4,3,2,2,0,0,3,3.6,2.05,2.95,3.5,2,3,3.45,2.05,3.05,3.61,2.05,3.1,3.4,2.05,3.2,3.5,2.1,3.25,3.8,2.13,3.07,3.61,2.05,1.57,2.35,1.54,2.26,1.61,2.45,1.56,2.31,0.25,2,1.85,2,1.85,2,1.88,1.94,1.81,3.75,3.8,1.75,3.7,3.8,1.71,3.65,3.7,1.8,3.99,3.99,1.8,3.9,3.5,1.78,4,3.75,1.8,4,4,1.94,3.85,3.81,1.77,1.57,2.35,1.55,2.4,1.64,2.4,1.56,2.32,0.75,1.82,2.02,1.84,2.02,1.84,2.02,1.79,1.97
SC2,06/05/2023,15:00,FC Edinburgh,Airdrie Utd,1,4,A,0,1,A,R Hardie,6,16,2,7,9,10,4,4,2,1,0,0,3,3.75,2,3,3.5,1.95,3.15,3.55,2,3.48,3.87,1.93,3.1,3.5,2.05,3.2,3.6,2.05,3.52,3.93,2.06,3.24,3.69,1.97,1.53,2.4,1.5,2.51,1.57,2.55,1.51,2.41,0.5,1.77,2.02,1.91,1.93,1.91,2.02,1.81,1.93,3.6,4,1.8,3.3,3.75,1.82,3.9,3.8,1.75,3.67,4.02,1.83,3.6,3.5,1.85,3.6,3.8,1.85,3.92,4.02,1.92,3.53,3.84,1.84,1.5,2.5,1.49,2.52,1.52,2.55,1.49,2.46,0.5,2.02,1.82,2.02,1.84,2.05,1.95,1.9,1.84
SC2,06/05/2023,15:00,Peterhead,Falkirk,1,3,A,1,1,D,P Stuart,7,10,3,5,15,9,2,4,3,2,0,0,5.5,4,1.5,5.25,4.33,1.44,5.5,4.3,1.47,6.41,4.65,1.44,5.8,4,1.47,6,4.2,1.5,6.5,4.8,1.5,5.84,4.4,1.46,1.57,2.35,1.57,2.34,1.58,2.4,1.55,2.31,1,2.02,1.82,2.18,1.68,2.18,1.84,2.05,1.73,5.5,4,1.5,5.25,4.2,1.44,6.25,4.5,1.4,5.65,4.86,1.48,5.8,4,1.47,6.5,4.33,1.44,7.3,4.86,1.53,5.65,4.4,1.47,1.62,2.25,1.6,2.3,1.67,2.32,1.6,2.22,1.25,1.73,2.08,1.83,2.02,1.83,2.08,1.75,2.01
SC2,06/05/2023,15:00,Queen of Sth,Kelty Hearts,4,1,H,2,1,H,B Cook,11,5,4,4,6,11,6,5,1,1,0,0,1.85,3.5,3.6,1.85,3.6,3.3,1.95,3.5,3.35,1.94,3.81,3.46,1.88,3.5,3.5,1.87,3.75,3.6,1.97,3.9,3.6,1.89,3.68,3.44,1.6,2.3,1.61,2.25,1.62,2.43,1.57,2.31,-0.5,1.93,1.93,1.94,1.89,1.94,1.93,1.91,1.85,1.65,3.8,4.2,1.75,3.75,3.5,1.8,3.65,3.7,1.7,4.38,4.16,1.8,3.6,3.7,1.75,3.9,4,1.81,4.38,4.2,1.74,3.92,3.86,1.48,2.6,1.55,2.42,1.62,2.63,1.5,2.45,-0.75,1.88,1.98,1.87,1.98,2,1.98,1.91,1.87
