Div,Date,HomeTeam,AwayTeam,FTHG,FTAG,FTR,HTHG,HTAG,HTR,HS,AS,HST,AST,HFKC,AFKC,HC,AC,HY,AY,HR,AR,B365H,B365D,B365A,BWH,BWD,BWA,IWH,IWD,IWA,LBH,LBD,LBA,PSH,PSD,PSA,WHH,WHD,WHA,VCH,VCD,VCA,Bb1X2,BbMxH,BbAvH,BbMxD,BbAvD,BbMxA,BbAvA,BbOU,BbMx>2.5,BbAv>2.5,BbMx<2.5,BbAv<2.5,BbAH,BbAHh,BbMxAHH,BbAvAHH,BbMxAHA,BbAvAHA,PSCH,PSCD,PSCA
F2,28/07/17,Brest,Chateauroux,2,3,A,1,0,H,16,9,5,6,11,13,9,6,1,2,0,0,2,3.1,4.2,1.95,3.1,4.1,2,3.1,3.6,1.91,3.1,4,2.01,3.07,4.92,1.85,3.2,4.2,1.95,3.13,4.5,41,2.04,1.95,3.22,3.09,5.02,4.2,33,2.35,2.21,1.68,1.62,20,-0.5,1.99,1.94,1.96,1.9,1.91,3.27,5.13
F2,28/07/17,Nimes,Reims,0,1,A,0,0,D,11,11,4,6,13,21,6,4,0,2,0,0,2.2,3,3.6,2.05,3.2,3.6,2.2,3.1,3.2,2.2,3.1,3.2,2.33,3.05,3.73,2.1,3.2,3.3,2.25,3.1,3.5,41,2.34,2.21,3.2,3.05,3.8,3.39,37,2.22,2.11,1.78,1.7,20,-0.25,1.97,1.91,1.98,1.93,2.34,3.12,3.62
F2,28/07/17,Niort,Ajaccio,0,0,D,0,0,D,14,10,10,4,18,18,5,3,3,3,0,0,2.15,3.2,3.5,2.15,3.1,3.4,2.1,3.1,3.4,2.15,3.1,3.3,2.28,3.16,3.68,2.15,3.1,3.3,2.25,3.13,3.5,41,2.3,2.19,3.2,3.07,3.68,3.37,38,2.23,2.12,1.76,1.69,20,-0.25,1.95,1.9,1.98,1.94,2.4,3.17,3.41
F2,28/07/17,Orleans,Nancy,3,1,H,1,1,D,10,8,4,2,14,15,1,1,2,2,0,0,3,2.9,2.6,3,2.85,2.5,2.8,3,2.5,2.9,2.9,2.5,3.24,2.84,2.75,2.9,2.9,2.5,3.1,2.88,2.63,41,3.24,2.97,3,2.85,2.75,2.55,32,2.76,2.55,1.53,1.48,19,0,2.18,2.09,1.81,1.77,3.29,2.86,2.69
F2,28/07/17,Paris FC,Clermont,0,0,D,0,0,D,19,6,7,2,2,3,8,6,2,0,0,0,2.75,3.1,2.63,2.75,3.1,2.55,2.9,3,2.4,2.7,2.9,2.65,3.02,3.01,2.76,2.7,3,2.6,2.8,3,2.75,39,3.02,2.81,3.1,2.95,2.79,2.61,31,2.57,2.39,1.6,1.54,19,0,2.05,2,1.94,1.85,3.02,3,2.77
F2,28/07/17,Sochaux,Bourg Peronnas,2,0,H,1,0,H,14,4,3,1,16,17,6,6,1,3,0,0,2,3.2,4,1.91,3.1,4.2,1.9,3.2,3.9,2,3.1,3.7,2.11,3.16,4.26,2,3.2,3.6,1.91,3.25,4.33,39,2.09,2.01,3.25,3.11,4.5,3.92,32,2.39,2.21,1.67,1.62,16,-0.5,2.09,2.03,1.86,1.82,1.99,3.22,4.7
F2,28/07/17,Tours,Le Havre,0,3,A,0,1,A,4,16,1,9,12,20,3,4,2,2,0,0,2.55,3,2.9,2.4,3,3,2.4,3,2.9,2.6,3,2.7,2.79,2.99,3.01,2.45,3,2.88,2.7,3,2.88,41,2.83,2.57,3.1,2.97,3.01,2.84,32,2.37,2.22,1.67,1.61,20,0,1.89,1.84,2.05,2,2.81,3.06,2.92
F2,28/07/17,Valenciennes,Ajaccio GFCO,1,1,D,0,1,A,8,16,3,10,18,19,5,4,0,2,0,0,2.7,2.9,2.9,2.45,3,2.95,2.4,3,2.9,2.62,3,2.7,2.88,2.96,2.94,2.5,3,2.8,2.75,3,2.8,40,2.97,2.63,3.1,2.92,3.1,2.82,31,2.37,2.24,1.67,1.61,19,0,1.94,1.89,2.01,1.95,2.84,2.96,2.99
F2,29/07/17,Lorient,Quevilly Rouen,1,1,D,0,1,A,23,9,9,3,18,13,10,1,3,1,0,0,1.7,3.5,5.25,1.72,3.4,5,1.7,3.5,4.5,1.7,3.5,4.75,1.75,3.6,5.71,1.73,3.5,4.4,1.7,3.5,5.4,40,1.75,1.71,3.6,3.42,5.75,4.95,37,2.06,1.99,1.89,1.77,17,-0.75,2,1.95,1.94,1.88,1.63,3.91,6.41
F2,31/07/17,Auxerre,Lens,1,0,H,0,0,D,12,13,6,5,18,11,2,6,3,2,0,0,2.9,3,2.6,2.8,2.95,2.6,2.7,3,2.6,2.8,3,2.55,3.06,2.93,2.8,2.8,3,2.5,2.9,3,2.63,35,3.06,2.84,3,2.92,2.8,2.6,24,2.44,2.3,1.6,1.57,17,0,2.06,2,1.87,1.83,2.45,3.06,3.45
F2,04/08/17,Ajaccio,Brest,2,1,H,1,0,H,11,4,7,2,9,18,3,5,2,3,0,1,2.6,2.9,3,2.5,2.85,3,2.6,2.8,2.8,2.5,3,2.8,2.73,2.98,3.09,2.5,3,2.8,2.63,3,2.9,40,2.73,2.57,3.01,2.92,3.09,2.87,32,2.39,2.28,1.68,1.59,17,0,1.86,1.82,2.07,2.02,2.67,3,3.15
F2,04/08/17,Ajaccio GFCO,Lorient,0,0,D,0,0,D,7,13,2,5,11,18,4,7,1,2,0,0,2.45,3,3.1,2.4,3.1,2.9,2.4,3,2.9,2.45,3.1,2.87,2.57,3.09,3.2,2.38,3.1,2.88,2.45,3.1,3.1,40,2.6,2.44,3.13,3.03,3.2,2.95,38,2.19,2.1,1.78,1.7,15,0,1.82,1.77,2.18,2.1,3.02,3.12,2.68
F2,04/08/17,Bourg Peronnas,Paris FC,1,2,A,0,2,A,6,13,2,5,23,22,2,8,3,2,1,0,2.4,3,3.2,2.2,3,3.4,2.3,2.9,3.2,2.35,2.9,3.2,2.44,2.96,3.6,2.25,3,3.2,2.4,2.9,3.4,37,2.48,2.34,3,2.91,3.6,3.25,31,2.64,2.44,1.55,1.51,15,-0.25,2.06,2.01,1.88,1.83,2.86,2.92,3.01
F2,04/08/17,Chateauroux,Valenciennes,0,1,A,0,0,D,10,10,6,4,16,14,4,7,1,1,0,0,2.05,3,4.1,2.15,3,3.6,2.1,3,3.5,2.2,3,3.3,2.15,3.1,4.21,2.15,3,3.4,2.1,3.13,3.8,40,2.25,2.12,3.15,3.01,4.21,3.66,32,2.47,2.33,1.61,1.56,17,-0.25,1.86,1.8,2.11,2.05,2.1,3.13,4.35
F2,04/08/17,Clermont,Tours,2,0,H,0,0,D,15,11,8,5,16,10,4,6,2,0,0,0,2.05,3.1,3.9,2.05,3.2,3.6,2.1,3,3.5,2.1,3.1,3.4,2.15,3.21,4.01,2,3.2,3.6,2.15,3.13,3.7,39,2.17,2.1,3.3,3.13,4.1,3.57,33,2.27,2.13,1.75,1.68,16,-0.25,1.87,1.82,2.07,2.02,2.35,3.15,3.54
F2,04/08/17,Le Havre,Auxerre,4,1,H,0,1,A,13,6,4,3,8,14,5,1,1,6,0,2,1.8,3.2,5,1.9,3.1,4.4,2.1,3,3.5,1.95,3.1,4,1.9,3.29,5.12,1.85,3.2,4.2,1.85,3.2,5,40,2.1,1.89,3.3,3.14,5.12,4.4,32,2.52,2.37,1.6,1.55,18,-0.5,2.01,1.88,2.02,1.96,2.04,3.16,4.55
F2,04/08/17,Lens,Nimes,1,2,A,1,0,H,7,17,4,7,19,14,2,4,4,2,0,0,2,3.1,4.2,2,3.2,3.75,2,3.1,3.6,2,3.2,3.6,2.04,3.25,4.4,1.95,3.25,3.75,1.95,3.3,4.1,40,2.05,2,3.32,3.15,4.4,3.84,39,2.11,2.03,1.84,1.76,18,-0.5,2.05,2,1.9,1.85,2.14,3.35,3.85
F2,04/08/17,Nancy,Niort,0,0,D,0,0,D,4,7,1,2,13,14,6,3,1,2,1,0,1.8,3.3,4.75,1.78,3.25,4.75,1.8,3.2,4.5,1.8,3.2,4.5,1.85,3.28,5.5,1.8,3.1,4.75,1.8,3.2,5.2,40,1.86,1.81,3.32,3.18,5.5,4.75,32,2.56,2.39,1.57,1.54,17,-0.5,1.86,1.83,2.07,2.02,1.78,3.49,5.62
F2,04/08/17,Quevilly Rouen,Sochaux,1,1,D,0,0,D,11,14,8,5,15,18,11,6,0,1,0,0,3.25,2.9,2.4,2.8,2.95,2.6,2.7,2.8,2.7,3,3,2.4,3.32,2.98,2.57,3,3.1,2.3,3.1,3,2.5,40,3.32,3.01,3.1,2.94,2.7,2.46,32,2.39,2.26,1.65,1.59,16,0,2.24,2.16,1.78,1.72,3.57,3.01,2.42
F2,05/08/17,Reims,Orleans,2,0,H,1,0,H,10,4,5,2,15,18,4,3,3,3,0,0,1.8,3.3,4.75,1.75,3.2,5,1.8,3.2,4.5,1.8,3.2,4.6,1.79,3.31,6.04,1.8,3.1,4.75,1.8,3.25,5.2,38,1.85,1.78,3.35,3.19,6.04,4.89,31,2.5,2.34,1.6,1.55,13,-0.75,2.14,2.07,1.83,1.78,1.69,3.77,5.87
F2,11/08/17,Brest,Ajaccio GFCO,0,0,D,0,0,D,12,4,4,3,17,21,7,2,2,3,0,0,2,3.2,4,2.05,2.95,3.9,2,3.1,3.5,2,3.2,3.6,2.1,3.21,4.21,2,3.2,3.6,2.05,3.2,3.9,39,2.1,2.03,3.26,3.15,4.21,3.74,35,2.25,2.13,1.76,1.68,18,-0.5,2.1,2.05,1.85,1.81,2.1,3.17,4.19
F2,11/08/17,Niort,Auxerre,2,0,H,0,0,D,7,8,2,3,11,13,4,6,1,2,0,0,2.25,3.2,3.3,2.3,2.8,3.5,2.2,3.1,3.1,2.25,3,3.2,2.36,3.08,3.61,2.25,3.1,3.1,2.3,3.1,3.4,40,2.43,2.27,3.2,2.99,3.61,3.28,30,2.31,2.21,1.69,1.62,18,-0.25,2.02,1.97,1.93,1.87,2.5,3.14,3.26
F2,11/08/17,Orleans,Ajaccio,0,0,D,0,0,D,15,5,6,1,19,17,8,2,2,5,0,0,2.15,3,3.8,2.2,2.8,3.75,2.3,3,3,2.3,3.1,3.1,2.27,3.16,3.72,2.25,3.1,3.1,2.2,3.1,3.6,40,2.3,2.2,3.2,3.05,3.8,3.37,32,2.25,2.15,1.72,1.66,18,-0.25,1.93,1.89,2.01,1.95,2.34,3.24,3.46
F2,11/08/17,Paris FC,Le Havre,0,3,A,0,1,A,8,11,4,6,13,18,9,4,0,0,0,0,3.4,2.88,2.38,3.2,2.85,2.4,2.9,3,2.4,3.1,3,2.35,3.39,3,2.52,2.9,2.9,2.5,3.25,3,2.4,40,3.4,3.14,3.05,2.91,2.52,2.4,32,2.52,2.4,1.6,1.53,16,0.25,1.84,1.8,2.11,2.05,3.4,3.1,2.45
F2,11/08/17,Quevilly Rouen,Bourg Peronnas,1,4,A,0,1,A,12,8,8,6,15,24,6,1,4,2,0,0,2.38,2.9,3.4,2.3,2.95,3.25,2.4,3,2.9,2.3,3.2,3,2.41,3.23,3.32,2.38,3.1,2.88,2.38,3.2,3.13,38,2.43,2.32,3.23,3.07,3.4,3.12,36,2.06,1.98,1.9,1.79,17,-0.25,2.05,2.01,1.88,1.84,2.38,3.31,3.31
F2,11/08/17,Tours,Reims,0,1,A,0,0,D,4,13,4,8,20,18,2,10,1,2,0,0,3.4,2.88,2.38,3.2,2.85,2.4,2.9,3,2.4,3,3.2,2.3,3.33,3.21,2.41,2.88,3,2.45,3.25,3.2,2.3,40,3.4,3.1,3.24,3.06,2.45,2.33,38,2.15,2.03,1.86,1.75,16,0.25,1.91,1.85,2.05,1.99,3.78,3.16,2.25
F2,11/08/17,Valenciennes,Clermont,0,0,D,0,0,D,11,16,4,3,13,8,2,3,1,2,0,0,2.5,2.88,3.2,2.4,2.9,3.1,2.3,3,3,2.35,3,3,2.47,3.06,3.4,2.38,2.9,3.1,2.45,3,3.2,40,2.5,2.4,3.1,2.97,3.4,3.08,29,2.35,2.23,1.68,1.61,17,-0.25,2.12,2.08,1.83,1.78,2.5,3.13,3.28
F2,12/08/17,Sochaux,Lens,3,2,H,1,0,H,17,19,9,11,27,12,2,4,4,2,0,0,2.25,3.1,3.4,2.2,2.85,3.7,2.2,3,3.2,2.2,3,3.25,2.34,3.04,3.71,2.15,3.1,3.3,2.25,3.1,3.5,40,2.34,2.22,3.1,3.01,3.72,3.38,32,2.38,2.26,1.63,1.58,16,-0.25,1.97,1.93,1.95,1.91,2.39,3.17,3.43
F2,14/08/17,Lorient,Chateauroux,3,0,H,0,0,D,14,13,4,6,10,18,8,11,0,2,0,0,1.67,3.5,5.5,1.65,3.5,5.25,1.75,3.4,4.3,1.67,3.5,5,1.71,3.6,6.08,1.67,3.6,4.8,1.67,3.5,5.75,39,1.75,1.67,3.61,3.47,6.08,5.07,38,2.05,1.98,1.87,1.78,15,-0.75,1.97,1.88,2.01,1.95,1.54,4.06,7.73
F2,14/08/17,Nimes,Nancy,0,0,D,0,0,D,19,5,6,1,16,20,3,3,2,2,0,0,2.4,2.88,3.3,2.4,2.85,3.2,2.3,3,3,2.3,3.1,3,2.48,3.07,3.38,2.3,3.1,3,2.38,3.1,3.2,38,2.48,2.36,3.1,3,3.38,3.07,35,2.25,2.08,1.76,1.69,15,-0.25,2.09,2.02,1.87,1.81,2.16,3.36,3.77
F2,18/08/17,Ajaccio,Paris FC,2,0,H,0,0,D,5,8,3,6,18,15,0,7,1,4,0,1,2,3.1,4.2,2.05,3,3.9,2,3,3.8,2.05,3,3.75,2.07,3.12,4.5,2,3.1,3.8,2.05,3,4.3,34,2.08,2.03,3.2,3.04,4.54,3.91,28,2.58,2.47,1.55,1.5,15,-0.5,2.09,2.04,1.86,1.81,2.15,3.05,4.32
F2,18/08/17,Ajaccio GFCO,Quevilly Rouen,1,0,H,0,0,D,15,2,6,1,15,19,6,0,1,2,0,0,1.75,3.4,5,1.78,3.4,4.5,1.75,3.25,4.5,1.8,3.25,4.5,1.82,3.41,5.48,1.8,3.25,4.4,1.8,3.3,5,33,1.84,1.79,3.47,3.3,5.48,4.59,27,2.38,2.21,1.7,1.63,15,-0.5,1.84,1.81,2.11,2.05,1.93,3.37,4.77
F2,18/08/17,Auxerre,Orleans,1,3,A,1,2,A,14,10,5,8,13,17,8,5,0,2,0,0,2.1,3.1,3.8,2,3.1,3.9,2.05,2.95,3.65,2.1,3,3.6,2.17,3.04,4.25,2.15,2.9,3.6,2.15,3,3.9,33,2.17,2.11,3.1,2.99,4.25,3.7,27,2.62,2.47,1.56,1.5,15,-0.25,1.84,1.81,2.1,2.05,2.25,3.17,3.78
F2,18/08/17,Clermont,Lorient,0,2,A,0,0,D,14,10,7,6,14,17,9,5,2,3,0,0,3.6,3.2,2.1,3.3,3.1,2.2,3.25,3.15,2.1,3.2,3.2,2.2,3.59,3.2,2.3,3.2,3.2,2.15,3.4,3.2,2.25,34,3.6,3.26,3.29,3.15,2.3,2.2,34,2.12,2,1.86,1.78,14,0.25,1.96,1.92,1.96,1.92,3.44,3.36,2.29
F2,18/08/17,Le Havre,Valenciennes,1,0,H,0,0,D,14,3,3,1,17,16,10,5,1,4,0,0,1.67,3.6,5.5,1.67,3.5,5,1.65,3.45,5.25,1.67,3.6,5,1.7,3.57,6.35,1.7,3.4,4.8,1.65,3.6,5.75,34,1.71,1.66,3.62,3.47,6.35,5.29,34,2.2,2.11,1.76,1.7,14,-0.75,1.91,1.87,2.03,1.97,1.66,3.7,6.6
F2,18/08/17,Nancy,Sochaux,2,2,D,2,1,H,7,9,3,6,14,15,3,8,0,3,0,0,2.3,3,3.4,2.25,2.8,3.6,2.25,2.9,3.25,2.25,2.9,3.25,2.39,3.02,3.63,2.2,3,3.3,2.3,3,3.5,34,2.39,2.27,3.2,2.94,3.63,3.34,28,2.61,2.41,1.58,1.52,16,-0.25,2.03,1.97,1.94,1.88,2.41,3.05,3.55
F2,18/08/17,Niort,Tours,2,1,H,1,0,H,9,7,5,3,19,21,7,2,4,3,0,0,2.25,3.1,3.4,2.05,3.25,3.5,2.25,3.05,3.1,2.25,3.1,3.1,2.38,3.18,3.44,2.25,3.2,3,2.3,3.13,3.3,34,2.39,2.25,3.25,3.11,3.5,3.21,34,2.15,2.05,1.81,1.74,16,-0.25,2.03,1.98,1.91,1.87,2.3,3.18,3.62
F2,18/08/17,Reims,Bourg Peronnas,3,0,H,0,0,D,14,5,7,2,23,12,8,7,2,0,0,0,1.55,3.75,6.5,1.55,3.6,6.25,1.5,3.85,5.75,1.53,3.8,5.8,1.57,4.03,7.13,1.53,3.8,5.5,1.53,3.9,7,32,1.57,1.53,4.03,3.83,7.26,6.06,32,1.96,1.85,1.98,1.91,13,-1,2.01,1.95,1.94,1.88,1.53,4.3,7.82
F2,19/08/17,Lens,Brest,2,4,A,1,1,D,11,12,7,8,8,18,1,9,0,1,0,0,2.2,3,3.6,2.15,3.1,3.4,2.1,3,3.45,2.2,3.1,3.4,2.2,3.18,3.92,2.15,3.2,3.2,2.1,3.2,3.75,33,2.2,2.13,3.2,3.1,3.92,3.45,27,2.29,2.18,1.67,1.63,14,-0.25,1.87,1.82,2.09,2.02,2.05,3.56,3.9
F2,21/08/17,Chateauroux,Nimes,1,0,H,0,0,D,12,12,6,2,22,18,3,6,6,2,1,0,2.9,3.1,2.5,2.75,3,2.6,2.7,3.05,2.5,2.75,3.1,2.45,3.04,3.13,2.67,2.62,3.1,2.6,2.9,3.1,2.6,32,3.04,2.79,3.15,3.06,2.67,2.5,29,2.12,2.01,1.85,1.75,13,0,2.09,2.03,1.86,1.81,3.95,3.45,2.07
F2,25/08/17,Bourg Peronnas,Ajaccio GFCO,2,0,H,0,0,D,11,11,4,3,22,17,3,3,1,3,0,0,3,3,2.5,2.75,2.95,2.65,2.8,3,2.45,2.8,3.1,2.45,3.07,3.06,2.68,2.8,3,2.5,2.9,3.1,2.6,31,3.07,2.84,3.2,3.04,2.68,2.51,30,2.17,2.1,1.78,1.7,11,0,2.11,2.07,1.83,1.8,3.67,3.13,2.28
F2,25/08/17,Brest,Nancy,2,1,H,0,1,A,12,12,5,3,15,9,14,2,1,4,0,1,2.25,3.2,3.3,2.25,2.85,3.5,2.2,2.95,3.25,2.2,3,3.25,2.33,3.09,3.67,2.25,3,3.2,2.3,3.1,3.4,35,2.35,2.25,3.2,3.02,3.67,3.3,33,2.35,2.21,1.69,1.63,14,-0.25,1.99,1.95,1.95,1.91,2.42,3.1,3.44
F2,25/08/17,Nimes,Le Havre,1,0,H,1,0,H,10,7,4,1,11,14,6,2,1,3,0,0,2.25,3.4,3.25,2.3,2.95,3.25,2.2,3.1,3.1,2.2,3.2,3.1,2.39,3.35,3.25,2.2,3.2,3.1,2.3,3.25,3.2,35,2.39,2.27,3.4,3.15,3.32,3.13,34,1.99,1.91,1.98,1.86,14,-0.25,2.04,1.99,1.91,1.86,2.4,3.37,3.22
F2,25/08/17,Paris FC,Auxerre,2,1,H,1,0,H,8,7,3,4,18,15,5,3,2,2,0,0,2.5,2.9,3.1,2.4,2.9,3.1,2.45,2.85,2.95,2.5,2.87,3,2.74,2.86,3.22,2.45,2.9,3,2.6,2.88,3.1,35,2.74,2.5,2.95,2.86,3.22,3.02,28,2.66,2.52,1.52,1.48,13,0,1.82,1.78,2.16,2.1,2.8,2.84,3.16
F2,25/08/17,Quevilly Rouen,Clermont,0,2,A,0,2,A,8,12,4,8,13,16,6,8,2,2,0,0,3,2.9,2.6,3,2.95,2.45,2.8,2.95,2.5,2.8,3.1,2.45,3.11,3.1,2.62,2.88,3,2.45,3,3.1,2.5,35,3.11,2.9,3.25,3.02,2.62,2.47,34,2.25,2.13,1.78,1.69,14,0,2.13,2.09,1.82,1.79,3.45,3.16,2.39
F2,25/08/17,Sochaux,Chateauroux,1,5,A,0,3,A,6,15,1,10,14,13,9,6,2,2,1,0,1.67,3.5,5.5,1.6,3.4,6.25,1.65,3.4,5,1.61,3.5,5.5,1.71,3.68,5.86,1.65,3.5,5,1.67,3.5,6,35,1.73,1.66,3.68,3.45,6.25,5.39,34,2.23,2.14,1.74,1.68,13,-0.75,1.94,1.9,2.01,1.96,1.8,3.54,5.35
F2,25/08/17,Tours,Ajaccio,1,3,A,0,2,A,23,10,11,6,9,14,13,4,2,2,0,0,2.3,3,3.4,2.35,2.9,3.25,2.3,2.95,3.05,2.3,3.1,3.1,2.47,3.07,3.39,2.3,3.1,3,2.38,3.1,3.2,34,2.47,2.33,3.2,3.03,3.4,3.13,33,2.26,2.13,1.75,1.68,13,-0.25,2.08,2.04,1.86,1.83,2.51,3.11,3.27
F2,25/08/17,Valenciennes,Niort,4,1,H,3,0,H,14,15,7,10,17,18,2,11,0,2,0,0,2.45,2.9,3.2,2.4,2.95,3.1,2.35,2.9,3.05,2.37,3,3,2.53,2.98,3.39,2.38,3.1,2.88,2.45,3,3.2,35,2.53,2.39,3.1,2.96,3.39,3.08,29,2.38,2.24,1.68,1.61,14,-0.25,2.13,2.08,1.84,1.79,2.34,3.14,3.57
F2,26/08/17,Lorient,Reims,2,1,H,1,1,D,13,13,7,3,13,14,11,4,1,2,0,0,2,3.1,4.2,2,3.2,3.7,1.95,3.15,3.65,2,3.2,3.6,2.13,3.21,4.08,2.05,3.25,3.4,2.05,3.2,3.9,34,2.13,2.03,3.3,3.15,4.2,3.71,33,2.14,2.05,1.81,1.74,12,-0.5,2.13,2.05,1.85,1.82,2.19,3.15,3.98
F2,28/08/17,Orleans,Lens,2,0,H,2,0,H,6,8,2,2,12,13,3,4,1,1,0,0,2.55,2.88,3.1,2.55,3,2.85,2.5,3,2.75,2.5,3.1,2.75,2.71,3.1,3,2.45,3.2,2.7,2.6,3.1,2.88,34,2.71,2.53,3.2,3.02,3.1,2.81,32,2.11,2.02,1.83,1.75,12,0,1.86,1.83,2.06,2.02,2.75,3.15,2.9
F2,08/09/17,Ajaccio,Nimes,1,4,A,1,2,A,9,9,5,7,16,12,6,6,2,3,0,0,2.5,3.1,2.9,2.75,2.9,2.7,2.55,3,2.7,2.5,3.1,2.75,2.71,3.11,2.99,2.6,3.1,2.6,2.6,3.1,2.88,32,2.75,2.56,3.2,3.01,3.02,2.81,31,2.21,2.13,1.76,1.69,14,0,1.88,1.84,2.07,2.03,2.77,3.03,3
F2,08/09/17,Ajaccio GFCO,Sochaux,0,1,A,0,0,D,10,18,3,7,18,18,4,4,1,3,0,0,2.25,3,3.5,2.3,2.9,3.3,2.25,2.9,3.2,2.25,3,3.2,2.41,2.99,3.62,2.38,2.9,3.1,2.38,3,3.4,33,2.41,2.31,3.01,2.92,3.62,3.31,25,2.5,2.37,1.6,1.54,14,-0.25,2.03,1.99,1.91,1.87,2.38,2.96,3.74
F2,08/09/17,Auxerre,Tours,1,1,D,1,1,D,10,8,4,5,22,13,6,2,1,4,0,1,2,3,4.5,2.1,3,3.7,2,3,3.8,2.1,3,3.5,2.04,3.16,4.56,2.1,3,3.6,2.1,3.13,3.5,33,2.1,2.04,3.21,3.06,4.59,3.86,25,2.41,2.28,1.65,1.58,14,-0.25,1.76,1.73,2.26,2.17,2.04,3.15,4.6
F2,08/09/17,Chateauroux,Quevilly Rouen,3,2,H,2,0,H,11,12,10,9,19,16,3,10,0,1,0,0,1.91,3.25,4.33,1.85,3.3,4.2,1.9,3.2,3.8,1.95,3.25,3.75,2.05,3.23,4.39,1.91,3.3,3.8,1.95,3.3,4.1,33,2.05,1.96,3.4,3.21,4.39,3.91,32,2.13,2.02,1.84,1.76,14,-0.5,2.04,1.98,1.92,1.88,2.06,3.27,4.3
F2,08/09/17,Clermont,Bourg Peronnas,4,1,H,1,0,H,17,7,10,5,17,20,6,4,1,3,0,0,1.73,3.5,5,1.75,3.2,5,1.7,3.6,4.25,1.75,3.6,4.25,1.78,3.78,5,1.75,3.75,4,1.73,3.6,5,31,1.79,1.74,3.8,3.61,5,4.45,29,1.8,1.73,2.2,2.06,11,-0.75,2.01,1.97,1.93,1.88,1.81,3.83,4.74
F2,08/09/17,Le Havre,Orleans,1,1,D,0,1,A,8,10,2,4,14,17,6,10,1,2,0,0,1.75,3.5,4.75,1.75,3.3,4.75,1.75,3.4,4.35,1.8,3.3,4.4,1.83,3.49,5.17,1.8,3.3,4.33,1.8,3.4,5,33,1.87,1.78,3.5,3.35,5.17,4.57,31,2.13,2.05,1.82,1.74,13,-0.5,1.87,1.8,2.12,2.07,1.78,3.62,5.34
F2,08/09/17,Nancy,Valenciennes,3,0,H,0,0,D,11,10,6,5,17,16,5,6,1,3,0,0,1.73,3.5,5,1.8,3.3,4.5,1.75,3.3,4.5,1.75,3.3,4.6,1.85,3.45,5.15,1.73,3.4,4.6,1.8,3.3,5,33,1.85,1.79,3.5,3.31,5.15,4.62,30,2.25,2.16,1.73,1.67,14,-0.5,1.85,1.81,2.12,2.05,1.72,3.53,6.19
F2,08/09/17,Niort,Paris FC,0,2,A,0,2,A,6,16,2,6,17,20,2,6,2,1,1,0,2.2,3,3.6,2.3,2.9,3.3,2.2,2.9,3.3,2.25,3,3.25,2.43,2.96,3.63,2.2,3,3.3,2.3,3,3.5,33,2.43,2.27,3.1,2.94,3.63,3.36,25,2.51,2.4,1.58,1.53,14,-0.25,2.03,1.97,1.92,1.88,2.64,2.93,3.28
F2,09/09/17,Lens,Lorient,2,3,A,1,1,D,6,9,5,7,21,11,7,4,5,4,1,0,3,3,2.5,2.7,3,2.65,2.7,3.1,2.5,2.7,3.25,2.45,3.02,3.09,2.7,2.5,3.25,2.6,2.8,3.13,2.63,32,3.02,2.73,3.25,3.09,2.7,2.54,31,1.97,1.86,2.01,1.91,12,0,2.04,2,1.89,1.86,2.95,3.22,2.66
F2,11/09/17,Reims,Brest,0,1,A,0,0,D,16,2,6,1,18,19,7,1,0,3,0,0,1.85,3.3,4.5,1.91,3.25,4,1.8,3.25,4.1,1.85,3.3,4,1.92,3.26,5.05,1.91,3.3,3.8,1.87,3.3,4.5,32,1.92,1.87,3.4,3.23,5.05,4.19,31,2.1,2.01,1.84,1.77,12,-0.5,1.92,1.89,2.02,1.97,1.92,3.54,4.52
F2,15/09/17,Ajaccio GFCO,Clermont,2,1,H,1,1,D,13,9,4,4,26,12,5,5,3,2,1,2,2.3,3.1,3.25,2.3,3,3.2,2.25,2.95,3.15,2.2,3,3.3,2.41,3.09,3.51,2.25,3,3.2,2.4,3,3.3,35,2.45,2.3,3.1,2.99,3.51,3.23,27,2.44,2.32,1.63,1.56,15,-0.25,2.07,2.02,1.89,1.84,2.57,3.09,3.21
F2,15/09/17,Bourg Peronnas,Chateauroux,3,0,H,3,0,H,8,15,6,7,22,13,7,6,2,0,0,0,2.5,3.1,2.9,2.55,3.1,2.75,2.4,3.1,2.75,2.4,3.25,2.7,2.77,3.13,2.89,2.45,3.2,2.7,2.55,3.2,2.88,33,2.77,2.51,3.26,3.1,2.9,2.77,32,2.05,1.94,1.95,1.82,13,0,1.9,1.85,2.06,1.99,2.95,3.19,2.68
F2,15/09/17,Brest,Le Havre,1,0,H,0,0,D,14,11,6,0,14,13,11,2,1,0,0,0,2.5,3.1,2.9,2.5,3,2.9,2.4,3,2.85,2.5,3.1,2.8,2.64,3.13,3.05,2.45,3.1,2.8,2.6,3.1,2.88,35,2.64,2.5,3.2,3.05,3.05,2.85,33,2.2,2.12,1.76,1.69,15,0,1.88,1.81,2.1,2.04,2.71,3.14,2.96
F2,15/09/17,Lorient,Ajaccio,2,0,H,1,0,H,9,6,5,2,11,10,4,4,2,1,0,0,1.5,3.9,7,1.53,3.8,6.25,1.5,3.85,5.5,1.6,3.7,5.5,1.56,4.21,6.5,1.53,4,5.5,1.53,4,6.5,35,1.6,1.53,4.25,3.94,7,5.84,34,1.87,1.77,2.09,2,14,-1,2,1.95,1.95,1.89,1.55,4.19,6.8
F2,15/09/17,Nimes,Auxerre,3,0,H,0,0,D,13,3,10,1,14,18,6,3,2,4,0,1,1.83,3.2,4.75,1.87,3.1,4.5,1.8,3.25,4.35,1.91,3.1,4,1.87,3.31,5.33,1.8,3.25,4.4,1.83,3.25,5,35,1.91,1.82,3.31,3.24,5.33,4.53,31,2.28,2.17,1.71,1.65,15,-0.5,1.9,1.84,2.05,2.01,1.99,3.27,4.6
F2,15/09/17,Orleans,Niort,3,1,H,2,0,H,6,11,5,3,28,11,4,8,1,2,0,0,1.91,3.2,4.33,1.95,3.1,4.1,1.9,3.15,3.95,1.91,3.2,4,2,3.26,4.55,1.95,3.2,3.8,1.93,3.25,4.33,30,2,1.93,3.3,3.18,4.55,4.08,28,2.25,2.13,1.75,1.69,14,-0.5,2.02,1.96,1.93,1.89,2.03,3.26,4.42
F2,15/09/17,Paris FC,Tours,2,0,H,1,0,H,5,7,3,3,19,14,6,4,1,1,0,0,2.1,3.1,3.75,2,3.1,3.9,2.1,2.95,3.45,2.05,3,3.75,2.32,3.02,3.81,2.05,3.1,3.6,2.2,3.1,3.6,35,2.32,2.16,3.1,2.99,3.94,3.56,27,2.42,2.3,1.65,1.57,15,-0.25,1.96,1.89,2,1.96,2.36,2.99,3.74
F2,15/09/17,Quevilly Rouen,Nancy,2,0,H,0,0,D,7,7,4,6,11,14,5,5,2,1,0,0,3.8,3.2,2.05,3.6,3.2,2.05,3.4,3.1,2.1,3.6,3.2,2,3.92,3.24,2.17,3.4,3.25,2.05,3.6,3.2,2.15,34,3.92,3.47,3.25,3.14,2.2,2.12,28,2.19,2.1,1.78,1.7,13,0.25,2.06,2.01,1.89,1.84,3.88,3.2,2.2
F2,15/09/17,Valenciennes,Lens,1,0,H,0,0,D,6,5,1,1,22,25,6,5,3,3,0,0,3.1,3.1,2.38,2.9,3.1,2.45,2.9,3.05,2.35,2.8,3.1,2.4,3.17,3.21,2.51,2.7,3.2,2.45,3,3.2,2.45,34,3.17,2.94,3.25,3.07,2.53,2.41,32,2.15,2.02,1.84,1.75,13,0,2.21,2.14,1.8,1.75,3.18,3.32,2.44
F2,16/09/17,Sochaux,Reims,2,4,A,1,1,D,8,13,4,6,14,15,2,6,3,3,1,0,2.7,3,2.8,2.6,2.9,2.85,2.6,2.9,2.7,2.6,3,2.75,2.83,3.03,2.92,2.6,3,2.7,2.7,3,2.8,35,2.83,2.62,3.05,2.96,2.97,2.76,27,2.38,2.24,1.65,1.59,14,0,1.93,1.87,2.01,1.97,3.03,3.06,2.72
F2,18/09/17,Lens,Quevilly Rouen,2,0,H,0,0,D,6,7,4,3,18,13,6,5,4,3,1,0,1.73,3.5,5,1.75,3.5,4.5,1.7,3.5,4.4,1.73,3.5,4.4,1.77,3.68,5.33,1.73,3.5,4.5,1.75,3.6,4.8,37,1.8,1.73,3.69,3.48,5.33,4.66,36,1.9,1.81,2.05,1.95,14,-0.75,2.02,1.96,1.93,1.88,1.63,4.06,6.04
F2,19/09/17,Ajaccio,Valenciennes,3,0,H,1,0,H,13,5,12,2,14,12,4,4,1,3,0,0,2.05,3.1,4,2.1,3,3.75,2,3.05,3.7,2.05,3.1,3.6,2.16,3.09,4.19,2.1,3.1,3.4,2.05,3.13,4,37,2.16,2.05,3.2,3.07,4.3,3.77,34,2.32,2.18,1.7,1.65,14,-0.5,2.15,2.06,1.83,1.79,1.96,3.25,4.82
F2,19/09/17,Auxerre,Lorient,1,0,H,0,0,D,12,6,7,5,12,20,8,10,1,2,0,1,3.5,3.2,2.15,3.4,3.2,2.1,3.3,3.15,2.1,3.3,3.2,2.1,3.87,3.23,2.19,3.2,3.2,2.15,3.6,3.2,2.15,37,3.87,3.44,3.3,3.15,2.19,2.12,36,2.13,2,1.85,1.77,14,0.25,2.07,2.01,1.88,1.84,3.31,3.19,2.45
F2,19/09/17,Chateauroux,Clermont,0,2,A,0,0,D,10,13,3,6,20,15,4,4,2,1,0,0,2.5,3.1,2.9,2.45,3,2.95,2.4,3,2.9,2.4,3.1,2.87,2.62,3.04,3.17,2.38,3.1,2.88,2.55,3.1,2.9,37,2.62,2.46,3.14,3.04,3.17,2.9,35,2.14,2.05,1.8,1.73,14,-0.25,2.19,2.14,1.78,1.73,2.62,3.27,2.97
F2,19/09/17,Le Havre,Sochaux,1,0,H,1,0,H,16,17,3,5,13,21,5,11,3,2,0,0,1.73,3.3,5.5,1.8,3.3,4.6,1.7,3.3,4.7,1.75,3.3,4.75,1.74,3.57,5.94,1.75,3.3,4.6,1.75,3.3,5.5,37,1.8,1.75,3.57,3.32,6.06,4.88,32,2.3,2.19,1.7,1.63,13,-0.75,2.07,1.99,1.94,1.85,1.69,3.8,5.87
F2,19/09/17,Nancy,Bourg Peronnas,2,1,H,0,1,A,16,4,5,2,14,17,6,6,2,3,0,0,1.62,3.4,6.5,1.6,3.3,6.5,1.6,3.5,5,1.67,3.6,5,1.68,3.55,6.67,1.65,3.6,4.8,1.65,3.6,6,35,1.7,1.64,3.75,3.49,6.67,5.45,34,2.02,1.93,1.92,1.83,12,-0.75,1.91,1.86,2.04,1.97,1.86,3.45,5
F2,19/09/17,Niort,Brest,0,2,A,0,0,D,13,8,4,3,17,15,7,2,3,5,0,0,2.9,3.1,2.5,2.8,3.1,2.5,2.7,3,2.5,2.7,3.1,2.5,3,3.07,2.73,2.7,3.2,2.45,2.88,3.1,2.63,37,3,2.76,3.2,3.04,2.73,2.56,35,2.13,2.05,1.83,1.74,14,0,2.05,1.99,1.9,1.85,3.01,3.17,2.66
F2,19/09/17,Paris FC,Orleans,1,0,H,0,0,D,17,1,5,0,16,24,8,2,2,3,0,0,2.3,3,3.4,2.4,3,3,2.3,2.9,3.15,2.3,3,3.1,2.43,3.03,3.54,2.45,3,2.88,2.4,3,3.25,37,2.55,2.36,3.03,2.95,3.54,3.16,31,2.46,2.32,1.62,1.56,15,-0.25,2.09,2.04,1.86,1.82,2.28,3.08,3.83
F2,19/09/17,Reims,Ajaccio GFCO,5,0,H,3,0,H,15,10,8,2,11,18,4,4,1,3,0,0,1.65,3.5,6,1.67,3.5,5,1.65,3.4,4.85,1.61,3.5,5.5,1.63,3.7,7.05,1.6,3.5,5.5,1.62,3.6,6.25,37,1.73,1.63,3.7,3.47,7.05,5.68,35,2.22,2.12,1.74,1.69,14,-0.75,1.89,1.82,2.08,2.02,1.65,3.86,6.28
F2,19/09/17,Tours,Nimes,0,4,A,0,1,A,11,16,3,7,15,22,6,5,2,3,0,0,3.3,3.25,2.2,3.3,3.1,2.2,3.1,3.1,2.2,3.1,3.2,2.25,3.52,3.25,2.31,3.1,3.3,2.15,3.3,3.25,2.25,37,3.51,3.2,3.3,3.1,2.35,2.24,36,2.05,1.96,1.91,1.81,14,0.25,1.97,1.9,1.99,1.93,3.02,3.39,2.5
F2,22/09/17,Ajaccio GFCO,Chateauroux,2,1,H,1,0,H,9,10,5,4,15,17,8,1,1,2,0,0,1.85,3.3,4.5,1.95,3,4.33,1.85,3.2,4.15,1.87,3.2,4,1.92,3.32,4.92,1.85,3.3,4,1.9,3.3,4.5,38,2.05,1.89,3.32,3.2,4.92,4.22,34,2.27,2.13,1.76,1.68,17,-0.5,1.98,1.9,2,1.95,1.89,3.31,5.14
F2,22/09/17,Bourg Peronnas,Le Havre,2,1,H,1,0,H,12,9,3,4,13,18,6,4,1,2,0,0,3.75,3.25,2.05,3.3,3.2,2.15,3.3,3.15,2.05,3.3,3.25,2.1,3.85,3.26,2.18,3.5,3.3,2,3.6,3.25,2.15,36,3.87,3.45,3.3,3.2,2.2,2.1,35,2.02,1.94,1.96,1.82,14,0.25,2.07,2.01,1.88,1.83,3.8,3.25,2.2
F2,22/09/17,Brest,Paris FC,1,1,D,0,1,A,8,9,4,3,14,16,6,4,1,2,0,0,1.95,3,4.5,2,2.95,4.2,1.95,3.05,3.95,1.95,3.1,3.9,2.02,3.2,4.58,2,3.1,3.8,1.95,3.1,4.5,38,2.02,1.97,3.21,3.08,4.6,4.08,32,2.5,2.36,1.63,1.55,17,-0.5,2.02,1.97,1.92,1.88,2.04,3.25,4.4
F2,22/09/17,Nimes,Niort,1,5,A,1,2,A,17,9,10,7,16,26,8,6,3,3,0,0,1.53,4,6.25,1.53,3.9,6,1.5,3.9,5.5,1.5,4,5.8,1.52,4.51,6.96,1.5,3.75,6,1.5,4.1,7,38,1.6,1.52,4.51,3.96,7,6.07,37,1.82,1.75,2.15,2.04,17,-1,1.98,1.89,2,1.94,1.56,4.48,6.29
F2,22/09/17,Orleans,Tours,1,1,D,1,1,D,7,7,2,4,16,17,5,8,1,0,0,0,1.91,3.1,4.5,2,3,4,1.95,3.1,3.75,2,3.2,3.75,2.04,3.36,4.2,2,3.2,3.6,2,3.2,4.1,38,2.04,1.99,3.36,3.14,4.5,3.89,34,2.29,2.15,1.74,1.66,17,-0.5,2.05,2,1.91,1.85,2.22,3.31,3.68
F2,22/09/17,Quevilly Rouen,Reims,1,2,A,0,0,D,10,13,4,6,16,18,9,5,3,1,0,0,5.5,3.6,1.65,5,3.4,1.72,4.9,3.45,1.65,5.2,3.5,1.67,5.91,3.73,1.7,5,3.5,1.65,6,3.6,1.65,38,6,5.2,3.76,3.55,1.72,1.66,36,2.12,2.04,1.85,1.74,16,0.75,2.06,1.99,1.91,1.85,6.4,3.88,1.64
F2,22/09/17,Sochaux,Ajaccio,1,6,A,1,5,A,6,15,4,11,6,14,1,0,1,0,2,1,2.05,3.2,3.8,2.05,3.1,3.7,2.05,3.1,3.5,2.1,3.2,3.4,2.17,3.16,4.05,2,3.2,3.6,2.1,3.2,3.75,38,2.17,2.07,3.25,3.13,4.05,3.64,36,2.2,2.07,1.79,1.72,17,-0.5,2.18,2.09,1.83,1.77,2.23,3.18,3.83
F2,22/09/17,Valenciennes,Auxerre,0,2,A,0,0,D,7,11,1,7,13,18,6,5,1,1,0,0,3.2,2.9,2.4,2.75,2.95,2.65,2.85,2.9,2.45,2.9,3,2.45,3.14,3.09,2.61,2.8,3,2.5,3,3,2.55,38,3.2,2.93,3.09,2.96,2.8,2.5,32,2.51,2.38,1.6,1.54,17,0,2.17,2.11,1.8,1.76,3.01,3.15,2.66
F2,23/09/17,Lorient,Nancy,0,0,D,0,0,D,4,7,2,3,13,18,4,4,2,4,0,0,1.75,3.5,4.75,1.75,3.4,4.6,1.7,3.4,4.45,1.75,3.4,4.6,1.76,3.55,5.73,1.8,3.3,4.33,1.75,3.5,5,38,1.8,1.74,3.55,3.41,5.73,4.68,35,2.17,2.05,1.8,1.73,15,-0.75,2.06,2.01,1.89,1.83,1.75,3.74,5.37
F2,25/09/17,Clermont,Lens,1,0,H,1,0,H,8,15,4,9,12,19,4,9,3,2,0,0,2.38,3.2,3,2.35,3.1,3,2.35,3.15,2.8,2.37,3.2,2.8,2.54,3.29,3.05,2.45,3.2,2.7,2.45,3.2,3,37,2.54,2.39,3.4,3.18,3.1,2.87,35,2,1.92,1.95,1.84,15,-0.25,2.18,2.11,1.8,1.75,2.33,3.43,3.29
F2,29/09/17,Ajaccio,Bourg Peronnas,2,0,H,0,0,D,9,7,4,3,15,23,5,3,2,2,0,0,1.8,3.6,4.33,1.83,3.3,4.33,1.75,3.5,4.2,1.75,3.5,4.25,1.84,3.54,5.05,1.83,3.4,4,1.8,3.6,4.5,35,1.84,1.78,3.7,3.48,5.05,4.35,34,1.83,1.77,2.12,2,14,-0.5,1.83,1.78,2.12,2.06,1.83,3.73,4.76
F2,29/09/17,Auxerre,Sochaux,2,0,H,0,0,D,12,9,9,3,17,9,6,2,3,0,0,0,1.91,3.1,4.5,1.95,3.1,4.1,1.85,3.15,4.1,1.95,3.1,4,2,3.26,4.55,1.85,3.2,4.2,1.95,3.2,4.4,37,2,1.92,3.3,3.15,4.55,4.15,31,2.38,2.29,1.63,1.58,16,-0.5,2,1.95,1.94,1.89,2.02,3.31,4.37
F2,29/09/17,Lens,Ajaccio GFCO,2,0,H,1,0,H,18,8,8,1,15,12,4,0,0,2,0,0,1.85,3.2,4.75,1.9,3,4.5,1.8,3.3,4.05,1.87,3.3,4.6,1.93,3.43,4.68,1.91,3.3,3.8,1.9,3.3,4.4,36,1.93,1.88,3.43,3.27,4.75,4.18,34,2.1,2,1.85,1.77,16,-0.5,1.98,1.9,1.99,1.93,1.96,3.45,4.44
F2,29/09/17,Nancy,Chateauroux,4,1,H,3,0,H,16,4,10,2,19,13,5,3,1,3,0,2,1.75,3.3,5.25,1.75,3.25,5,1.7,3.35,4.75,1.73,3.4,4.8,1.78,3.42,5.82,1.7,3.3,5,1.75,3.4,5.25,37,1.8,1.74,3.55,3.32,5.82,4.91,35,2.18,2.06,1.8,1.73,15,-0.75,2.06,2.01,1.89,1.83,1.88,3.36,5.08
F2,29/09/17,Niort,Quevilly Rouen,2,1,H,1,0,H,10,6,5,3,18,14,8,4,3,3,0,0,1.83,3.25,4.5,1.87,3.4,4,1.8,3.4,3.9,1.85,3.4,3.9,1.95,3.43,4.47,1.83,3.4,4,1.9,3.4,4.33,37,1.95,1.87,3.6,3.33,4.5,4.08,36,1.99,1.89,1.98,1.88,16,-0.5,1.95,1.89,2,1.95,1.89,3.72,4.37
F2,29/09/17,Orleans,Valenciennes,3,4,A,3,1,H,9,11,9,8,20,22,9,7,4,2,0,0,1.75,3.3,5.25,1.72,3.25,5.25,1.7,3.25,4.8,1.8,3.2,4.75,1.85,3.35,5.43,1.7,3.3,5,1.8,3.3,5.25,37,1.85,1.76,3.45,3.26,5.43,4.88,31,2.46,2.34,1.58,1.55,16,-0.5,1.85,1.79,2.11,2.06,1.9,3.59,4.51
F2,29/09/17,Paris FC,Nimes,2,1,H,2,1,H,4,11,4,5,25,26,1,5,4,2,0,0,3.2,3,2.38,3.1,3,2.35,3.05,2.95,2.3,3,3,2.37,3.31,3.07,2.52,2.8,3.1,2.45,3.1,3.1,2.45,37,3.31,3.04,3.1,2.99,2.52,2.39,34,2.26,2.13,1.74,1.67,15,0,2.24,2.17,1.75,1.71,2.91,3.1,2.78
F2,29/09/17,Tours,Brest,1,2,A,0,0,D,8,7,6,6,10,15,6,6,1,2,0,0,2.6,3.1,2.8,2.65,3,2.7,2.5,3.05,2.65,2.5,3.2,2.7,2.78,3.08,2.93,2.6,3.1,2.62,2.63,3.2,2.8,37,2.78,2.58,3.25,3.07,2.93,2.72,36,2.08,2,1.86,1.77,16,0,1.91,1.86,2.04,1.98,3.2,3.24,2.47
F2,30/09/17,Reims,Clermont,1,0,H,0,0,D,8,16,3,5,18,14,6,5,1,2,0,0,1.67,3.75,5,1.7,3.4,5,1.65,3.5,4.8,1.67,3.5,4.6,1.78,3.62,5.39,1.65,3.5,5,1.7,3.6,5.4,35,1.78,1.69,3.75,3.53,5.4,4.89,34,2.03,1.94,1.91,1.82,15,-0.75,2,1.92,1.97,1.92,1.76,3.63,5.53
F2,02/10/17,Le Havre,Lorient,3,2,H,2,1,H,11,15,7,6,17,10,7,11,3,0,0,0,2.55,2.88,3.1,2.55,2.95,2.9,2.45,3,2.8,2.45,3.2,2.8,2.63,3.12,3.09,2.45,3.2,2.7,2.55,3.13,2.9,33,2.63,2.48,3.2,3.04,3.1,2.84,32,2.2,2.08,1.76,1.7,13,0,1.83,1.79,2.12,2.05,2.69,3.21,2.93
F2,13/10/17,Ajaccio GFCO,Nancy,2,1,H,1,0,H,5,10,2,5,18,19,1,1,3,3,0,0,2.5,3,3,2.6,2.85,2.9,2.5,2.85,2.9,2.55,2.9,2.87,2.63,3.04,3.16,2.45,3,2.88,2.63,2.9,3,35,2.67,2.53,3.06,2.94,3.16,2.93,29,2.63,2.47,1.55,1.51,18,0,1.84,1.79,2.14,2.06,2.81,3.04,2.95
F2,13/10/17,Bourg Peronnas,Lens,0,6,A,0,3,A,11,15,7,8,15,18,6,4,1,0,0,0,3.4,3.3,2.15,3.4,3,2.2,3.1,3.25,2.15,3.2,3.3,2.1,3.54,3.44,2.21,3,3.3,2.2,3.4,3.3,2.2,35,3.54,3.25,3.45,3.26,2.26,2.17,34,1.92,1.85,2,1.92,17,0.25,2.02,1.97,1.92,1.87,3.91,3.58,2.05
F2,13/10/17,Brest,Auxerre,1,1,D,1,1,D,12,5,3,2,11,12,11,0,0,1,0,0,2.05,3.1,4.2,2,3,4,2,3.05,3.6,2.1,3.1,3.5,2.17,3.2,3.97,2,3.1,3.75,2.1,3.13,3.8,35,2.17,2.07,3.21,3.1,4.2,3.71,29,2.38,2.25,1.69,1.6,18,-0.25,1.86,1.81,2.12,2.05,2.25,3.21,3.72
F2,13/10/17,Chateauroux,Reims,3,1,H,1,1,D,9,19,8,8,19,18,0,5,5,2,1,0,4.33,3.2,1.91,3.8,3,2.05,3.85,3.2,1.9,3.9,3.2,1.91,4.55,3.41,1.95,4.33,3.3,1.8,4.33,3.3,1.91,35,4.55,4.12,3.41,3.25,2.05,1.9,33,2.23,2.13,1.76,1.68,17,0.5,1.97,1.92,1.98,1.92,4.36,3.51,1.96
F2,13/10/17,Nimes,Orleans,4,1,H,2,1,H,17,9,10,5,10,20,6,4,1,5,0,0,1.7,3.5,5.25,1.7,3.3,5.25,1.7,3.6,4.35,1.73,3.5,4.5,1.76,3.72,5.35,1.65,3.75,4.6,1.73,3.6,5,35,1.78,1.72,3.75,3.54,5.35,4.77,34,1.94,1.84,2,1.93,17,-0.75,2,1.95,1.94,1.89,1.83,3.69,4.83
F2,13/10/17,Quevilly Rouen,Ajaccio,0,1,A,0,0,D,9,6,2,5,8,19,5,2,2,2,0,0,3.3,3.2,2.25,3.3,3.1,2.2,3.15,3.1,2.15,3.2,3.1,2.2,3.6,3.29,2.25,3.3,3.2,2.1,3.5,3.2,2.2,35,3.6,3.25,3.3,3.17,2.34,2.2,33,2.16,2.07,1.78,1.72,17,0.25,2,1.94,1.94,1.9,3.49,3.3,2.3
F2,13/10/17,Sochaux,Paris FC,1,0,H,1,0,H,10,5,4,1,26,17,3,4,3,2,0,0,2.3,3.1,3.2,2.35,2.9,3.2,2.25,2.9,3.15,2.3,2.9,3.2,2.45,3.07,3.44,2.3,3,3.1,2.4,2.9,3.4,35,2.45,2.32,3.14,2.97,3.44,3.23,29,2.67,2.51,1.6,1.49,18,-0.25,2.07,2.02,1.89,1.83,2.32,3.12,3.64
F2,13/10/17,Valenciennes,Tours,2,0,H,0,0,D,9,5,4,3,20,18,5,2,2,3,0,0,2.38,3,3.2,2.4,3,3,2.3,3.15,2.9,2.3,3.2,2.9,2.38,3.36,3.24,2.2,3.1,3.2,2.38,3.2,3.1,34,2.42,2.3,3.37,3.19,3.24,3.07,33,2.05,1.92,1.96,1.86,18,-0.25,2.05,2.01,1.88,1.84,2.76,3.28,2.8
F2,14/10/17,Clermont,Le Havre,3,0,H,1,0,H,10,13,5,8,17,11,4,5,3,1,0,0,2.45,3.1,3,2.4,3,3,2.4,3.1,2.8,2.45,3,2.87,2.52,3.23,3.13,2.45,3.1,2.8,2.55,3.13,2.9,32,2.55,2.44,3.23,3.09,3.13,2.88,30,2.2,2.09,1.78,1.7,13,0,1.82,1.78,2.13,2.07,2.25,3.35,3.55
F2,16/10/17,Lorient,Niort,0,0,D,0,0,D,17,9,5,6,11,15,5,2,1,3,0,0,1.44,4.2,7.5,1.5,3.7,7,1.45,4.05,6,1.5,4,6,1.5,4.56,7.18,1.5,4.2,5.5,1.5,4.2,7,32,1.5,1.47,4.56,4.13,7.5,6.34,29,1.82,1.75,2.11,2.02,15,-1,1.87,1.82,2.06,2.01,1.52,4.51,6.96
F2,20/10/17,Auxerre,Quevilly Rouen,2,1,H,0,1,A,13,8,7,3,16,13,6,3,4,3,0,0,1.72,3.5,5,1.65,3.6,5,1.7,3.45,4.65,1.61,3.5,5.25,1.74,3.7,5.56,1.65,3.5,5,1.7,3.5,5.4,35,1.77,1.7,3.75,3.5,5.57,4.91,33,2.14,2.03,1.82,1.75,17,-0.75,1.98,1.94,1.96,1.9,1.83,3.59,4.99
F2,20/10/17,Le Havre,Chateauroux,1,1,D,1,0,H,12,7,7,5,17,18,9,4,2,1,0,1,1.66,3.6,5.25,1.65,3.6,5,1.65,3.55,4.55,1.67,3.5,5,1.75,3.85,5.16,1.7,3.4,4.8,1.73,3.6,5,35,1.77,1.71,3.85,3.58,5.25,4.73,34,1.95,1.83,2.06,1.94,17,-0.75,1.99,1.93,1.96,1.91,1.81,3.78,4.79
F2,20/10/17,Nancy,Clermont,2,2,D,1,1,D,16,13,6,6,13,13,7,6,3,2,0,0,2.2,3,3.6,2.2,2.95,3.5,2.1,3,3.5,2.15,3,3.4,2.2,3.12,4,2.15,3,3.4,2.15,3.1,3.8,35,2.21,2.14,3.2,3.03,4.01,3.59,29,2.48,2.36,1.6,1.55,16,-0.5,2.2,2.14,1.77,1.72,2.15,3.1,4.21
F2,20/10/17,Nimes,Brest,4,0,H,1,0,H,18,3,7,2,15,12,10,3,1,3,0,2,1.9,3.39,4,1.95,3.25,3.9,1.9,3.35,3.55,1.95,3.3,3.6,2.04,3.56,3.92,2,3.3,3.5,2,3.4,3.9,34,2.04,1.97,3.56,3.36,4,3.69,33,1.89,1.82,2.03,1.95,18,-0.5,2.04,1.99,1.89,1.85,1.99,3.61,4.06
F2,20/10/17,Niort,Bourg Peronnas,2,0,H,0,0,D,13,11,7,3,18,18,4,4,2,1,0,0,1.75,3.75,4.33,1.8,3.5,4.2,1.8,3.6,3.85,1.75,3.6,4.2,1.84,3.75,4.64,1.8,3.5,4,1.8,3.7,4.5,35,1.86,1.79,3.77,3.61,4.64,4.13,33,1.79,1.71,2.17,2.08,17,-0.5,1.84,1.8,2.11,2.05,1.76,3.87,5.07
F2,20/10/17,Orleans,Lorient,1,2,A,1,0,H,6,17,4,7,21,10,4,8,4,2,0,0,3.39,3.2,2.2,3.4,2.95,2.25,3.15,3.15,2.15,3.1,3.2,2.2,3.53,3.36,2.25,2.88,3.25,2.3,3.4,3.25,2.2,35,3.53,3.26,3.43,3.19,2.3,2.19,34,2.04,1.95,1.93,1.82,17,0.25,2,1.95,1.93,1.89,4.11,3.38,2.06
F2,20/10/17,Paris FC,Valenciennes,3,2,H,1,1,D,10,7,5,3,14,18,6,2,1,2,0,0,1.9,3.25,4.33,1.85,3.1,4.6,1.85,3.2,4.1,1.91,3.1,4.2,1.96,3.34,4.65,1.85,3.2,4.2,1.93,3.2,4.5,34,1.99,1.9,3.34,3.18,4.7,4.25,28,2.43,2.28,1.66,1.59,17,-0.5,1.97,1.93,1.96,1.91,1.96,3.3,4.59
F2,20/10/17,Tours,Sochaux,0,1,A,0,0,D,6,13,1,5,15,17,4,10,4,2,1,0,2.39,3.2,3,2.35,3.2,2.95,2.3,3.1,2.9,2.3,3.1,3.1,2.57,3.21,3.08,2.15,3.1,3.3,2.5,3.13,3,35,2.57,2.39,3.3,3.14,3.3,2.97,33,2.15,2.04,1.84,1.75,18,-0.25,2.18,2.1,1.82,1.76,2.74,3.2,2.87
F2,21/10/17,Lens,Reims,0,1,A,0,1,A,10,6,7,2,17,17,9,1,1,1,0,0,2.62,3.25,2.62,2.45,3.2,2.8,2.5,3.2,2.55,2.5,3.2,2.65,2.69,3.37,2.8,2.45,3.2,2.7,2.63,3.2,2.8,34,2.75,2.55,3.37,3.19,2.85,2.68,33,2,1.93,1.93,1.85,17,0,1.92,1.87,2.03,1.98,2.6,3.33,2.94
F2,23/10/17,Ajaccio,Ajaccio GFCO,2,0,H,1,0,H,7,9,2,4,24,20,5,1,3,1,0,0,2.14,3.2,3.5,2.1,3.2,3.4,2.15,3.05,3.3,2.15,3,3.3,2.18,3.4,3.72,2.15,3.1,3.3,2.25,3.1,3.5,33,2.25,2.17,3.4,3.12,3.72,3.35,30,2.3,2.21,1.71,1.63,15,-0.5,2.28,2.2,1.73,1.68,2.42,3.21,3.33
F2,27/10/17,Ajaccio GFCO,Paris FC,0,0,D,0,0,D,6,10,4,6,22,20,4,5,2,3,0,0,2.45,2.89,3.29,2.25,2.95,3.4,2.4,2.7,3.2,2.4,2.8,3.2,2.58,2.97,3.32,2.38,2.8,3.2,2.5,2.8,3.4,33,2.58,2.43,2.97,2.82,3.48,3.26,28,3.2,2.86,1.44,1.38,18,-0.25,2.14,2.09,1.84,1.78,2.45,2.99,3.53
F2,27/10/17,Bourg Peronnas,Auxerre,1,1,D,0,0,D,5,9,5,4,17,20,5,8,3,1,0,0,3.25,3,2.37,3.1,3.1,2.3,2.95,3.1,2.3,3,3.2,2.25,3.3,3.35,2.36,3,3.1,2.3,3.13,3.2,2.38,33,3.31,3.09,3.35,3.16,2.41,2.31,32,2.1,2.02,1.86,1.76,17,0.25,1.9,1.84,2.05,2.01,3.09,3.36,2.48
F2,27/10/17,Brest,Orleans,0,1,A,0,1,A,14,2,7,1,16,19,8,2,3,5,0,0,1.8,3.5,4.5,1.83,3.5,4.1,1.8,3.4,4.1,1.8,3.4,4.2,1.85,3.61,4.81,1.83,3.4,4,1.8,3.5,4.75,33,1.87,1.82,3.61,3.45,4.81,4.29,33,2,1.93,1.95,1.84,18,-0.5,1.87,1.83,2.08,2.03,1.81,3.57,5.18
F2,27/10/17,Quevilly Rouen,Le Havre,0,2,A,0,1,A,13,6,5,5,13,24,11,2,3,2,0,0,3.39,3.29,2.14,3.4,3.25,2.1,3.3,3.2,2.1,3.25,3.2,2.1,3.63,3.42,2.19,3.3,3.1,2.15,3.5,3.25,2.15,33,3.65,3.37,3.42,3.25,2.21,2.13,32,2.05,1.97,1.89,1.8,17,0.25,2.04,1.98,1.9,1.86,3.34,3.43,2.3
F2,27/10/17,Sochaux,Niort,2,1,H,2,1,H,13,11,5,4,13,11,5,10,2,1,0,0,2.1,3.2,3.6,2.05,3.25,3.5,2,3.3,3.45,2,3.3,3.5,2.1,3.48,3.83,2.1,3.1,3.4,2.05,3.3,3.8,33,2.12,2.05,3.48,3.28,3.83,3.54,33,2,1.94,1.96,1.84,18,-0.25,1.83,1.78,2.14,2.07,1.98,3.54,4.19
F2,28/10/17,Clermont,Ajaccio,1,1,D,1,0,H,11,7,5,6,15,14,2,5,0,1,1,0,2.1,3.1,3.79,2.1,3.2,3.4,2,3.2,3.45,2.05,3.2,3.5,2.12,3.39,3.86,2.05,3.25,3.4,2.1,3.25,3.7,32,2.13,2.07,3.39,3.23,3.86,3.51,31,2.16,2.05,1.79,1.73,16,-0.25,1.83,1.8,2.11,2.04,2.2,3.38,3.63
F2,28/10/17,Lorient,Tours,2,0,H,0,0,D,20,7,10,4,12,14,7,3,0,3,0,1,1.44,4.2,7.5,1.45,4.2,6.5,1.45,4.15,6,1.44,4.2,6.5,1.46,4.79,7.64,1.44,4.2,6.5,1.44,4.33,7.5,32,1.48,1.44,4.79,4.23,7.64,6.75,31,1.78,1.72,2.15,2.06,16,-1.25,2.15,2.07,1.82,1.78,1.5,4.42,7.47
F2,28/10/17,Reims,Nancy,3,0,H,2,0,H,13,3,7,0,20,16,9,3,2,3,0,0,1.8,3.2,5,1.78,3.4,4.5,1.75,3.3,4.55,1.83,3.2,4.33,1.85,3.43,5.14,1.83,3.25,4.2,1.83,3.3,4.8,32,1.87,1.82,3.45,3.29,5.14,4.47,30,2.37,2.23,1.7,1.62,15,-0.75,2.16,2.1,1.82,1.76,2.08,3.22,4.27
F2,28/10/17,Valenciennes,Nimes,1,2,A,1,1,D,11,14,5,7,22,19,5,9,2,4,0,0,3.39,3.39,2.1,3.4,3.2,2.1,3.2,3.35,2.05,3.3,3.3,2.05,3.61,3.6,2.13,3,3.4,2.15,3.5,3.4,2.1,32,3.61,3.31,3.6,3.36,2.2,2.09,32,1.9,1.79,2.1,1.98,16,0.25,2.11,2.02,1.9,1.82,4.61,3.67,1.86
F2,30/10/17,Chateauroux,Lens,0,0,D,0,0,D,8,10,2,5,11,13,4,7,0,2,0,0,3.29,3.2,2.25,3.1,3.25,2.2,2.95,3.15,2.25,3,3.2,2.3,3.13,3.44,2.41,3,3.2,2.25,3.2,3.2,2.3,32,3.29,3.04,3.44,3.2,2.41,2.29,32,2.09,2.01,1.85,1.76,15,0.25,1.89,1.84,2.06,2,3.66,3.57,2.12
F2,03/11/17,Ajaccio,Chateauroux,1,2,A,0,1,A,11,13,6,6,15,13,5,2,4,1,1,0,1.6,3.79,5.5,1.67,3.4,5.25,1.6,3.7,5.25,1.61,3.6,5.25,1.68,3.87,5.91,1.65,3.5,5,1.62,3.7,6,35,1.69,1.64,3.87,3.65,6,5.21,33,2.09,1.99,1.88,1.79,17,-0.75,1.89,1.84,2.06,2,1.76,3.68,5.42
F2,03/11/17,Auxerre,Ajaccio GFCO,0,1,A,0,1,A,9,9,2,4,20,14,3,3,2,3,0,0,2.14,3,3.75,2.05,2.95,4,2.2,2.95,3.55,2.2,2.9,3.4,2.23,3.05,4.02,2.15,3,3.4,2.2,2.9,3.9,35,2.28,2.18,3.1,2.96,4.02,3.59,29,2.71,2.54,1.53,1.48,18,-0.25,1.91,1.86,2.05,1.99,2.34,2.99,3.79
F2,03/11/17,Nimes,Quevilly Rouen,4,1,H,2,0,H,19,11,10,6,16,17,6,2,1,1,0,0,1.39,4.5,8,1.4,4.5,6.75,1.45,4,7,1.4,4.5,7.5,1.4,5.05,8.69,1.44,4.33,6,1.4,4.8,8,35,1.45,1.39,5.05,4.59,8.69,7.31,29,1.65,1.57,2.44,2.32,17,-1.25,1.92,1.86,2.03,1.97,1.41,5.25,8.11
F2,03/11/17,Niort,Clermont,1,1,D,0,0,D,10,12,9,4,23,17,5,5,3,2,0,0,2.62,3.2,2.7,2.6,3.2,2.6,2.5,3.25,2.7,2.5,3.2,2.7,2.63,3.34,2.89,2.5,3.25,2.6,2.6,3.2,2.8,35,2.64,2.53,3.34,3.19,2.89,2.72,34,2,1.94,1.93,1.84,18,0,1.88,1.85,2.05,2,2.46,3.36,3.12
F2,03/11/17,Orleans,Sochaux,3,3,D,2,2,D,9,15,4,9,23,14,3,5,3,4,0,0,2.62,3,2.87,2.45,3.2,2.8,2.6,3.05,2.75,2.55,3,2.75,2.71,3.18,2.92,2.6,3,2.7,2.63,3.1,2.88,35,2.71,2.59,3.2,3.06,2.98,2.77,32,2.28,2.16,1.75,1.66,18,0,1.9,1.85,2.04,1.99,2.7,3.22,2.9
F2,03/11/17,Paris FC,Lorient,1,1,D,1,0,H,9,8,3,5,17,12,3,5,1,1,0,0,3.6,3.1,2.14,3.4,3.1,2.15,3.4,3.1,2.15,3.25,3,2.2,3.67,3.2,2.28,3.3,3.1,2.15,3.5,3.1,2.25,35,3.67,3.38,3.2,3.09,2.28,2.19,29,2.5,2.24,1.68,1.61,17,0.25,1.98,1.92,1.97,1.91,3.65,3.21,2.28
F2,03/11/17,Tours,Bourg Peronnas,3,2,H,2,2,D,14,8,9,3,12,20,6,3,0,2,0,0,2,3.39,3.75,2,3.4,3.5,1.95,3.45,3.55,2,3.4,3.5,2.08,3.42,3.96,2,3.2,3.6,2,3.4,3.8,35,2.1,2,3.5,3.33,4,3.64,34,1.91,1.84,2.05,1.93,18,-0.5,2.08,2,1.89,1.84,2.04,3.46,4.08
F2,03/11/17,Valenciennes,Brest,0,0,D,0,0,D,9,14,4,3,14,15,5,4,2,3,1,0,3,3.2,2.39,2.95,3.25,2.3,2.85,3.2,2.4,2.87,3.2,2.37,3.13,3.28,2.49,2.8,3.2,2.38,3,3.2,2.45,35,3.2,2.95,3.28,3.17,2.52,2.38,34,2.08,2,1.87,1.78,17,0.25,1.82,1.77,2.16,2.1,3.37,3.29,2.36
F2,04/11/17,Nancy,Lens,1,1,D,1,0,H,9,8,6,3,21,14,2,3,3,2,0,0,2.37,3.1,3.2,2.25,3.1,3.2,2.3,3.1,3.1,2.35,3,3,2.46,3.21,3.26,2.25,3,3.2,2.38,3,3.3,34,2.46,2.34,3.25,3.06,3.3,3.1,30,2.31,2.22,1.66,1.62,16,-0.25,2.09,2.03,1.86,1.81,2.82,3.24,2.77
F2,06/11/17,Le Havre,Reims,0,0,D,0,0,D,8,17,4,10,13,13,5,9,1,2,0,1,2.6,3.1,2.79,2.65,2.95,2.75,2.6,3.15,2.65,2.6,3.1,2.65,2.8,3.18,2.83,2.6,3.1,2.62,2.7,3.13,2.75,34,2.8,2.61,3.25,3.09,2.83,2.69,31,2.14,2.04,1.79,1.73,16,0,1.95,1.89,1.99,1.94,2.65,3.32,2.89
F2,17/11/17,Ajaccio GFCO,Le Havre,1,1,D,1,0,H,7,9,3,5,12,15,8,4,2,1,0,0,2.79,3,2.7,2.65,2.95,2.75,2.75,3,2.6,2.75,2.9,2.6,3.03,3.08,2.7,2.6,3,2.7,2.88,3,2.7,34,3.03,2.78,3.1,2.97,2.9,2.65,29,2.45,2.33,1.62,1.56,18,0,2.07,2,1.9,1.85,3.06,3.1,2.66
F2,17/11/17,Bourg Peronnas,Valenciennes,1,3,A,1,1,D,4,11,3,8,25,20,1,4,2,1,0,0,2.35,3.25,3,2.4,3,3,2.3,3.3,2.9,2.25,3.3,2.87,2.38,3.47,3.17,2.3,3.1,2.88,2.38,3.3,3,34,2.41,2.32,3.47,3.23,3.17,2.97,34,1.85,1.77,2.13,2.01,18,-0.25,2.08,2.03,1.88,1.82,2.29,3.41,3.38
F2,17/11/17,Chateauroux,Tours,1,0,H,0,0,D,8,9,2,2,18,15,6,2,2,2,0,0,2.2,3.25,3.29,2.2,3,3.4,2.2,3.3,3.1,2.2,3.2,3.1,2.29,3.31,3.49,2.2,3.2,3.1,2.25,3.2,3.4,34,2.29,2.22,3.32,3.19,3.49,3.23,34,2.1,1.99,1.86,1.79,18,-0.25,1.99,1.93,1.96,1.91,2.4,3.25,3.33
F2,17/11/17,Clermont,Auxerre,1,0,H,0,0,D,10,10,6,5,8,20,5,8,0,0,0,0,1.9,3.2,4.33,1.95,3.2,4,1.9,3.25,4,1.95,3.1,3.9,2,3.37,4.38,2,3.2,3.6,1.95,3.2,4.4,34,2.02,1.96,3.37,3.17,4.4,4,29,2.28,2.2,1.7,1.63,18,-0.5,2.01,1.96,1.94,1.89,2.04,3.36,4.23
F2,17/11/17,Nancy,Ajaccio,2,2,D,2,0,H,5,5,5,2,14,20,3,4,2,3,0,0,2.14,3.1,3.7,2.1,3,3.7,2.15,3,3.5,2.2,3,3.4,2.3,3.11,3.73,2.15,3.1,3.3,2.25,3,3.6,34,2.31,2.2,3.11,3.02,3.73,3.46,29,2.56,2.42,1.58,1.53,18,-0.25,1.95,1.91,1.98,1.93,2.3,3.11,3.73
F2,17/11/17,Quevilly Rouen,Orleans,1,0,H,1,0,H,15,6,8,1,15,18,7,6,2,2,0,0,2.39,3.39,2.79,2.5,3,2.9,2.45,3.25,2.75,2.4,3.25,2.7,2.53,3.52,2.89,2.38,3.2,2.8,2.5,3.3,2.88,33,2.57,2.45,3.52,3.24,2.9,2.79,33,1.95,1.84,2.05,1.93,17,0,1.86,1.81,2.09,2.04,2.28,3.55,3.28
F2,17/11/17,Reims,Paris FC,1,1,D,0,0,D,8,9,1,4,20,17,6,2,2,3,0,0,1.72,3.39,5.25,1.75,3.25,5,1.75,3.4,4.75,1.73,3.3,5,1.75,3.57,5.75,1.7,3.4,4.8,1.73,3.4,5.5,34,1.78,1.72,3.57,3.37,5.75,5.07,30,2.33,2.23,1.68,1.62,17,-0.75,2.04,1.97,1.92,1.87,1.74,3.55,5.97
F2,17/11/17,Sochaux,Nimes,2,1,H,1,1,D,6,7,4,6,16,21,6,3,3,1,0,0,2.62,3.29,2.6,2.7,3.25,2.5,2.65,3.25,2.55,2.6,3.2,2.55,2.76,3.48,2.66,2.62,3.25,2.5,2.75,3.2,2.63,34,2.78,2.67,3.48,3.23,2.7,2.57,34,1.97,1.87,2,1.9,18,0,2.03,1.96,1.93,1.88,2.54,3.47,2.92
F2,18/11/17,Lorient,Brest,4,2,H,1,1,D,17,13,8,6,11,15,6,3,0,2,0,0,1.75,3.5,4.75,1.75,3.4,4.6,1.75,3.6,4.5,1.75,3.5,4.4,1.79,3.57,5.33,1.8,3.5,4,1.8,3.5,4.75,34,1.81,1.76,3.6,3.45,5.33,4.57,34,1.97,1.89,1.96,1.87,17,-0.75,2.08,2.04,1.88,1.81,1.85,3.8,4.55
F2,20/11/17,Lens,Niort,3,1,H,1,0,H,14,9,11,3,27,19,4,3,2,2,0,0,1.7,3.5,5.25,1.67,3.4,5.25,1.7,3.7,4.4,1.7,3.6,4.5,1.75,3.67,5.56,1.75,3.5,4.33,1.73,3.6,5,33,1.75,1.71,3.7,3.55,5.56,4.74,33,1.87,1.79,2.06,1.97,16,-0.75,2,1.95,1.95,1.89,1.64,4.1,5.85
F2,24/11/17,Ajaccio,Reims,0,1,A,0,0,D,6,6,2,3,17,22,4,2,4,1,0,0,2.7,3.2,2.6,2.75,3,2.6,2.7,3.05,2.65,2.7,3,2.6,2.87,3.22,2.73,2.6,3,2.7,2.88,3,2.7,33,2.88,2.71,3.22,3.05,2.73,2.64,28,2.33,2.23,1.68,1.61,17,0,2.03,1.97,1.91,1.88,3.3,3.3,2.39
F2,24/11/17,Auxerre,Nancy,1,1,D,1,0,H,14,8,6,5,16,13,4,4,0,0,0,0,2.5,2.89,3.1,2.4,3,3,2.45,2.9,3.1,2.4,2.87,3.1,2.58,2.97,3.32,2.45,2.9,3,2.5,2.88,3.25,33,2.58,2.45,3.05,2.91,3.32,3.09,28,2.77,2.58,1.5,1.47,17,-0.25,2.14,2.1,1.81,1.77,2.54,2.98,3.38
F2,24/11/17,Brest,Sochaux,1,0,H,1,0,H,13,17,8,10,11,17,3,13,2,2,1,0,1.95,3.5,3.75,2.05,3.25,3.5,2,3.45,3.55,2,3.4,3.4,2.07,3.61,3.78,2,3.4,3.4,2,3.4,3.75,33,2.15,2.01,3.61,3.4,3.78,3.51,33,1.89,1.81,2.07,1.96,17,-0.25,1.82,1.77,2.15,2.09,2.13,3.52,3.69
F2,24/11/17,Nimes,Bourg Peronnas,4,0,H,1,0,H,15,7,9,2,12,15,3,4,2,4,0,0,1.33,5,8.5,1.36,4.5,8,1.35,4.85,6.75,1.36,4.75,7.5,1.37,5.34,9.07,1.4,4.5,6.5,1.36,5,8.5,33,1.41,1.36,5.34,4.81,9.07,7.69,29,1.58,1.51,2.61,2.47,17,-1.25,1.87,1.81,2.11,2.04,1.35,5.68,9.43
F2,24/11/17,Niort,Chateauroux,2,1,H,2,0,H,13,9,6,4,21,16,9,3,3,1,0,0,1.95,3.29,4,2.1,3.25,3.4,1.95,3.4,3.6,2,3.3,3.5,2.04,3.47,4.05,2.05,3.25,3.4,2,3.3,3.9,33,2.1,2,3.47,3.31,4.05,3.63,33,2,1.92,1.95,1.84,17,-0.25,1.8,1.75,2.19,2.12,2.02,3.52,4.08
F2,24/11/17,Orleans,Clermont,1,2,A,0,1,A,11,11,8,4,12,9,4,4,1,3,0,0,2.89,3.1,2.5,2.8,3,2.55,2.75,3.2,2.5,2.75,3.1,2.45,2.91,3.32,2.63,2.5,3.25,2.62,2.88,3.13,2.6,33,2.91,2.75,3.32,3.15,2.65,2.53,33,2.08,2,1.85,1.78,17,0,2.07,2.01,1.91,1.84,3.05,3.28,2.55
F2,24/11/17,Paris FC,Quevilly Rouen,2,0,H,2,0,H,9,9,5,3,12,20,5,5,2,2,0,1,1.72,3.5,5,1.8,3.3,4.5,1.75,3.4,4.7,1.75,3.3,4.8,1.75,3.59,5.68,1.75,3.4,4.5,1.7,3.5,5.4,33,1.81,1.74,3.59,3.4,5.68,4.84,31,2.28,2.16,1.72,1.66,17,-0.75,2.05,1.99,1.92,1.86,1.88,3.41,4.95
F2,24/11/17,Tours,Ajaccio GFCO,1,2,A,0,1,A,19,6,9,3,18,16,7,1,2,2,0,0,2.14,3.1,3.6,2.3,3,3.2,2.2,3.1,3.25,2.2,3,3.25,2.28,3.22,3.62,2.25,3,3.2,2.2,3.1,3.6,32,2.35,2.22,3.22,3.06,3.62,3.32,28,2.37,2.24,1.65,1.61,16,-0.25,1.98,1.92,1.99,1.93,2.22,3.24,3.75
F2,24/11/17,Valenciennes,Lorient,4,2,H,2,0,H,10,13,7,9,15,18,3,6,2,1,0,0,3.75,3.6,1.9,4.2,3.5,1.8,3.85,3.45,1.9,3.8,3.4,1.91,4.31,3.56,1.95,3.75,3.3,1.91,4.1,3.4,1.93,33,4.5,3.95,3.6,3.41,1.98,1.89,33,1.97,1.89,1.96,1.87,17,0.5,2,1.93,1.97,1.92,4.19,3.44,2.02
F2,25/11/17,Le Havre,Lens,1,0,H,0,0,D,10,5,5,1,18,17,5,3,2,0,0,0,2.25,3.2,3.29,2.2,3.1,3.25,2.3,3.1,3.1,2.3,3.1,3,2.44,3.3,3.2,2.3,3.1,3,2.38,3.13,3.2,34,2.44,2.3,3.3,3.13,3.29,3.08,30,2.2,2.1,1.79,1.7,16,-0.25,2.09,2.03,1.86,1.83,2.4,3.34,3.23
F2,27/11/17,Reims,Auxerre,2,0,H,1,0,H,7,8,2,4,14,11,5,4,1,2,0,0,1.57,3.79,6,1.65,3.5,5.25,1.7,3.6,4.8,1.6,3.6,5.5,1.62,3.94,6.51,1.67,3.5,5.5,1.57,3.75,6.5,34,1.7,1.61,3.94,3.68,6.51,5.55,3,2.07,2,1.87,1.78,17,-0.75,1.83,1.78,2.14,2.08,1.6,4.05,6.57
F2,28/11/17,Ajaccio GFCO,Niort,0,2,A,0,1,A,12,7,2,6,21,19,8,3,4,3,0,0,2,3.29,3.75,1.95,3.25,3.9,2,3.25,3.65,2.05,3.2,3.5,2.08,3.29,4.18,2,3.2,3.6,2.1,3.2,3.75,33,2.1,2.03,3.3,3.21,4.18,3.66,31,2.16,2.06,1.78,1.72,16,-0.25,1.83,1.78,2.14,2.07,2.14,3.37,3.81
F2,28/11/17,Bourg Peronnas,Orleans,4,0,H,2,0,H,12,7,6,3,21,21,3,7,4,3,0,1,2.35,3.2,3.1,2.2,3.25,3.1,2.35,3.3,2.85,2.3,3.3,2.8,2.49,3.3,3.12,2.4,3.3,2.7,2.38,3.3,3,33,2.49,2.34,3.35,3.24,3.12,2.92,32,1.88,1.81,2.07,1.95,17,-0.25,2.13,2.07,1.84,1.79,2.4,3.49,3.1
F2,28/11/17,Chateauroux,Paris FC,0,0,D,0,0,D,10,5,5,2,19,11,3,4,2,1,0,0,2.87,2.87,2.75,2.7,3,2.65,2.8,2.95,2.6,2.75,2.9,2.6,2.97,3.07,2.76,2.7,2.9,2.7,2.88,3,2.7,33,2.97,2.77,3.07,2.95,2.8,2.65,28,2.51,2.37,1.59,1.54,17,0,2.04,1.98,1.91,1.87,2.95,3.08,2.77
F2,28/11/17,Clermont,Brest,1,2,A,1,0,H,15,11,8,6,17,15,13,3,4,3,0,0,2.1,3.1,3.79,2.05,3.2,3.6,2.1,3.3,3.3,2.15,3.2,3.25,2.19,3.36,3.69,2.05,3.25,3.4,2.15,3.3,3.5,33,2.19,2.1,3.36,3.24,3.79,3.43,32,2.1,1.98,1.91,1.8,17,-0.5,2.2,2.14,1.83,1.74,2.33,3.49,3.22
F2,28/11/17,Lens,Ajaccio,2,0,H,2,0,H,12,7,8,3,14,14,5,5,2,1,0,0,1.75,3.6,4.75,1.87,3.1,4.4,1.8,3.35,4.4,1.83,3.25,4.25,1.88,3.42,4.96,1.85,3.3,4,1.8,3.4,4.8,33,1.95,1.83,3.6,3.31,4.96,4.33,29,2.17,2.11,1.77,1.69,17,-0.5,1.95,1.84,2.07,2.02,1.87,3.51,4.89
F2,28/11/17,Lorient,Nimes,1,2,A,0,2,A,9,13,3,6,20,19,3,6,2,3,0,0,1.95,3.39,3.89,2.05,3.25,3.5,2,3.45,3.4,2,3.4,3.4,2.11,3.51,3.75,2.05,3.4,3.25,2.05,3.4,3.7,33,2.11,2.03,3.51,3.35,3.89,3.49,32,1.86,1.8,2.09,1.98,17,-0.5,2.13,2.05,1.84,1.8,2.15,3.63,3.53
F2,28/11/17,Nancy,Le Havre,0,3,A,0,2,A,12,9,3,6,17,18,7,1,1,2,0,0,2.29,3,3.39,2.3,2.95,3.25,2.2,3,3.35,2.2,3,3.3,2.32,3.1,3.68,2.3,3,3.1,2.3,3,3.5,33,2.35,2.25,3.1,3,3.68,3.31,28,2.5,2.37,1.62,1.55,17,-0.25,2,1.94,1.96,1.91,2.34,3.14,3.57
F2,28/11/17,Quevilly Rouen,Tours,4,0,H,1,0,H,13,6,11,4,25,20,2,4,4,3,0,0,2.6,3,2.87,2.5,3.1,2.8,2.35,3.2,2.9,,,,2.52,3.24,3.13,2.3,3.1,3,2.45,3.13,3.1,32,2.6,2.41,3.25,3.13,3.13,2.91,30,2.1,2.03,1.85,1.75,16,0,1.76,1.72,2.21,2.16,2.59,3.39,2.91
F2,28/11/17,Sochaux,Valenciennes,3,1,H,1,1,D,15,6,7,3,19,16,2,4,1,0,0,0,1.85,3.39,4.33,1.9,3.4,3.9,1.85,3.55,3.8,,,,1.96,3.58,4.23,1.91,3.5,3.6,1.91,3.5,4.1,32,1.96,1.89,3.58,3.46,4.33,3.86,31,1.9,1.74,2.16,2.05,16,-0.5,1.96,1.92,1.98,1.93,1.79,3.85,4.81
F2,08/12/17,Auxerre,Chateauroux,1,2,A,1,0,H,14,11,8,6,16,10,13,4,2,2,0,0,2,3.2,4,1.95,3.2,4,1.95,3.2,3.95,1.95,3.1,3.9,2,3.34,4.44,1.91,3.3,3.8,2,3.2,4.2,37,2.02,1.95,3.35,3.2,4.44,4.02,26,2.37,2.22,1.7,1.63,20,-0.5,2.02,1.95,1.92,1.87,2.01,3.11,4.86
F2,08/12/17,Brest,Bourg Peronnas,3,0,H,1,0,H,15,7,11,0,16,15,6,4,4,1,0,0,1.5,4,7,1.5,4.1,6,1.5,4.25,5.5,1.5,4.2,5.8,1.53,4.62,6.37,1.5,4.2,5.5,1.5,4.3,6.5,37,1.54,1.5,4.62,4.22,7,5.86,29,1.7,1.62,2.37,2.24,22,-1,1.91,1.83,2.07,1.99,1.52,4.62,6.58
F2,08/12/17,Lorient,Sochaux,2,1,H,0,0,D,10,8,6,3,15,13,5,3,2,0,0,1,1.66,4,4.75,1.62,3.75,5,1.7,3.85,4.45,1.66,3.7,4.6,1.73,4.06,4.98,1.62,3.8,4.75,1.7,3.75,5,37,1.73,1.68,4.06,3.79,5.12,4.69,30,1.76,1.69,2.21,2.12,21,-0.75,1.96,1.89,2,1.93,1.81,4,4.5
F2,08/12/17,Niort,Reims,1,2,A,1,0,H,7,8,4,3,13,24,5,10,1,3,0,0,3.79,3.1,2.1,3.4,3.2,2.1,3.45,3.2,2.1,3.5,3.2,2.05,3.91,3.23,2.17,3.3,3.1,2.15,3.75,3.2,2.1,37,3.91,3.52,3.27,3.15,2.17,2.11,30,2.21,2.11,1.78,1.7,21,0.25,2.09,2.02,1.85,1.8,3.54,3.32,2.27
F2,08/12/17,Paris FC,Lens,2,2,D,1,1,D,11,5,5,2,14,22,4,4,1,4,0,1,3,2.87,2.6,2.85,2.9,2.6,2.8,2.95,2.65,2.7,2.9,2.7,2.96,2.98,2.85,2.75,2.9,2.62,2.88,2.9,2.75,37,3,2.8,3.03,2.92,2.85,2.66,31,2.63,2.47,1.57,1.51,19,0,2,1.96,1.96,1.89,2.84,3.02,2.93
F2,08/12/17,Tours,Nancy,1,2,A,1,2,A,11,6,4,4,25,21,1,4,5,2,0,0,3,3.1,2.45,3.2,3.2,2.2,2.95,3.1,2.4,2.9,3.1,2.37,3.14,3.33,2.46,2.88,3,2.45,3.1,3.1,2.45,36,3.2,3,3.33,3.11,2.48,2.38,31,2.21,2.14,1.75,1.68,19,0.25,1.86,1.77,2.14,2.07,2.88,3.28,2.68
F2,08/12/17,Valenciennes,Quevilly Rouen,1,1,D,1,0,H,14,10,6,9,14,23,5,5,2,5,1,0,2.04,3.39,3.5,2.05,3.4,3.4,2.05,3.4,3.35,2.05,3.3,3.3,2.12,3.64,3.57,2.05,3.4,3.25,2.1,3.4,3.5,37,2.13,2.07,3.64,3.38,3.66,3.38,31,1.88,1.8,2.04,1.97,22,-0.25,1.86,1.81,2.11,2.02,2.36,3.48,3.19
F2,09/12/17,Ajaccio,Le Havre,1,0,H,1,0,H,6,8,1,5,18,16,7,7,1,2,0,0,2.89,3,2.6,2.7,2.95,2.7,2.75,2.95,2.65,2.7,3,2.65,2.84,3.12,2.83,2.9,2.9,2.5,2.8,3,2.75,32,2.9,2.75,3.12,2.98,2.84,2.64,26,2.55,2.38,1.6,1.54,14,0,1.98,1.94,1.96,1.91,2.42,3.26,3.28
F2,11/12/17,Nimes,Clermont,3,1,H,2,1,H,18,6,9,3,12,9,10,3,1,3,0,2,1.85,3.29,4.5,1.83,3.4,4.2,1.8,3.55,4.15,1.8,3.5,4.2,1.86,3.78,4.46,1.8,3.5,4,1.83,3.5,4.5,34,1.86,1.81,3.78,3.48,4.5,4.18,30,1.9,1.83,2.04,1.93,19,-0.5,1.87,1.81,2.11,2.02,1.65,3.92,6.12
F2,12/12/17,Orleans,Ajaccio GFCO,2,0,H,2,0,H,9,2,4,1,21,12,3,5,1,3,0,1,2.45,3,3.1,2.6,2.95,2.8,2.5,3.05,2.85,2.5,3,2.8,2.62,3.23,3.01,2.5,3,2.8,2.6,3,3,36,2.62,2.5,3.23,3.06,3.1,2.88,27,2.33,2.22,1.71,1.63,20,-0.25,2.23,2.16,1.75,1.71,2.73,3.21,2.88
F2,15/12/17,Ajaccio,Auxerre,3,1,H,1,0,H,5,8,4,2,15,12,1,4,1,0,0,0,1.8,3.39,4.75,1.83,3.2,4.6,1.8,3.25,4.55,1.8,3.2,4.5,1.87,3.4,5.12,1.8,3.2,4.5,1.8,3.25,5.2,34,1.9,1.82,3.4,3.24,5.21,4.63,29,2.39,2.28,1.65,1.59,19,-0.5,1.9,1.82,2.08,2.02,1.96,3.33,4.67
F2,15/12/17,Bourg Peronnas,Lorient,2,2,D,2,1,H,14,9,6,5,19,14,2,5,0,0,0,0,4.5,3.79,1.72,4.33,3.7,1.72,4.2,3.8,1.75,4.2,3.7,1.73,4.47,4.17,1.78,4,3.75,1.75,4.5,3.8,1.75,34,4.5,4.21,4.17,3.77,1.78,1.75,29,1.7,1.61,2.39,2.23,19,0.75,1.98,1.89,2.04,1.94,4.79,4.27,1.72
F2,15/12/17,Chateauroux,Orleans,0,0,D,0,0,D,7,11,4,5,13,16,3,6,0,1,0,0,2.14,3.25,3.39,2.05,3.2,3.6,2.1,3.2,3.4,2.1,3.2,3.4,2.17,3.4,3.7,2.1,3.1,3.4,2.1,3.25,3.7,34,2.17,2.11,3.4,3.19,3.78,3.47,32,2.15,2.06,1.82,1.73,19,-0.25,1.86,1.82,2.07,2.02,2.28,3.34,3.48
F2,15/12/17,Clermont,Sochaux,0,2,A,0,0,D,12,12,7,11,12,21,8,3,3,1,0,0,1.95,3.29,4,1.9,3.3,4,1.95,3.4,3.75,1.91,3.3,3.75,1.99,3.62,4.05,1.91,3.3,3.75,1.93,3.4,4.1,34,2.15,1.96,3.62,3.34,4.1,3.77,33,2.01,1.94,1.94,1.83,19,-0.25,1.85,1.71,2.26,2.17,2.01,3.59,4.02
F2,15/12/17,Le Havre,Niort,2,1,H,1,1,D,16,10,5,7,18,17,6,5,2,4,0,1,1.66,3.6,5.25,1.67,3.5,5,1.7,3.65,4.75,1.7,3.6,4.75,1.74,3.86,5.25,1.7,3.6,4.5,1.67,3.6,5.5,34,1.75,1.7,3.86,3.59,5.5,4.81,33,2,1.89,1.98,1.89,19,-0.75,1.96,1.91,1.99,1.92,1.78,3.85,4.96
F2,15/12/17,Nancy,Paris FC,0,1,A,0,0,D,7,5,3,3,12,12,9,1,1,2,0,0,2.14,3,3.79,2.1,3,3.7,2.15,3,3.5,2.15,3,3.4,2.24,3.11,3.9,2.15,3,3.4,2.2,3,3.75,34,2.27,2.18,3.11,2.99,3.9,3.53,29,2.6,2.44,1.57,1.52,20,-0.25,1.92,1.87,2.04,1.97,2.31,3.03,3.82
F2,15/12/17,Quevilly Rouen,Brest,1,4,A,0,1,A,10,13,5,10,12,16,7,3,1,1,0,0,3.2,3.39,2.2,3,3.3,2.25,3,3.4,2.2,3,3.3,2.2,3.34,3.5,2.27,3,3.3,2.2,3.25,3.4,2.25,34,3.34,3.08,3.5,3.32,2.31,2.23,33,1.9,1.8,2.06,1.98,19,0.25,1.96,1.9,2,1.93,3.15,3.47,2.39
F2,16/12/17,Reims,Valenciennes,5,1,H,3,1,H,12,9,8,4,18,16,6,4,1,2,0,0,1.5,3.75,7.5,1.53,3.8,6,1.5,4,6,1.5,3.9,6.5,1.53,4.23,7.35,1.53,3.75,6,1.5,4,7,34,1.53,1.5,4.23,3.9,7.5,6.31,32,1.95,1.87,1.98,1.89,18,-1,1.93,1.87,2.02,1.95,1.5,4.36,7.83
F2,18/12/17,Lens,Tours,2,0,H,2,0,H,14,9,8,2,18,15,4,1,0,1,0,0,1.57,3.75,6.25,1.6,3.7,5.5,1.6,3.9,5.25,1.6,3.75,5.25,1.6,4.05,6.47,1.6,3.75,5,1.6,3.8,6,31,1.65,1.59,4.05,3.74,6.47,5.4,29,1.88,1.79,2.04,1.97,15,-0.75,1.81,1.77,2.18,2.08,1.42,4.88,8.69
F2,12/01/18,Auxerre,Le Havre,1,1,D,0,0,D,10,7,3,4,17,12,6,7,1,1,0,0,2.5,3,3,2.5,2.85,3,2.45,2.95,3.05,2.4,2.9,3,2.5,3.14,3.25,2.45,2.9,3,2.45,3,3.2,36,2.65,2.44,3.14,2.96,3.25,3.02,30,2.52,2.41,1.58,1.53,18,-0.25,2.15,2.09,1.82,1.76,2.34,3.2,3.5
F2,12/01/18,Brest,Ajaccio,2,3,A,0,3,A,11,9,4,5,13,14,4,0,2,3,0,0,1.9,3.2,4.33,1.85,3.4,4.1,1.9,3.35,4,1.91,3.3,3.9,1.93,3.55,4.47,1.91,3.3,3.8,1.91,3.3,4.4,36,1.95,1.9,3.55,3.34,4.47,3.99,34,2.1,2.01,1.85,1.77,18,-0.5,1.95,1.9,1.99,1.94,1.96,3.55,4.31
F2,12/01/18,Nimes,Lens,0,1,A,0,0,D,17,9,9,3,11,23,6,3,0,4,0,1,1.83,3.6,4.33,1.85,3.5,4,1.8,3.6,4.05,1.83,3.5,3.9,1.9,3.7,4.37,1.91,3.3,3.75,1.83,3.6,4.33,36,1.91,1.84,3.7,3.52,4.37,3.99,34,1.88,1.8,2.07,1.98,18,-0.5,1.9,1.84,2.06,2,1.87,3.78,4.43
F2,12/01/18,Niort,Nancy,0,0,D,0,0,D,7,10,2,2,17,12,2,4,2,1,0,0,2.54,3,3,2.4,3,3,2.5,3.05,2.8,2.55,3.1,2.7,2.65,3.24,2.95,2.38,3.1,2.9,2.63,3.13,2.8,36,2.66,2.51,3.25,3.08,3,2.81,33,2.3,2.13,1.77,1.69,18,-0.25,2.26,2.18,1.75,1.69,2.57,3.3,3.01
F2,12/01/18,Orleans,Reims,0,2,A,0,2,A,8,10,3,3,14,16,8,4,2,0,0,0,4,3.39,1.9,3.7,3.4,1.95,4.05,3.25,1.9,4,3.2,1.91,4.4,3.42,1.98,4,3.4,1.83,4.3,3.25,1.95,36,4.4,3.96,3.42,3.28,2.01,1.92,32,2.2,2.1,1.77,1.7,17,0.5,1.94,1.89,2,1.94,4.15,3.32,2.07
F2,12/01/18,Paris FC,Bourg Peronnas,2,0,H,0,0,D,19,8,10,2,21,13,9,0,1,2,0,0,1.75,3.39,5,1.65,3.5,5.25,1.75,3.5,4.55,1.75,3.4,4.4,1.79,3.66,5.14,1.65,3.5,5,1.73,3.5,5.25,36,1.81,1.73,3.7,3.52,5.25,4.68,34,2.12,2.01,1.88,1.77,18,-0.75,2.04,1.97,1.93,1.86,1.86,3.54,4.84
F2,12/01/18,Sochaux,Quevilly Rouen,0,1,A,0,0,D,14,6,8,1,10,16,8,2,1,2,0,0,1.55,4,6,1.53,3.9,6,1.55,3.95,5.25,1.57,3.8,5.25,1.6,4.16,6.23,1.6,3.75,5,1.55,4,6.25,36,1.62,1.57,4.16,3.93,6.26,5.38,35,1.86,1.78,2.07,2,18,-1,2.1,2.01,1.88,1.81,1.82,3.79,4.74
F2,12/01/18,Tours,Clermont,0,0,D,0,0,D,8,8,3,3,20,16,6,6,2,2,0,0,2.79,3.1,2.6,2.8,3,2.55,2.7,3.15,2.55,2.7,3.2,2.5,2.87,3.34,2.66,2.62,3.1,2.6,2.8,3.2,2.6,35,2.87,2.73,3.34,3.14,2.68,2.55,33,2.07,1.98,1.89,1.79,16,0,2.05,1.99,1.9,1.86,2.83,3.36,2.67
F2,12/01/18,Valenciennes,Chateauroux,1,2,A,1,0,H,15,8,4,4,15,15,5,5,1,2,0,0,2.1,3.39,3.39,2.2,3.25,3.1,2.15,3.25,3.3,2.15,3.2,3.25,2.23,3.43,3.49,2.1,3.25,3.25,2.15,3.25,3.5,36,2.25,2.16,3.43,3.25,3.52,3.26,35,2.07,1.99,1.88,1.79,19,-0.25,1.94,1.87,2.03,1.96,2.22,3.45,3.51
F2,13/01/18,Lorient,Ajaccio GFCO,4,1,H,2,0,H,12,6,8,2,16,16,7,3,0,2,0,0,1.5,4,7,1.48,4.1,6.25,1.5,4.05,6,1.5,3.9,6,1.54,4.22,7.26,1.55,3.8,5.5,1.5,4.1,7,35,1.55,1.5,4.22,4.01,7.26,6.11,34,1.87,1.79,2.05,1.99,18,-1,1.92,1.87,2.01,1.95,1.53,4.22,7.14
F2,16/01/18,Ajaccio,Orleans,1,1,D,1,1,D,7,4,1,3,19,23,7,2,2,6,0,0,1.72,3.39,5.25,1.7,3.4,5,1.75,3.35,4.8,1.75,3.3,4.8,1.78,3.49,5.55,1.75,3.25,4.75,1.73,3.4,5.5,36,1.8,1.74,3.51,3.35,5.55,4.93,29,2.33,2.23,1.67,1.61,17,-0.75,2.05,1.99,1.9,1.85,1.94,3.38,4.44
F2,16/01/18,Ajaccio GFCO,Brest,1,1,D,1,0,H,20,10,12,4,12,14,8,4,2,0,0,0,3,3.1,2.45,2.95,3.1,2.4,3,3.05,2.4,3,3.1,2.35,3.31,3.12,2.45,3,3.2,2.25,3.13,3.13,2.4,36,3.31,3.01,3.25,3.09,2.45,2.38,33,2.25,2.13,1.74,1.68,17,0.25,1.83,1.79,2.12,2.05,3.24,3.21,2.44
F2,16/01/18,Auxerre,Niort,5,0,H,3,0,H,13,10,8,5,21,9,4,4,0,2,0,0,1.85,3.29,4.5,1.91,3.25,4,1.9,3.25,4.15,1.86,3.2,4.2,1.93,3.37,4.68,1.91,3.2,4,1.9,3.25,4.5,36,1.95,1.9,3.4,3.25,4.68,4.11,33,2.26,2.15,1.75,1.67,17,-0.5,1.95,1.9,2,1.94,1.83,3.53,5.01
F2,16/01/18,Bourg Peronnas,Quevilly Rouen,3,5,A,1,1,D,9,15,6,8,16,17,7,6,3,2,0,0,2.25,3.29,3.2,2.3,3.1,3.1,2.3,3.3,2.95,2.3,3.25,2.9,2.44,3.32,3.18,2.25,3.4,2.88,2.3,3.3,3.1,36,2.44,2.31,3.4,3.24,3.2,2.98,34,1.94,1.84,2.01,1.93,18,-0.25,2.08,2.01,1.88,1.83,2.58,3.42,2.85
F2,16/01/18,Chateauroux,Lorient,3,1,H,1,1,D,13,12,9,4,10,8,6,11,1,2,0,0,4.5,3.5,1.8,4.1,3.4,1.85,4.05,3.4,1.85,3.9,3.4,1.85,4.41,3.52,1.93,4,3.4,1.83,4.4,3.5,1.85,36,4.52,4.07,3.52,3.4,1.94,1.86,35,1.94,1.87,2.01,1.9,17,0.5,2.03,1.96,1.94,1.86,4.58,3.67,1.88
F2,16/01/18,Clermont,Valenciennes,3,0,H,1,0,H,14,7,9,6,15,23,4,3,0,1,0,0,1.75,3.39,5,1.78,3.3,4.6,1.75,3.55,4.3,1.75,3.5,4.25,1.83,3.71,4.65,1.8,3.5,4,1.8,3.5,4.8,36,1.83,1.78,3.71,3.47,5,4.39,34,1.97,1.88,1.98,1.89,16,-0.75,2.09,2.03,1.85,1.81,1.72,3.87,5.23
F2,16/01/18,Le Havre,Paris FC,1,1,D,1,1,D,6,4,2,3,17,13,1,10,0,2,0,0,2.14,3.1,3.6,1.95,3.1,4.1,2.15,2.95,3.7,2.15,2.9,3.5,2.21,2.99,4.11,2.05,3,3.75,2.15,3,3.9,36,2.21,2.12,3.15,2.98,4.11,3.7,29,2.65,2.5,1.53,1.49,17,-0.5,2.22,2.16,1.76,1.72,2.29,3.02,3.81
F2,16/01/18,Nancy,Nimes,0,2,A,0,2,A,9,9,3,5,22,16,3,5,2,1,0,0,2.6,3.2,2.75,2.65,3.1,2.65,2.55,3.1,2.7,2.5,3.1,2.7,2.74,3.18,2.85,2.62,3.1,2.6,2.63,3.13,2.8,36,2.75,2.6,3.2,3.09,2.86,2.71,35,2.1,2,1.85,1.78,18,-0.25,2.35,2.23,1.71,1.67,2.5,3.2,3.14
F2,16/01/18,Reims,Tours,1,0,H,1,0,H,13,10,6,4,16,14,6,6,2,2,0,0,1.39,4.33,8,1.4,4.4,7.25,1.45,4.25,6.5,1.44,4.2,7,1.44,4.69,8.03,1.4,4.33,7,1.4,4.4,8.5,35,1.48,1.42,4.69,4.29,8.5,7.1,32,1.84,1.74,2.15,2.04,16,-1.25,2.07,2.02,1.86,1.82,1.38,5.07,9.39
F2,19/01/18,Bourg Peronnas,Reims,0,2,A,0,0,D,7,12,2,6,17,15,7,6,2,2,0,0,4.75,3.75,1.7,5.25,3.7,1.62,4.5,3.75,1.7,4.5,3.7,1.7,4.88,3.98,1.74,4.33,3.6,1.73,5,3.75,1.7,36,5.7,4.71,3.98,3.7,1.74,1.69,35,1.82,1.74,2.16,2.05,18,0.75,2.05,1.94,1.95,1.89,5.17,4.11,1.68
F2,19/01/18,Brest,Lens,1,1,D,1,0,H,5,7,4,3,27,14,7,5,1,1,0,0,2.37,3.1,3.1,2.3,3.2,3,2.4,3.2,2.85,2.37,3.2,2.8,2.5,3.3,3.06,2.3,3.25,2.88,2.5,3.25,2.9,36,2.5,2.39,3.35,3.2,3.15,2.91,35,1.98,1.9,1.94,1.87,19,-0.25,2.17,2.08,1.83,1.77,2.51,3.35,3.02
F2,19/01/18,Lorient,Clermont,1,1,D,1,0,H,7,11,3,2,13,9,3,5,1,1,0,0,1.64,3.75,5.25,1.72,3.4,5,1.65,3.8,4.55,1.7,3.7,4.4,1.73,3.94,5,1.67,3.75,4.5,1.7,3.8,5,36,1.75,1.69,3.94,3.75,5.25,4.62,34,1.77,1.72,2.19,2.08,18,-0.75,1.94,1.89,1.99,1.94,1.75,4.04,4.73
F2,19/01/18,Orleans,Auxerre,2,3,A,0,1,A,10,11,8,7,15,14,1,3,2,4,0,0,3.2,3,2.39,2.85,2.9,2.6,2.95,3,2.45,2.9,3,2.45,3.12,3.14,2.55,2.8,3,2.5,3.1,3,2.5,36,3.2,2.94,3.14,3,2.65,2.48,30,2.43,2.3,1.63,1.57,17,0.25,1.79,1.74,2.2,2.12,3.13,3.11,2.57
F2,19/01/18,Quevilly Rouen,Ajaccio GFCO,0,2,A,0,0,D,12,7,6,4,9,22,9,2,2,2,0,1,2.25,3.1,3.29,2.25,2.9,3.4,2.2,3.1,3.25,2.2,3.1,3.25,2.32,3.21,3.47,2.2,3.1,3.2,2.25,3.13,3.4,36,2.32,2.23,3.25,3.12,3.5,3.26,34,2.23,2.12,1.75,1.69,19,-0.25,1.97,1.93,1.98,1.9,2.32,3.25,3.44
F2,19/01/18,Sochaux,Nancy,1,0,H,0,0,D,13,6,5,0,22,15,3,0,2,4,0,0,2.1,3.2,3.7,2.1,3.1,3.6,2.1,3.15,3.4,2.1,3.1,3.4,2.22,3.3,3.61,2.1,3.2,3.3,2.15,3.2,3.6,36,2.22,2.12,3.3,3.17,4.05,3.47,34,2.2,2.1,1.79,1.71,19,-0.25,1.9,1.84,2.06,1.99,2.16,3.25,3.84
F2,19/01/18,Tours,Niort,2,1,H,1,1,D,8,12,4,7,23,9,6,6,2,1,0,0,2.25,3.25,3.25,2.2,3.2,3.2,2.25,3.25,3.05,2.2,3.3,3,2.34,3.37,3.27,2.15,3.3,3.1,2.3,3.3,3.13,35,2.37,2.25,3.4,3.27,3.27,3.08,34,1.9,1.81,2.07,1.96,18,-0.25,2.03,1.97,1.92,1.87,2.33,3.36,3.29
F2,19/01/18,Valenciennes,Le Havre,1,1,D,1,0,H,9,9,5,4,19,15,4,4,3,2,0,0,2.75,3.2,2.6,2.9,3,2.5,2.8,3.15,2.45,2.75,3.1,2.45,2.96,3.25,2.6,2.7,3.2,2.45,2.88,3.13,2.6,36,2.96,2.8,3.3,3.15,2.61,2.49,35,2.14,2.03,1.84,1.75,16,0,2.09,2.04,1.87,1.82,3.25,3.24,2.41
F2,20/01/18,Nimes,Chateauroux,3,0,H,1,0,H,18,3,9,1,9,18,8,4,1,3,0,1,1.5,4,7,1.5,3.8,6.5,1.5,4.25,6,1.5,4,6,1.51,4.47,6.91,1.5,4.2,5.5,1.5,4.2,7,35,1.53,1.49,4.47,4.12,7,6.13,33,1.73,1.68,2.23,2.13,18,-1,1.88,1.82,2.06,2,1.65,4.04,5.75
F2,22/01/18,Paris FC,Ajaccio,2,1,H,2,0,H,6,9,4,3,9,18,3,4,1,4,0,0,2.29,2.89,3.5,2.2,2.8,3.7,2.3,2.95,3.3,2.25,3,3.25,2.39,3.11,3.44,2.2,3,3.3,2.38,3,3.3,32,2.39,2.29,3.12,2.95,3.8,3.31,26,2.55,2.4,1.57,1.53,18,-0.25,2.05,1.97,1.89,1.85,2.46,2.97,3.5
F2,23/01/18,Ajaccio GFCO,Nimes,2,0,H,1,0,H,8,16,6,6,13,8,4,13,5,1,0,0,4,3.2,2,3.7,3.25,2,4,3.2,1.95,3.8,3.2,1.95,4.51,3.29,2,3.6,3.2,2,4.2,3.3,1.95,36,4.51,3.92,3.3,3.22,2.03,1.96,34,2.2,2.09,1.77,1.71,17,0.5,1.91,1.86,2.01,1.96,4.91,3.43,1.86
F2,26/01/18,Ajaccio GFCO,Bourg Peronnas,1,2,A,1,0,H,11,7,2,4,22,15,4,3,0,1,0,0,1.57,3.79,6,1.62,3.8,5,1.6,3.95,5,1.57,3.9,5,1.63,4.27,5.47,1.62,3.6,5,1.6,4,5.5,36,1.64,1.59,4.27,3.91,6,5.24,33,1.72,1.66,2.29,2.17,18,-0.75,1.81,1.76,2.14,2.09,1.69,4.1,5.1
F2,26/01/18,Auxerre,Paris FC,1,1,D,0,0,D,7,3,2,2,18,17,10,5,2,2,0,1,2.5,2.89,3.1,2.5,2.9,2.95,2.45,2.85,3.1,2.5,2.87,3,2.58,3.03,3.2,2.38,2.9,3.1,2.6,2.88,3.1,37,2.61,2.48,3.03,2.9,3.22,3.04,32,2.71,2.58,1.52,1.47,16,-0.25,2.2,2.13,1.79,1.74,2.4,3.13,3.41
F2,26/01/18,Chateauroux,Sochaux,1,1,D,0,0,D,13,8,4,4,23,14,8,5,2,1,0,0,2.89,3.29,2.37,2.75,3,2.6,2.9,3.15,2.4,2.87,3.1,2.4,3.01,3.25,2.56,2.8,3.2,2.38,3.1,3.13,2.45,37,3.1,2.87,3.29,3.13,2.6,2.44,35,2.14,2.05,1.8,1.74,17,0.25,1.81,1.75,2.17,2.09,3.24,3.27,2.41
F2,26/01/18,Clermont,Quevilly Rouen,1,1,D,0,0,D,15,9,7,7,15,13,8,3,2,4,0,0,1.66,3.6,5.25,1.67,3.6,5,1.65,3.75,4.75,1.67,3.6,4.75,1.7,3.94,5.33,1.7,3.5,4.6,1.67,3.7,5.25,37,1.72,1.67,3.94,3.65,5.33,4.88,34,1.91,1.84,2.07,1.94,18,-0.75,1.95,1.89,1.98,1.94,1.72,3.93,5.16
F2,26/01/18,Lens,Orleans,0,1,A,0,0,D,9,5,2,5,13,15,9,2,1,5,0,1,1.55,3.79,6.5,1.53,3.7,6.25,1.5,3.9,6,1.53,3.75,6,1.56,4.1,6.75,1.55,3.6,6,1.53,3.9,7,37,1.59,1.54,4.1,3.8,7.08,6.13,36,2.03,1.95,1.91,1.82,19,-1,2.02,1.96,1.91,1.87,1.62,3.99,6.23
F2,26/01/18,Nancy,Brest,2,2,D,0,2,A,10,8,4,4,17,23,9,6,1,3,0,0,2.5,3.1,2.89,2.45,3.1,2.85,2.45,3.1,2.85,2.4,3.1,2.87,2.58,3.21,3.02,2.38,3.2,2.8,2.5,3.1,3,37,2.58,2.45,3.23,3.11,3.04,2.9,35,2.13,2.07,1.83,1.73,19,-0.25,2.19,2.11,1.79,1.74,2.37,3.26,3.25
F2,26/01/18,Niort,Valenciennes,1,2,A,1,0,H,11,5,6,2,15,17,3,4,4,1,0,0,2,3.29,3.75,1.9,3.3,4,2.05,3.25,3.55,2,3.25,3.5,2.13,3.36,3.8,1.95,3.25,3.75,2.05,3.3,3.8,37,2.15,2.03,3.36,3.24,4,3.63,36,2.09,1.98,1.85,1.79,18,-0.5,2.16,2.07,1.84,1.78,2.09,3.49,3.76
F2,27/01/18,Ajaccio,Tours,2,1,H,1,0,H,6,8,3,3,16,31,2,3,1,1,0,0,1.7,3.6,5,1.62,3.5,5.5,1.7,3.55,4.55,1.73,3.5,4.6,1.75,3.52,5.68,1.7,3.5,4.6,1.73,3.5,5.2,34,1.79,1.72,3.7,3.47,5.68,4.78,33,2.02,1.93,1.92,1.84,15,-0.75,2.02,1.96,1.92,1.87,1.93,3.46,4.47
F2,27/01/18,Le Havre,Nimes,2,1,H,1,1,D,8,7,4,3,20,12,5,7,4,4,0,1,2.75,3,2.75,2.6,3.1,2.7,2.75,3.05,2.55,2.7,3,2.55,3,3.07,2.69,2.6,3,2.7,2.88,3,2.7,36,3,2.74,3.15,3.01,2.75,2.62,34,2.21,2.11,1.75,1.69,16,-0.25,2.52,2.38,1.63,1.58,3.05,3.09,2.64
F2,29/01/18,Reims,Lorient,0,1,A,0,0,D,10,8,0,3,21,13,7,4,2,3,0,0,2,3.1,4.2,2,3.2,3.7,2.05,3.1,3.65,2.05,3.1,3.5,2.12,3.16,4.13,2.05,3.25,3.4,2.05,3.2,3.9,34,2.12,2.05,3.25,3.12,4.2,3.66,31,2.23,2.08,1.76,1.7,15,-0.25,1.81,1.77,2.12,2.05,2,3.6,4
F2,30/01/18,Lens,Sochaux,0,1,A,0,0,D,11,11,2,3,10,7,10,6,2,2,0,0,1.85,3.5,3.75,1.95,3.3,3.75,2.2,3.2,3.2,2,3.3,3.5,2,3.38,4.24,1.95,3.2,3.5,1.95,3.4,4,37,2.2,1.96,3.5,3.31,4.24,3.71,36,2,1.9,1.96,1.86,17,-0.5,2,1.96,1.92,1.87,2.1,3.45,3.79
F2,02/02/18,Bourg Peronnas,Clermont,0,2,A,0,0,D,8,9,4,4,11,17,2,7,0,1,1,1,3.75,3.6,1.95,3.6,3.3,2,3.7,3.45,1.95,3.6,3.4,1.95,4.02,3.55,2,3.25,3.4,2.05,3.8,3.4,2,38,4.02,3.63,3.61,3.42,2.1,1.97,37,1.91,1.81,2.04,1.96,17,0.5,1.95,1.88,2.02,1.95,4.45,3.7,1.87
F2,02/02/18,Nimes,Ajaccio,1,1,D,0,0,D,10,6,7,2,15,23,7,1,2,4,0,1,1.8,3.5,4.5,1.67,3.5,5,1.75,3.55,4.45,1.75,3.5,4.25,1.81,3.63,4.9,1.67,3.6,4.75,1.8,3.5,4.75,38,1.85,1.76,3.63,3.49,5.18,4.54,37,1.95,1.89,1.96,1.88,18,-0.75,2.07,2.02,1.85,1.81,1.84,3.52,4.93
F2,02/02/18,Orleans,Le Havre,2,1,H,2,0,H,5,10,5,6,13,10,6,3,1,1,0,0,3.25,3,2.37,3.2,3,2.3,3.1,2.95,2.4,3.1,3,2.35,3.32,3.06,2.48,3.1,3,2.3,3.3,3,2.4,38,3.32,3.11,3.14,2.99,2.51,2.38,33,2.5,2.38,1.61,1.55,18,0.25,1.85,1.8,2.09,2.04,3.29,3.05,2.51
F2,02/02/18,Paris FC,Niort,0,1,A,0,0,D,8,6,2,3,20,21,3,4,2,4,0,1,1.75,3.6,4.75,1.7,3.5,4.75,1.8,3.35,4.55,1.8,3.3,4.5,1.81,3.52,5.22,1.73,3.4,4.6,1.75,3.4,5.2,38,1.83,1.76,3.62,3.41,5.22,4.63,36,2.21,2.12,1.75,1.69,17,-0.75,2.08,2.02,1.88,1.82,1.83,3.46,5.1
F2,02/02/18,Quevilly Rouen,Chateauroux,0,1,A,0,1,A,15,7,7,5,12,17,10,5,1,2,0,0,2.39,3.29,2.89,2.45,3.2,2.8,2.4,3.2,2.85,2.4,3.2,2.75,2.55,3.34,2.95,2.38,3.3,2.75,2.5,3.25,2.88,38,2.57,2.42,3.37,3.21,3,2.84,37,1.96,1.89,1.97,1.88,18,-0.25,2.19,2.12,1.79,1.74,2.42,3.35,3.14
F2,02/02/18,Sochaux,Ajaccio GFCO,4,1,H,1,0,H,8,16,3,11,18,19,8,5,1,2,0,0,1.75,3.5,4.75,1.78,3.4,4.5,1.75,3.4,4.55,1.8,3.3,4.4,1.83,3.52,5.05,1.83,3.4,4,1.8,3.4,5,37,1.87,1.79,3.59,3.4,5.05,4.46,35,2.2,2.07,1.79,1.72,17,-0.5,1.85,1.8,2.12,2.05,1.78,3.57,5.38
F2,02/02/18,Tours,Auxerre,0,2,A,0,1,A,12,7,7,5,17,24,3,4,3,1,0,0,2.89,3.25,2.45,2.75,3.2,2.5,2.85,3.1,2.45,2.87,3.1,2.4,3.08,3.25,2.52,2.8,3.1,2.45,3,3.1,2.5,37,3.08,2.87,3.26,3.12,2.57,2.45,35,2.15,2.05,1.81,1.74,16,0.25,1.79,1.74,2.17,2.11,3.08,3.24,2.52
F2,02/02/18,Valenciennes,Nancy,0,1,A,0,1,A,7,14,1,6,14,20,2,6,0,2,0,0,2.6,3,2.89,2.45,3,2.95,2.55,3.1,2.75,2.55,3,2.75,2.66,3.2,2.92,2.45,3,2.88,2.63,3.1,2.88,38,2.67,2.53,3.28,3.07,3,2.82,34,2.25,2.16,1.73,1.66,18,-0.25,2.29,2.19,1.74,1.69,2.93,3.19,2.67
F2,03/02/18,Lorient,Lens,1,1,D,1,0,H,9,4,7,2,22,17,3,4,2,2,0,0,1.9,3.39,4,1.9,3.5,3.75,1.9,3.4,3.75,1.91,3.4,3.7,1.97,3.58,4.09,2,3.3,3.5,1.93,3.4,4.1,38,2.02,1.93,3.59,3.39,4.1,3.76,36,1.92,1.83,2.02,1.94,16,-0.5,1.98,1.93,1.94,1.9,1.84,3.72,4.58
F2,05/02/18,Brest,Reims,0,0,D,0,0,D,8,6,2,2,14,16,8,4,2,1,0,0,3,3.2,2.39,2.9,3.1,2.45,2.85,3.05,2.45,2.8,3,2.5,3.01,3.17,2.62,2.8,3,2.5,2.9,3.1,2.55,37,3.01,2.86,3.21,3.05,2.62,2.48,34,2.28,2.18,1.71,1.64,15,0.25,1.76,1.71,2.21,2.15,2.55,3.25,3.07
F2,09/02/18,Ajaccio,Lorient,3,2,H,1,2,A,13,9,7,3,17,16,4,2,1,2,0,0,2.89,3.2,2.45,2.75,3.1,2.55,2.9,3.1,2.45,2.8,3,2.5,3.06,3.2,2.56,2.7,3.2,2.45,2.9,3.1,2.6,39,3.06,2.84,3.28,3.11,2.6,2.47,35,2.26,2.14,1.72,1.67,18,0.25,1.76,1.72,2.23,2.14,2.68,3.28,2.84
F2,09/02/18,Chateauroux,Bourg Peronnas,3,1,H,2,1,H,12,11,5,5,17,17,1,4,0,1,0,0,1.66,3.5,5.5,1.67,3.75,4.75,1.7,3.65,4.55,1.7,3.6,4.6,1.7,3.85,5.47,1.65,3.75,4.6,1.7,3.6,5.2,39,1.75,1.68,3.85,3.65,5.5,4.83,37,1.9,1.84,2.02,1.93,19,-0.75,1.97,1.92,1.99,1.91,1.68,4.11,5.2
F2,09/02/18,Clermont,Ajaccio GFCO,1,0,H,1,0,H,6,5,4,3,18,19,3,3,0,2,0,0,1.75,3.75,4.5,1.78,3.4,4.5,1.75,3.4,4.65,1.75,3.3,4.6,1.8,3.52,5.13,1.73,3.4,4.6,1.8,3.4,5,38,1.83,1.76,3.75,3.43,5.13,4.58,36,2.15,2.08,1.81,1.72,18,-0.75,2.08,2.03,1.85,1.81,1.78,3.73,4.98
F2,09/02/18,Le Havre,Brest,1,0,H,1,0,H,5,7,2,2,18,10,2,6,2,2,0,0,2.5,3,3,2.5,3,2.85,2.4,3.05,2.95,2.4,3,2.9,2.49,3.17,3.2,2.45,3.1,2.8,2.5,3.1,3,39,2.5,2.43,3.21,3.07,3.2,2.95,35,2.26,2.16,1.71,1.66,19,-0.25,2.17,2.11,1.81,1.75,2.1,3.46,3.77
F2,09/02/18,Nancy,Quevilly Rouen,1,2,A,1,0,H,16,11,9,6,18,16,6,6,1,4,0,1,1.66,3.6,5.25,1.7,3.6,4.6,1.65,3.6,5.25,1.67,3.5,5,1.69,3.68,6,1.7,3.4,4.8,1.67,3.6,5.75,39,1.74,1.67,3.68,3.51,6,5.13,36,2.13,2.04,1.82,1.74,19,-0.75,1.94,1.89,1.98,1.94,1.86,3.6,4.65
F2,09/02/18,Niort,Orleans,2,3,A,1,2,A,12,8,5,5,9,23,4,4,1,2,0,0,2.14,3.2,3.5,2.15,3.1,3.4,2.15,3.1,3.45,2.2,3.1,3.3,2.24,3.11,3.82,2.15,3.1,3.3,2.2,3.13,3.6,39,2.28,2.17,3.27,3.1,3.82,3.4,36,2.25,2.13,1.75,1.68,19,-0.25,1.92,1.88,2.01,1.95,2.46,3.11,3.31
F2,09/02/18,Reims,Sochaux,3,0,H,1,0,H,15,15,11,7,13,10,3,8,0,1,0,0,1.66,3.6,5.25,1.7,3.6,4.6,1.7,3.5,4.9,1.73,3.4,4.75,1.7,3.69,5.8,1.67,3.6,4.8,1.73,3.5,5.25,39,1.79,1.7,3.7,3.53,5.8,4.85,36,2.17,2.04,1.8,1.74,19,-0.75,2.02,1.95,1.94,1.88,1.75,3.76,5.22
F2,09/02/18,Tours,Paris FC,1,2,A,1,0,H,7,8,4,7,24,23,4,5,2,3,0,0,3.1,3,2.45,3,2.95,2.45,3,2.95,2.45,3,2.9,2.45,3.17,3.08,2.6,2.9,2.9,2.5,3.1,2.9,2.55,38,3.17,2.97,3.15,2.97,2.6,2.47,33,2.63,2.48,1.57,1.5,17,0.25,1.78,1.74,2.17,2.12,3.1,3.15,2.57
F2,10/02/18,Lens,Valenciennes,1,1,D,0,1,A,9,4,4,1,14,21,5,6,2,4,0,0,1.57,3.79,6,1.57,3.7,5.75,1.6,3.75,5.5,1.6,3.6,5.5,1.61,3.82,6.72,1.6,3.75,5,1.6,3.75,6.25,39,1.65,1.58,3.92,3.73,6.72,5.6,36,2.05,1.95,1.92,1.82,18,-0.75,1.82,1.78,2.11,2.06,1.67,3.9,5.73
F2,12/02/18,Auxerre,Nimes,0,0,D,0,0,D,3,10,1,5,22,20,2,6,3,4,0,0,3.2,3,2.39,3.1,2.95,2.4,3,3.05,2.4,2.9,3,2.4,3.2,3.18,2.48,2.8,3,2.5,3,3.1,2.5,35,3.2,2.97,3.27,3.05,2.5,2.41,32,2.27,2.16,1.72,1.65,16,0.25,1.81,1.75,2.17,2.09,3.27,3.38,2.33
F2,16/02/18,Ajaccio GFCO,Reims,1,2,A,1,2,A,12,5,8,4,13,19,10,4,3,0,0,0,3.5,3.1,2.2,3.6,3.1,2.1,3.55,3.05,2.15,3.5,3,2.1,3.81,3.14,2.23,3.4,3,2.15,3.75,3,2.2,38,3.88,3.53,3.2,3.06,2.25,2.15,33,2.45,2.34,1.62,1.56,18,0.25,2.04,1.98,1.89,1.85,3.7,3.13,2.27
F2,16/02/18,Bourg Peronnas,Nancy,3,2,H,1,1,D,6,10,4,3,15,20,1,5,2,1,1,0,3.89,3.25,2,3.4,3.3,2.05,3.55,3.3,2,3.6,3.2,2,3.75,3.46,2.11,3.4,3.25,2.05,3.7,3.25,2.1,38,3.89,3.53,3.53,3.3,2.15,2.04,36,2.07,1.97,1.9,1.8,17,0.5,1.86,1.79,2.12,2.05,3.77,3.59,2.06
F2,16/02/18,Brest,Niort,2,0,H,0,0,D,17,11,10,7,17,7,9,3,1,1,0,0,1.66,3.6,5.25,1.78,3.6,4.1,1.7,3.8,4.4,1.7,3.7,4.4,1.74,3.96,4.93,1.75,3.75,4,1.7,3.75,5,38,1.78,1.71,3.96,3.71,5.25,4.5,33,1.8,1.7,2.2,2.09,18,-0.75,1.96,1.92,1.96,1.91,1.75,4.09,4.66
F2,16/02/18,Clermont,Chateauroux,1,1,D,1,0,H,14,10,8,5,8,18,8,1,0,1,0,0,1.8,3.39,4.75,1.7,3.5,4.75,1.75,3.45,4.4,1.8,3.4,4.25,1.81,3.65,4.95,1.7,3.5,4.6,1.8,3.5,4.75,38,1.87,1.78,3.65,3.44,4.95,4.49,37,2.04,1.95,1.9,1.82,17,-0.75,2.09,2.05,1.85,1.79,1.85,3.54,4.78
F2,16/02/18,Nimes,Tours,2,2,D,2,1,H,8,9,3,4,13,22,5,2,2,2,0,0,1.36,4.75,8,1.4,4.33,7.25,1.4,4.65,7,1.4,4.5,7.5,1.42,4.8,8.5,1.4,4.33,7,1.36,4.75,9,37,1.43,1.38,4.99,4.58,9,7.48,31,1.66,1.61,2.37,2.24,17,-1.25,1.96,1.87,2.04,1.96,1.44,4.92,7.68
F2,16/02/18,Orleans,Paris FC,1,1,D,0,1,A,8,3,5,3,17,17,4,1,4,4,1,0,2.89,3,2.6,2.7,3,2.65,2.85,2.9,2.6,2.87,2.9,2.55,3,2.99,2.75,2.62,2.9,2.75,3,2.9,2.63,38,3,2.8,3.07,2.94,2.8,2.64,33,2.53,2.44,1.58,1.52,16,0,2.09,2.02,1.88,1.83,3.29,3.11,2.48
F2,16/02/18,Sochaux,Le Havre,3,2,H,1,2,A,24,10,13,5,12,17,8,1,0,2,0,0,2.45,3.1,3,2.35,3.1,3,2.4,3.1,2.9,2.35,3.1,2.9,2.48,3.23,3.15,2.25,3.2,3,2.45,3.1,3.1,38,2.5,2.38,3.29,3.11,3.18,2.98,36,2.2,2.11,1.8,1.7,19,-0.25,2.16,2.08,1.82,1.77,2.49,3.23,3.14
F2,16/02/18,Valenciennes,Ajaccio,2,0,H,1,0,H,11,9,5,3,13,22,2,7,3,4,0,0,3.1,3.1,2.37,2.75,3.25,2.45,2.95,3.05,2.4,2.9,3.1,2.4,3.14,3.13,2.56,2.8,3.1,2.45,3.2,3,2.45,38,3.2,2.96,3.25,3.06,2.56,2.42,34,2.37,2.21,1.69,1.63,17,0.25,1.81,1.76,2.14,2.08,3.35,3.14,2.42
F2,17/02/18,Lorient,Auxerre,1,3,A,1,1,D,10,9,3,5,14,14,5,4,3,2,0,0,1.75,3.5,4.75,1.75,3.5,4.4,1.8,3.4,4.45,1.8,3.4,4.25,1.79,3.54,5.24,1.8,3.3,4.33,1.8,3.4,4.8,38,1.88,1.79,3.57,3.39,5.24,4.4,36,2.13,2.04,1.82,1.74,16,-0.5,1.85,1.81,2.12,2.03,1.74,4.05,4.8
F2,19/02/18,Quevilly Rouen,Lens,1,2,A,1,0,H,10,8,6,6,15,19,2,9,2,4,0,0,2.89,3.1,2.5,2.75,3.25,2.45,2.95,3.15,2.4,2.9,3.1,2.37,3.24,3.12,2.5,2.8,3.1,2.45,3.1,3.2,2.4,35,3.24,2.91,3.27,3.13,2.5,2.4,33,2.14,2.04,1.81,1.74,15,0.25,1.82,1.78,2.13,2.07,3.52,3.42,2.21
F2,23/02/18,Ajaccio,Sochaux,3,2,H,1,1,D,7,7,5,2,8,14,4,0,2,2,1,0,2.1,3,4,2.1,3.1,3.5,2.05,3.2,3.55,2.05,3.2,3.5,2.1,3.3,3.96,2.1,3.2,3.3,2.05,3.3,3.8,39,2.17,2.07,3.39,3.19,4,3.56,36,2.12,2.04,1.83,1.75,17,-0.5,2.07,2.02,1.86,1.83,2.06,3.39,4
F2,23/02/18,Auxerre,Valenciennes,2,0,H,1,0,H,15,6,8,4,22,14,12,2,1,1,0,0,1.7,3.6,5,1.7,3.5,4.75,1.65,3.55,5,1.7,3.4,4.8,1.69,3.72,5.87,1.73,3.4,4.6,1.7,3.6,5.4,39,1.75,1.7,3.79,3.52,5.87,4.88,37,2.11,2.02,1.82,1.76,15,-0.75,1.95,1.91,1.99,1.94,1.65,3.75,6.4
F2,23/02/18,Chateauroux,Ajaccio GFCO,4,1,H,1,1,D,12,10,6,6,10,11,5,6,1,0,0,0,2.04,3.2,3.79,2,3.2,3.7,2.1,3.1,3.55,2.1,3,3.6,2.18,3.23,3.82,2.05,3.1,3.6,2.15,3.1,3.8,39,2.23,2.11,3.26,3.11,3.82,3.57,34,2.39,2.23,1.67,1.62,18,-0.25,1.85,1.81,2.11,2.03,2.33,3.26,3.41
F2,23/02/18,Le Havre,Bourg Peronnas,0,0,D,0,0,D,9,9,3,4,14,14,3,3,1,1,0,0,1.44,4.5,6.5,1.44,4.33,6.5,1.45,4.35,6.5,1.44,4.25,6.5,1.44,4.78,7.93,1.44,4.33,6,1.44,4.33,7.5,39,1.48,1.43,4.78,4.39,7.93,6.63,34,1.75,1.65,2.31,2.19,17,-1.25,2.09,1.99,1.89,1.85,1.47,4.8,7.2
F2,23/02/18,Lens,Clermont,0,1,A,0,0,D,8,18,5,11,7,7,5,10,0,2,0,0,1.95,3.2,4.33,1.91,3.25,4,1.95,3.2,3.9,1.95,3.2,3.75,2.04,3.26,4.27,2,3.2,3.6,2,3.25,4,39,2.08,1.97,3.34,3.21,4.33,3.88,36,2.18,2.07,1.78,1.72,17,-0.5,2.04,1.99,1.9,1.85,2.29,3.21,3.55
F2,23/02/18,Niort,Nimes,1,4,A,1,2,A,1,20,1,15,23,9,1,4,3,1,2,0,4.5,3.29,1.85,4.1,3.3,1.87,3.9,3.4,1.9,3.75,3.4,1.91,4.16,3.64,1.94,3.75,3.3,1.91,4.3,3.4,1.9,39,4.5,3.93,3.65,3.4,1.98,1.89,37,1.95,1.83,2.07,1.95,16,0.5,2.02,1.96,1.92,1.87,4.5,3.82,1.83
F2,23/02/18,Reims,Quevilly Rouen,2,1,H,2,0,H,10,15,8,4,24,13,2,7,2,1,0,0,1.44,4.33,7,1.44,4.25,6.75,1.45,4.25,6.5,1.44,4,6.5,1.46,4.47,8.1,1.44,4.2,6.5,1.44,4.3,7.5,39,1.49,1.44,4.49,4.22,8.1,6.78,37,1.88,1.79,2.08,1.99,17,-1.25,2.07,2.02,1.87,1.83,1.47,4.59,7.73
F2,23/02/18,Tours,Orleans,1,1,D,1,0,H,7,7,6,6,21,18,1,5,2,1,0,0,2.39,3,3.2,2.5,2.95,2.95,2.35,3.05,3.05,2.35,3.1,2.9,2.48,3.15,3.24,2.38,3.1,2.88,2.45,3.1,3.1,38,2.5,2.4,3.18,3.03,3.24,3.02,34,2.29,2.17,1.73,1.65,17,-0.25,2.14,2.08,1.82,1.78,2.4,3.22,3.31
F2,24/02/18,Paris FC,Brest,0,1,A,0,0,D,7,4,2,1,20,20,4,2,0,1,0,0,2.2,3,3.6,2.2,3,3.4,2.2,3.1,3.35,2.2,3,3.3,2.25,3.22,3.63,2.1,3.1,3.4,2.25,3.1,3.5,38,2.29,2.19,3.27,3.08,3.63,3.37,34,2.27,2.21,1.69,1.62,16,-0.25,1.96,1.91,1.98,1.92,2.35,3.2,3.42
F2,26/02/18,Nancy,Lorient,0,2,A,0,1,A,6,6,1,4,16,17,3,4,3,2,0,0,3.1,3.1,2.37,2.9,3.1,2.4,2.9,3.15,2.4,2.8,3.1,2.45,3,3.28,2.55,2.8,3.2,2.38,2.9,3.13,2.55,36,3.1,2.86,3.32,3.13,2.55,2.44,33,2.17,2.03,1.82,1.74,14,0.25,1.77,1.73,2.2,2.12,2.52,3.27,3.06
F2,02/03/18,Ajaccio GFCO,Lens,1,1,D,1,0,H,4,10,2,5,15,15,3,7,4,0,0,0,2.87,3,2.62,2.75,2.95,2.65,2.8,3,2.6,2.7,3,2.55,3.01,3.05,2.7,2.7,3,2.6,2.88,3.1,2.63,37,3.01,2.79,3.14,3,2.71,2.61,33,2.32,2.19,1.73,1.64,15,0,2.06,2,1.88,1.85,2.73,3.05,2.98
F2,02/03/18,Bourg Peronnas,Ajaccio,5,4,H,2,2,D,10,5,6,4,12,20,4,2,4,4,1,0,3.29,3.29,2.2,3.25,3.1,2.2,3.1,3.25,2.2,3.1,3.25,2.2,3.38,3.38,2.28,3,3.3,2.2,3.3,3.25,2.25,37,3.42,3.16,3.4,3.25,2.31,2.21,36,1.99,1.9,1.95,1.87,17,0.25,1.97,1.9,1.97,1.93,3.46,3.41,2.23
F2,02/03/18,Brest,Tours,1,3,A,1,1,D,13,6,2,3,14,17,4,2,3,2,0,0,1.7,3.6,5,1.55,3.75,6,1.7,3.6,4.85,1.61,3.6,5.2,1.68,3.77,5.82,1.7,3.5,4.6,1.7,3.6,5.25,36,1.74,1.67,3.77,3.58,6,5.03,35,2.01,1.93,1.93,1.85,15,-0.75,1.97,1.9,2,1.94,1.76,3.83,4.98
F2,02/03/18,Chateauroux,Nancy,1,0,H,1,0,H,14,14,12,6,15,12,5,8,4,1,0,0,2.45,3,3.1,2.45,2.95,3,2.5,2.95,2.95,2.45,3,2.9,2.57,3,3.24,2.5,3,2.8,2.5,3,3.13,37,2.58,2.46,3.11,2.98,3.24,3,33,2.5,2.36,1.68,1.56,18,-0.25,2.18,2.1,1.82,1.76,2.67,3.11,3.02
F2,02/03/18,Clermont,Reims,2,1,H,1,1,D,14,9,7,5,14,16,2,3,2,3,0,0,2.62,2.87,3,2.55,2.9,2.9,2.6,2.95,2.85,2.6,3,2.7,2.75,2.98,3.03,2.6,3,2.7,2.7,3,2.88,37,2.76,2.61,3.09,2.95,3.03,2.83,32,2.39,2.28,1.65,1.59,17,-0.25,2.32,2.25,1.72,1.66,2.56,3.22,3.05
F2,02/03/18,Quevilly Rouen,Niort,1,2,A,0,1,A,7,6,4,3,14,17,12,4,2,2,1,0,2,3.29,3.6,2.05,3.3,3.4,2.05,3.35,3.45,2.05,3.4,3.3,2.12,3.35,3.85,2.05,3.4,3.25,2.1,3.3,3.6,37,2.14,2.05,3.5,3.32,3.85,3.45,35,1.96,1.84,2.01,1.93,18,-0.25,1.86,1.81,2.09,2.04,2.03,3.71,3.73
F2,02/03/18,Valenciennes,Orleans,0,1,A,0,1,A,17,4,9,2,17,17,6,5,2,0,0,0,2.54,3.1,2.87,2.45,2.95,3,2.35,3.1,3.05,2.2,3.1,3.2,2.48,3.15,3.23,2.25,3.2,3,2.5,3.1,3,37,2.54,2.39,3.23,3.08,3.23,3.02,35,2.25,2.11,1.75,1.69,18,-0.25,2.15,2.08,1.81,1.77,2.52,3.16,3.15
F2,03/03/18,Nimes,Paris FC,2,1,H,0,0,D,9,4,4,1,22,25,5,3,3,4,0,0,1.7,3.25,6,1.72,3.3,5,1.65,3.45,5.25,1.67,3.4,5.25,1.7,3.54,6.27,1.7,3.4,4.8,1.65,3.5,6,37,1.72,1.67,3.71,3.46,6.27,5.28,34,2.27,2.14,1.72,1.67,17,-0.75,1.93,1.88,2.03,1.96,1.79,3.46,5.49
F2,05/03/18,Lorient,Le Havre,1,0,H,1,0,H,11,7,6,3,10,19,3,6,0,2,0,0,1.85,3.39,4.33,1.9,3.3,4,1.85,3.4,4.1,1.87,3.4,3.9,1.89,3.43,4.75,1.91,3.3,3.8,1.9,3.4,4.33,36,1.97,1.88,3.55,3.35,4.75,4.03,34,1.99,1.92,1.94,1.85,15,-0.5,1.94,1.88,2.01,1.95,1.93,3.44,4.53
F2,09/03/18,Ajaccio,Quevilly Rouen,2,0,H,2,0,H,8,4,4,3,9,8,2,5,1,1,0,0,1.61,3.75,5.5,1.6,3.75,5.25,1.65,3.6,4.9,1.61,3.6,5,1.68,3.78,5.83,1.65,3.5,5,1.62,3.7,6,40,1.7,1.65,3.81,3.61,6,5.18,39,2,1.93,1.91,1.84,18,-0.75,1.92,1.87,2.03,1.96,1.72,3.65,5.73
F2,09/03/18,Auxerre,Brest,1,2,A,0,1,A,12,9,6,4,14,15,1,4,2,1,0,0,2.1,3.2,3.6,2.1,3.1,3.5,2.15,3.15,3.3,2.2,3.1,3.2,2.27,3.24,3.55,2.15,3.2,3.2,2.2,3.2,3.5,39,2.31,2.18,3.36,3.17,3.6,3.33,36,2.14,2.05,1.81,1.74,17,-0.25,1.95,1.91,1.98,1.94,2.29,3.16,3.62
F2,09/03/18,Le Havre,Clermont,2,1,H,1,0,H,9,7,3,4,14,16,3,5,3,1,0,0,2.5,3,3,2.35,3.1,3,2.4,3,3,2.5,3,2.8,2.61,3.13,3.05,2.3,3.1,3,2.6,3.1,2.88,39,2.65,2.46,3.21,3.03,3.37,2.93,35,2.27,2.16,1.72,1.66,18,-0.25,2.25,2.14,1.85,1.73,2.85,3.12,2.79
F2,09/03/18,Nancy,Ajaccio GFCO,1,0,H,0,0,D,7,8,4,2,16,15,3,1,1,3,0,0,1.75,3.39,5,1.83,3.2,4.6,1.8,3.25,4.65,1.8,3.2,4.5,1.87,3.36,5.04,1.8,3.1,4.75,1.8,3.25,5.2,39,1.89,1.81,3.42,3.24,5.29,4.66,33,2.5,2.31,1.65,1.58,18,-0.5,1.89,1.82,2.08,2.02,1.87,3.4,4.97
F2,09/03/18,Niort,Lorient,1,2,A,0,2,A,12,9,6,3,13,22,0,3,2,3,0,0,4.59,3.39,1.8,4.4,3.5,1.75,4.15,3.5,1.8,4,3.5,1.8,4.59,3.61,1.87,4,3.5,1.8,4.5,3.6,1.8,39,4.7,4.21,3.7,3.47,1.93,1.82,37,1.87,1.77,2.1,2,17,0.5,2.07,2,1.93,1.83,4.58,3.73,1.84
F2,09/03/18,Orleans,Nimes,1,4,A,0,2,A,8,15,7,11,15,12,3,9,2,0,0,0,3.79,3.29,2,4.1,3.25,1.9,3.8,3.3,1.95,3.7,3.3,1.95,4.23,3.37,2.01,3.75,3.3,1.91,4.1,3.3,1.95,39,5,3.84,3.51,3.3,2.05,1.95,37,2.05,1.97,1.88,1.8,17,0.5,2.06,1.89,2.02,1.95,4.41,3.38,1.95
F2,09/03/18,Reims,Chateauroux,4,0,H,2,0,H,11,6,7,3,15,10,4,3,1,1,0,0,1.61,3.79,5.5,1.6,3.6,5.75,1.6,3.65,5.25,1.61,3.5,5.25,1.67,3.77,6.08,1.65,3.5,5,1.62,3.6,6.25,39,1.68,1.62,3.9,3.61,6.42,5.45,36,2.16,2.05,1.82,1.74,18,-0.75,1.89,1.83,2.05,2,1.7,3.68,5.87
F2,10/03/18,Paris FC,Sochaux,2,0,H,0,0,D,13,9,5,3,17,18,6,7,0,3,0,0,2.1,3.2,3.6,2.1,3.1,3.6,2.15,3.1,3.45,2.15,3.1,3.4,2.21,3.16,3.83,2.1,3.1,3.4,2.2,3.1,3.6,39,2.24,2.11,3.3,3.14,3.9,3.48,35,2.25,2.15,1.72,1.66,16,-0.25,1.91,1.86,2.06,1.98,2.21,3.25,3.7
F2,12/03/18,Lens,Bourg Peronnas,0,1,A,0,0,D,6,8,1,4,17,19,2,3,3,4,0,0,1.44,4.33,7,1.44,4.25,6.75,1.5,4.25,5.75,1.5,4,6,1.51,4.36,7.25,1.5,4.2,5.5,1.5,4.2,6.5,36,1.53,1.48,4.41,4.17,7.25,6.19,31,1.76,1.7,2.18,2.09,17,-1,1.88,1.83,2.06,2,1.5,4.54,7.04
F2,13/03/18,Sochaux,Auxerre,0,4,A,0,2,A,14,17,5,10,10,20,12,6,1,1,1,0,2.37,3.1,3.1,2.4,3.2,2.85,2.4,3.1,2.95,2.3,3.1,3,2.53,3.14,3.16,2.4,3.1,2.9,2.45,3.2,3,36,2.53,2.38,3.33,3.14,3.16,2.95,35,2.15,2.04,1.84,1.74,16,-0.25,2.13,2.08,1.84,1.77,2.43,3.27,3.19
F2,16/03/18,Ajaccio GFCO,Ajaccio,0,1,A,0,1,A,8,6,2,3,21,18,4,2,4,3,0,0,3,3,2.5,3,2.85,2.5,2.95,2.9,2.5,3,2.9,2.45,3.18,2.94,2.67,2.9,2.9,2.5,3.1,2.88,2.6,38,3.18,2.97,3.1,2.89,2.7,2.54,32,2.61,2.48,1.55,1.5,14,0,2.14,2.07,1.86,1.78,3.04,2.87,2.83
F2,16/03/18,Bourg Peronnas,Niort,0,1,A,0,0,D,8,10,2,3,17,16,7,2,3,2,1,0,2.2,3.39,3.2,2.2,3.4,3,2.25,3.3,3.05,2.2,3.3,3,2.34,3.36,3.28,2.2,3.3,3,2.25,3.4,3.13,38,2.36,2.23,3.46,3.32,3.28,3.06,35,1.82,1.73,2.13,2.04,16,-0.25,2.01,1.95,1.94,1.87,2.34,3.48,3.17
F2,16/03/18,Chateauroux,Le Havre,2,1,H,1,0,H,12,11,4,3,6,15,8,9,0,3,1,0,2.62,3.1,2.75,2.55,3.2,2.7,2.6,3.05,2.7,2.6,3.1,2.65,2.71,3.12,2.92,2.6,3.1,2.62,2.7,3.1,2.75,38,2.75,2.6,3.3,3.08,2.94,2.71,35,2.24,2.08,1.77,1.71,14,0,1.92,1.88,2.02,1.96,2.67,3.19,2.93
F2,16/03/18,Clermont,Nancy,2,0,H,1,0,H,18,8,7,7,18,20,2,0,2,3,0,0,1.83,3.29,4.75,1.85,3.3,4.2,1.8,3.25,4.45,1.87,3.2,4.2,1.88,3.36,5,1.85,3.2,4.2,1.87,3.3,4.6,38,2.03,1.87,3.46,3.25,5,4.3,34,2.27,2.14,1.74,1.67,15,-0.5,2,1.88,2.02,1.95,1.86,3.53,4.79
F2,16/03/18,Lorient,Orleans,3,1,H,1,0,H,12,5,6,1,15,21,6,6,0,5,0,1,1.5,3.75,7.5,1.55,3.8,5.75,1.55,3.95,5.75,1.53,3.9,6,1.56,3.94,7.3,1.55,3.8,5.5,1.5,4,7,38,1.57,1.53,4.13,3.85,7.5,6.2,37,1.92,1.82,2.03,1.94,16,-1,1.97,1.91,1.97,1.9,1.51,4.3,7.3
F2,16/03/18,Quevilly Rouen,Auxerre,4,1,H,2,1,H,12,5,8,2,11,20,4,6,2,1,0,2,3.5,3.39,2.04,3.4,3.4,2.05,3.3,3.3,2.1,3.2,3.3,2.1,3.6,3.38,2.19,3.1,3.3,2.15,3.4,3.3,2.2,38,3.78,3.3,3.51,3.3,2.26,2.13,37,1.89,1.83,2.03,1.93,13,0.5,1.84,1.71,2.22,2.14,3.24,3.51,2.26
F2,16/03/18,Sochaux,Tours,0,0,D,0,0,D,7,0,2,0,19,17,6,4,1,1,0,0,1.8,3.39,4.75,1.8,3.6,4.1,1.8,3.45,4.15,1.83,3.5,3.9,1.89,3.53,4.6,1.8,3.5,4,1.87,3.5,4.3,37,1.93,1.83,3.6,3.45,4.75,4.17,36,1.87,1.8,2.07,1.97,15,-0.5,1.91,1.86,2.03,1.97,2.11,3.46,3.76
F2,16/03/18,Valenciennes,Paris FC,2,4,A,2,1,H,11,14,5,12,15,15,3,4,3,1,2,2,3.5,3,2.25,3.1,2.9,2.4,3.3,2.95,2.3,3.2,3,2.3,3.63,2.99,2.38,3.2,3,2.25,3.4,3,2.38,38,3.63,3.26,3.1,2.95,2.59,2.32,32,2.43,2.32,1.63,1.56,14,0.25,1.9,1.85,2.03,1.98,3.66,3.08,2.31
F2,17/03/18,Reims,Lens,3,1,H,2,0,H,12,11,6,4,16,15,5,11,1,1,0,0,1.83,3.39,4.5,1.8,3.5,4.2,1.85,3.35,4.1,1.87,3.25,4,1.93,3.49,4.46,1.75,3.5,4.33,1.9,3.4,4.33,40,1.97,1.86,3.55,3.35,4.5,4.14,38,2.17,2.04,1.81,1.74,17,-0.5,1.96,1.9,1.99,1.94,2.12,3.2,4.07
F2,19/03/18,Brest,Nimes,0,2,A,0,1,A,10,7,4,3,25,18,1,6,4,2,1,0,3,3.1,2.45,2.8,3.1,2.5,2.8,3.25,2.45,2.75,3.25,2.4,2.93,3.4,2.54,2.75,3.25,2.4,2.88,3.25,2.5,38,3,2.8,3.45,3.2,2.55,2.43,36,1.94,1.86,1.99,1.9,15,0,2.11,2.06,1.82,1.79,2.81,3.37,2.55
F2,30/03/18,Ajaccio,Clermont,2,1,H,0,0,D,11,7,5,6,13,15,4,2,4,1,0,0,2.37,3,3.25,2.2,3.1,3.3,2.35,3.1,3,2.3,3.1,3,2.42,3.15,3.35,2.15,3.1,3.3,2.38,3.13,3.2,40,2.44,2.32,3.17,3.06,3.5,3.17,38,2.24,2.12,1.75,1.68,16,-0.25,2.07,2.03,1.85,1.81,2.61,3.09,3.09
F2,30/03/18,Auxerre,Bourg Peronnas,3,1,H,1,1,D,10,8,8,3,17,4,7,2,2,1,0,0,1.66,3.5,5.5,1.6,3.7,5.5,1.65,3.85,4.55,1.67,3.7,4.75,1.7,3.91,5.37,1.6,3.8,5,1.67,3.8,5.2,40,1.73,1.65,3.95,3.75,5.5,4.92,36,1.8,1.72,2.2,2.07,16,-0.75,1.95,1.88,2,1.96,1.91,3.66,4.27
F2,30/03/18,Le Havre,Quevilly Rouen,0,2,A,0,1,A,13,6,3,5,17,10,8,4,1,2,0,0,1.7,3.6,5,1.7,3.6,4.75,1.7,3.65,4.6,1.7,3.5,4.75,1.76,3.66,5.25,1.73,3.5,4.4,1.7,3.6,5.25,40,1.77,1.7,3.8,3.57,5.3,4.81,39,1.97,1.89,1.96,1.88,17,-0.75,1.97,1.92,1.97,1.9,1.78,3.77,4.93
F2,30/03/18,Nimes,Valenciennes,1,0,H,1,0,H,9,12,4,6,13,17,5,3,1,3,0,0,1.3,5,10,1.36,4.5,8,1.3,4.95,8.75,1.3,4.8,9.5,1.32,5.18,12.55,1.33,4.6,8,1.3,4.8,12,40,1.36,1.31,5.25,4.83,12.55,9.72,35,1.75,1.67,2.25,2.14,18,-1.5,2.03,1.96,1.92,1.86,1.3,5.87,11.05
F2,30/03/18,Niort,Sochaux,1,1,D,0,1,A,6,10,3,2,19,18,2,6,1,1,0,0,2.5,3.1,2.89,2.35,3.1,3,2.5,3.15,2.75,2.5,3.1,2.65,2.67,3.3,2.83,2.38,3.2,2.8,2.63,3.13,2.8,40,2.69,2.52,3.3,3.16,3,2.76,39,2.06,1.98,1.84,1.79,16,0,1.9,1.84,2.06,1.99,2.19,3.5,3.45
F2,30/03/18,Orleans,Brest,1,1,D,1,1,D,8,8,7,6,21,17,4,4,1,3,0,0,3.1,3.1,2.37,2.8,3,2.6,2.8,3.2,2.45,2.8,3.2,2.4,2.99,3.21,2.6,2.7,3.2,2.45,3,3.2,2.5,40,3.1,2.83,3.25,3.13,2.6,2.46,39,2.06,1.99,1.85,1.78,15,0,2.13,2.06,1.83,1.79,3.04,3.36,2.48
F2,30/03/18,Paris FC,Ajaccio GFCO,0,0,D,0,0,D,6,5,2,0,12,19,6,5,1,4,0,0,1.9,3.2,4.33,1.75,3.4,4.6,1.85,3.2,4.4,1.85,3.1,4.4,1.88,3.35,5.02,1.8,3.2,4.5,1.87,3.2,4.8,39,1.92,1.84,3.4,3.21,5.02,4.54,32,2.4,2.31,1.6,1.57,16,-0.5,1.92,1.87,2.02,1.97,1.75,3.35,6.27
F2,30/03/18,Tours,Lorient,3,1,H,0,1,A,8,7,7,3,19,8,5,2,3,1,0,0,4.75,3.29,1.8,4.75,3.4,1.75,4.2,3.5,1.8,4.2,3.4,1.8,4.75,3.67,1.83,4.33,3.5,1.75,4.6,3.5,1.8,39,4.75,4.38,3.7,3.49,1.86,1.79,38,1.99,1.89,1.97,1.88,14,0.5,2.08,2.04,1.85,1.81,4.26,3.66,1.92
F2,31/03/18,Nancy,Reims,0,2,A,0,0,D,5,8,3,5,20,24,7,3,1,2,0,0,2.89,3.1,2.5,2.95,3.1,2.4,2.8,3.1,2.45,2.75,3.1,2.5,2.98,3.24,2.6,2.7,3.2,2.45,2.88,3.1,2.6,39,3.05,2.83,3.24,3.09,2.63,2.48,35,2.21,2.12,1.75,1.69,15,0,2.09,2.03,1.87,1.81,2.96,3.13,2.68
F2,02/04/18,Lens,Chateauroux,2,1,H,1,0,H,13,7,7,3,14,17,6,3,2,1,0,0,1.8,3.5,4.5,1.8,3.4,4.33,1.8,3.4,4.25,1.83,3.4,4.2,1.86,3.42,4.99,1.83,3.4,4,1.85,3.4,4.5,34,1.91,1.82,3.5,3.35,4.99,4.36,32,2.06,1.99,1.84,1.78,12,-0.5,1.9,1.85,2.04,1.98,1.92,3.56,4.39
F2,03/04/18,Tours,Valenciennes,1,2,A,0,1,A,6,5,4,4,17,17,6,2,1,4,0,1,1.83,3.39,4.5,1.95,3.4,3.6,1.9,3.35,3.95,1.91,3.2,3.9,1.97,3.37,4.43,2,3.2,3.6,1.9,3.3,4.4,37,2,1.92,3.45,3.28,4.5,3.94,35,2.14,2.05,1.8,1.74,15,-0.5,2,1.92,2,1.92,2,3.41,4.22
F2,06/04/18,Ajaccio GFCO,Auxerre,3,1,H,1,0,H,8,9,5,4,18,14,3,6,1,2,0,0,2.7,3,2.79,2.6,2.95,2.8,2.6,3.05,2.75,2.6,3,2.7,2.77,3.16,2.83,2.6,3,2.7,2.7,3.1,2.8,39,2.77,2.61,3.21,3.04,2.88,2.74,33,2.33,2.21,1.69,1.63,14,0,1.93,1.88,2,1.95,2.47,3.15,3.25
F2,06/04/18,Bourg Peronnas,Tours,1,1,D,0,1,A,21,2,10,2,15,22,11,1,2,3,1,1,2.39,3.25,3,2.35,3.1,3,2.4,3.2,2.85,2.4,3.2,2.8,2.5,3.36,3,2.3,3.25,2.88,2.45,3.2,3,39,2.52,2.4,3.44,3.21,3.41,2.89,35,2.05,1.94,1.92,1.83,13,-0.25,2.15,2.08,1.98,1.78,2.43,3.43,3.06
F2,06/04/18,Brest,Valenciennes,3,1,H,1,1,D,13,9,9,3,20,13,8,7,1,2,0,0,1.53,3.79,6.5,1.5,3.9,6.25,1.55,3.95,5.75,1.53,3.9,5.75,1.57,4.26,6.3,1.5,3.8,6,1.53,4,6.5,40,1.58,1.53,4.26,3.93,6.51,5.92,35,1.83,1.77,2.1,2,15,-1,2.01,1.92,1.94,1.89,1.52,4.39,6.92
F2,06/04/18,Chateauroux,Ajaccio,0,2,A,0,1,A,11,11,4,6,14,16,7,3,1,1,0,0,2.62,3,2.87,2.6,2.9,2.85,2.6,3,2.75,2.55,3,2.75,2.76,3.12,2.88,2.6,3,2.7,2.75,3,2.8,39,2.76,2.63,3.16,3.01,2.91,2.75,32,2.41,2.26,1.65,1.59,14,-0.25,2.31,2.26,1.71,1.65,2.74,3.13,2.89
F2,06/04/18,Clermont,Niort,2,2,D,1,0,H,14,14,9,9,12,8,11,4,3,2,1,0,1.55,3.6,7,1.6,3.5,6,1.6,3.8,5.5,1.57,3.75,5.5,1.57,4.11,6.73,1.65,3.6,4.8,1.57,3.8,6.5,40,1.68,1.58,4.11,3.78,7,5.67,37,1.9,1.82,2.03,1.94,14,-1,2.07,2.02,1.89,1.8,1.62,4.15,5.8
F2,06/04/18,Lorient,Paris FC,2,0,H,0,0,D,13,2,10,0,9,9,6,0,3,3,0,1,1.75,3.5,4.75,1.67,3.4,5.25,1.75,3.4,4.55,1.75,3.3,4.5,1.83,3.54,4.94,1.73,3.4,4.6,1.75,3.5,5,40,1.85,1.77,3.56,3.4,5.25,4.63,35,2.17,2.07,1.79,1.72,14,-0.75,2.09,2.02,1.85,1.8,1.83,3.46,5.13
F2,06/04/18,Quevilly Rouen,Nimes,1,3,A,0,1,A,14,12,5,8,13,14,2,6,4,2,0,0,4.75,3.5,1.75,4.33,3.4,1.8,4.3,3.6,1.75,4.2,3.6,1.75,4.59,3.8,1.82,4,3.5,1.8,4.6,3.6,1.8,40,4.75,4.26,3.8,3.53,1.88,1.79,36,1.83,1.76,2.15,2.01,14,0.75,1.86,1.81,2.07,2.02,4.56,3.83,1.82
F2,06/04/18,Sochaux,Orleans,3,2,H,1,0,H,8,9,6,4,12,18,0,3,1,1,0,0,1.9,3.25,4.33,2,3.2,3.75,1.95,3.4,3.75,1.95,3.3,3.6,1.97,3.54,4.15,2,3.3,3.5,1.93,3.4,4.1,40,2.05,1.94,3.56,3.34,4.33,3.81,37,1.95,1.87,2,1.89,14,-0.5,2.02,1.94,1.96,1.89,1.97,3.51,4.2
F2,09/04/18,Lens,Nancy,1,1,D,1,1,D,11,6,5,3,21,12,7,4,2,2,0,0,1.83,3.2,4.75,1.9,3.2,4.1,1.9,3.2,4.3,1.91,3.1,4,,,,1.85,3.2,4.33,1.91,3.2,4.6,36,2.02,1.89,3.36,3.19,4.75,4.2,25,2.5,2.37,1.6,1.53,12,-0.5,1.98,1.92,1.96,1.91,2.23,3.15,3.8
F2,13/04/18,Ajaccio,Nancy,2,0,H,0,0,D,7,5,4,1,17,15,4,7,3,3,0,1,2.04,3.2,3.75,2,3.2,3.75,2,3.1,3.8,2,3.1,3.8,2.07,3.19,4.28,2,3.1,3.75,2,3.13,4.2,40,2.09,2,3.3,3.13,4.28,3.84,34,2.39,2.29,1.67,1.58,14,-0.5,2.08,2.01,1.89,1.84,2.02,3.29,4.35
F2,13/04/18,Auxerre,Clermont,1,2,A,0,0,D,7,11,3,5,17,10,7,3,0,0,0,0,3.2,3.1,2.37,3.2,3.1,2.25,3.1,3.2,2.25,3.1,3.1,2.2,2.96,3.3,2.57,3,3.2,2.25,3.2,3.13,2.38,40,3.2,2.97,3.3,3.15,2.63,2.36,37,2.13,2.03,1.83,1.75,16,0.25,1.85,1.77,2.18,2.08,2.97,3.35,2.53
F2,13/04/18,Le Havre,Ajaccio GFCO,2,1,H,1,1,D,14,9,9,3,21,16,5,2,1,1,0,0,1.9,3.25,4.2,1.83,3.3,4.4,1.85,3.25,4.25,1.83,3.2,4.4,1.87,3.42,4.93,1.8,3.2,4.5,1.85,3.3,4.75,38,1.91,1.84,3.43,3.25,4.93,4.38,32,2.35,2.26,1.67,1.6,16,-0.5,1.88,1.84,2.05,2,1.8,3.46,5.36
F2,13/04/18,Nimes,Sochaux,0,2,A,0,0,D,14,12,7,7,15,16,3,4,2,3,0,0,1.44,4.2,7.5,1.45,4.2,6.5,1.45,4.35,6.25,1.44,4.25,6.5,1.5,4.6,6.95,1.5,4.2,5.5,1.44,4.5,7.5,40,1.55,1.45,4.65,4.3,7.5,6.48,34,1.63,1.58,2.39,2.28,17,-1,1.86,1.74,2.19,2.09,1.46,4.79,7.36
F2,13/04/18,Niort,Lens,2,2,D,1,1,D,5,16,3,11,15,13,2,10,1,1,0,0,3.2,2.87,2.5,2.9,3,2.5,2.95,3.1,2.4,2.87,3.1,2.4,3.13,3.12,2.56,2.8,3.2,2.38,3,3.2,2.45,40,3.2,2.92,3.22,3.07,2.72,2.45,37,2.13,2.03,1.82,1.75,15,0,2.17,2.09,1.93,1.76,3.22,3.1,2.52
F2,13/04/18,Orleans,Quevilly Rouen,2,1,H,1,0,H,9,8,6,5,14,19,2,4,2,2,0,0,2.29,3.1,3.29,2.25,3.2,3.1,2.25,3.25,3.05,2.2,3.25,3,2.32,3.46,3.22,2.2,3.3,3,2.3,3.3,3.13,40,2.41,2.25,3.46,3.25,3.29,3.06,39,1.91,1.84,2.1,1.93,18,-0.25,2.05,1.98,1.9,1.85,2.2,3.42,3.55
F2,13/04/18,Tours,Chateauroux,0,1,A,0,1,A,7,5,5,3,19,14,2,3,1,2,0,0,2.75,3.1,2.62,2.65,3.1,2.6,2.65,3.2,2.55,2.65,3.2,2.55,2.81,3.28,2.7,2.5,3.25,2.6,2.75,3.2,2.63,39,2.84,2.68,3.3,3.14,2.72,2.59,38,2.04,1.95,1.88,1.82,16,0,2.01,1.96,1.92,1.88,2.83,3.38,2.62
F2,13/04/18,Valenciennes,Bourg Peronnas,2,2,D,0,0,D,12,7,5,3,12,14,5,4,2,1,0,0,2.2,3.2,3.39,2.2,3.25,3.1,2.15,3.35,3.15,2.15,3.3,3.1,2.23,3.38,3.49,2.2,3.3,3,2.2,3.3,3.4,40,2.3,2.18,3.43,3.29,3.49,3.18,39,1.9,1.82,2.02,1.94,17,-0.25,1.97,1.9,2,1.93,2.36,3.3,3.27
F2,14/04/18,Paris FC,Reims,0,3,A,0,1,A,5,8,2,3,12,17,7,2,0,0,0,0,3.1,2.89,2.5,2.85,2.9,2.6,2.9,2.95,2.55,2.87,2.9,2.55,3.05,3.01,2.71,2.9,2.9,2.5,3,2.9,2.63,40,3.1,2.9,3.1,2.93,2.71,2.55,34,2.63,2.48,1.55,1.5,17,0,2.08,2.03,1.86,1.81,3.12,3.04,2.62
F2,16/04/18,Brest,Lorient,3,0,H,1,0,H,11,0,8,0,16,12,4,3,3,3,0,2,2.6,3.1,2.79,2.55,3.1,2.75,2.55,3.2,2.7,2.55,3.2,2.62,2.73,3.14,2.88,2.5,3.25,2.62,2.63,3.2,2.75,39,2.73,2.56,3.25,3.12,2.88,2.7,38,2,1.92,1.94,1.84,16,0,1.92,1.87,2.01,1.96,2.6,3.36,2.87
F2,20/04/18,Ajaccio GFCO,Tours,3,2,H,1,0,H,10,8,6,4,18,21,7,1,1,1,0,0,1.8,3.39,4.75,1.85,3.3,4.25,1.85,3.25,4.35,1.86,3.2,4.2,1.9,3.41,4.76,1.85,3.2,4.2,1.87,3.25,4.75,39,1.95,1.85,3.47,3.27,4.76,4.31,34,2.35,2.22,1.68,1.62,16,-0.5,1.92,1.88,2,1.95,2.01,3.34,4.31
F2,20/04/18,Bourg Peronnas,Nimes,2,2,D,1,1,D,9,9,3,4,16,16,1,5,2,0,0,0,4.33,3.79,1.75,3.9,3.7,1.8,4,3.6,1.8,3.9,3.6,1.8,4.39,3.89,1.83,4,3.75,1.75,4.2,3.6,1.85,41,4.43,4,3.89,3.62,1.89,1.81,37,1.77,1.69,2.22,2.11,16,0.5,2.06,2,1.88,1.83,4.54,3.9,1.81
F2,20/04/18,Chateauroux,Niort,2,1,H,1,1,D,16,7,6,2,9,10,16,0,0,3,0,0,1.66,3.75,5,1.65,3.7,5,1.7,3.7,4.65,1.7,3.6,4.6,1.72,3.88,5.2,1.65,3.75,4.6,1.7,3.7,5,40,1.76,1.69,3.88,3.69,5.23,4.72,39,1.91,1.81,2.05,1.96,17,-0.75,1.97,1.9,1.98,1.91,1.81,3.97,4.42
F2,20/04/18,Clermont,Orleans,4,2,H,1,1,D,13,13,10,8,15,14,4,4,1,4,0,2,1.5,3.79,7.5,1.5,3.9,6.25,1.55,3.95,5.75,1.53,3.9,5.75,1.56,4.23,6.6,1.44,4,6.5,1.53,4,6.5,41,1.57,1.51,4.31,3.96,7.5,6.21,39,1.87,1.77,2.09,2,18,-1,2,1.9,1.98,1.91,1.57,4.22,6.43
F2,20/04/18,Lens,Le Havre,3,3,D,3,1,H,12,12,6,7,16,14,7,6,3,0,0,0,2.2,3.1,3.5,2.15,3.1,3.4,2.25,3.1,3.2,2.25,3.1,3.1,2.34,3.28,3.36,2.2,3.1,3.2,2.3,3.13,3.3,40,2.35,2.22,3.36,3.13,3.7,3.24,37,2.21,2.12,1.76,1.68,18,-0.25,2,1.94,2,1.89,2.44,3.32,3.14
F2,20/04/18,Lorient,Valenciennes,0,1,A,0,1,A,7,9,1,5,13,12,8,4,4,1,0,0,1.36,4.75,8,1.35,4.75,7.75,1.35,4.65,7.25,1.36,4.5,7.5,1.4,5.07,8.65,1.36,4.5,7.5,1.36,4.8,9,41,1.42,1.36,5.07,4.65,9,7.69,35,1.65,1.58,2.38,2.29,18,-1.25,1.9,1.85,2.02,1.97,1.53,4.5,6.52
F2,20/04/18,Quevilly Rouen,Paris FC,0,4,A,0,1,A,9,11,5,9,11,11,4,5,2,2,0,0,2.87,3.2,2.5,2.8,3.2,2.45,2.7,3.15,2.55,2.65,3.1,2.55,2.78,3.32,2.71,2.62,3.25,2.5,2.8,3.13,2.63,40,2.88,2.71,3.36,3.18,2.71,2.52,38,2.11,2,1.85,1.77,17,0,2.04,1.98,1.93,1.86,2.75,3.31,2.75
F2,20/04/18,Reims,Ajaccio,1,0,H,0,0,D,6,5,2,2,11,9,8,5,1,0,0,0,1.66,3.5,5.75,1.65,3.5,5.25,1.65,3.5,5.25,1.66,3.4,5.5,1.69,3.68,5.94,1.65,3.5,5,1.65,3.5,6.25,41,1.72,1.66,3.75,3.49,6.25,5.26,38,2.29,2.17,1.73,1.65,18,-0.75,1.91,1.87,2.01,1.95,1.75,3.64,5.45
F2,20/04/18,Sochaux,Brest,1,1,D,1,1,D,12,13,6,7,14,17,4,6,2,1,0,0,2.6,3.25,2.7,2.5,3.2,2.7,2.55,3.25,2.65,2.55,3.2,2.6,2.65,3.41,2.78,2.45,3.3,2.62,2.63,3.25,2.75,40,2.68,2.54,3.41,3.24,2.8,2.67,39,1.96,1.87,1.99,1.89,16,0,1.93,1.88,1.99,1.95,2.76,3.41,2.67
F2,21/04/18,Nancy,Auxerre,2,1,H,2,1,H,11,6,8,2,13,20,5,0,1,2,0,0,1.72,3.39,5.25,1.75,3.4,4.75,1.7,3.4,4.95,1.75,3.3,4.75,1.76,3.53,5.63,1.75,3.4,4.5,1.75,3.4,5.25,41,1.8,1.73,3.66,3.39,5.63,4.82,36,2.2,2.13,1.74,1.67,17,-0.75,2.07,1.98,1.9,1.84,2.16,3.23,3.89
F2,23/04/18,Ajaccio,Lens,2,0,H,1,0,H,7,5,5,3,14,14,2,4,1,1,0,0,1.75,3.39,5,1.9,3.2,4.2,1.8,3.25,4.5,,,,1.93,3.35,4.7,1.85,3.2,4.2,1.87,3.2,4.8,41,1.96,1.85,3.45,3.26,5,4.5,38,2.36,2.29,1.68,1.6,17,-0.5,1.96,1.88,2.05,1.98,1.93,3.35,4.7
F2,24/04/18,Auxerre,Reims,1,4,A,1,0,H,6,12,4,7,12,12,3,6,1,1,0,0,3.25,3.1,2.29,2.9,3.2,2.35,2.95,3.1,2.35,2.9,3.1,2.35,3.2,3.17,2.48,3.1,3.2,2.2,3.13,3.13,2.4,39,3.25,3,3.31,3.15,2.48,2.35,37,2.2,2.08,1.78,1.71,17,0.25,1.84,1.79,2.11,2.04,3.43,3.48,2.21
F2,24/04/18,Brest,Clermont,1,0,H,0,0,D,17,10,6,5,14,9,8,7,1,2,0,0,2.1,3.25,3.5,2.2,3.2,3.2,2.15,3.3,3.15,2.15,3.3,3.1,2.23,3.44,3.43,2.3,3.25,2.88,2.2,3.3,3.4,39,2.3,2.2,3.44,3.26,3.5,3.17,39,1.92,1.84,2.03,1.92,19,-0.25,1.98,1.91,1.98,1.91,2.29,3.44,3.3
F2,24/04/18,Le Havre,Nancy,3,0,H,0,0,D,11,4,5,1,16,14,3,7,0,0,0,0,2.25,3.2,3.29,2.3,3.1,3.1,2.25,3.15,3.15,2.25,3.1,3.1,2.38,3.28,3.28,2.1,3.2,3.3,2.3,3.13,3.3,39,2.38,2.24,3.3,3.14,3.46,3.21,37,2.2,2.11,1.76,1.69,19,-0.25,2.03,1.96,1.96,1.86,2.2,3.29,3.68
F2,24/04/18,Nimes,Lorient,1,0,H,1,0,H,21,2,12,1,19,22,7,2,3,2,1,2,1.75,3.6,4.75,1.8,3.5,4.2,1.75,3.55,4.3,1.75,3.6,4.2,1.81,3.74,4.77,1.8,3.5,4,1.8,3.6,4.6,39,1.85,1.78,3.79,3.56,4.77,4.26,37,1.81,1.75,2.1,2.02,16,-0.75,2.06,2,1.87,1.81,1.76,4,4.76
F2,24/04/18,Niort,Ajaccio GFCO,4,1,H,2,1,H,12,9,6,3,15,19,4,6,0,3,0,0,2.6,2.6,3.29,2.4,2.7,3.4,2.5,2.65,3.35,2.37,2.8,2.9,2.6,2.81,3.44,2.5,2.62,3.2,2.6,2.88,3.13,39,2.6,2.48,2.89,2.7,3.6,3.28,37,2.17,2.08,1.78,1.71,17,-0.25,2.16,2.09,1.82,1.77,2.72,2.61,3.46
F2,24/04/18,Orleans,Bourg Peronnas,5,1,H,2,1,H,9,11,8,4,21,16,3,3,1,0,1,0,2.04,3.39,3.39,2.2,3.5,2.95,2.1,3.45,3.2,2.15,3.4,3.1,2.2,3.79,3.21,2.1,3.4,3.1,2.2,3.4,3.25,38,2.45,2.15,3.79,3.43,3.39,3.1,36,1.77,1.7,2.18,2.09,16,-0.25,2.1,1.91,2,1.93,2.33,3.65,3.06
F2,24/04/18,Paris FC,Chateauroux,0,0,D,0,0,D,14,5,7,3,11,17,8,1,1,2,0,0,2.1,3.1,3.79,2.15,3.1,3.4,2.1,3.1,3.55,2.15,3.1,3.4,2.19,3.19,3.86,2.2,3.1,3.2,2.15,3.2,3.6,39,2.26,2.15,3.29,3.13,3.86,3.45,35,2.28,2.14,1.74,1.67,18,-0.25,1.89,1.84,2.05,1.98,2.21,3.32,3.62
F2,24/04/18,Tours,Quevilly Rouen,2,2,D,1,1,D,11,12,9,8,8,19,5,8,2,1,0,0,2.89,3.29,2.37,2.55,3.4,2.55,2.7,3.35,2.4,2.7,3.3,2.4,2.85,3.53,2.53,2.62,3.3,2.45,2.88,3.3,2.5,38,2.89,2.72,3.53,3.29,2.65,2.46,37,1.86,1.77,2.12,2,17,0,2.08,2.02,1.92,1.82,2.82,3.53,2.55
F2,24/04/18,Valenciennes,Sochaux,2,2,D,1,1,D,12,14,8,5,12,7,6,3,0,1,0,0,2.54,3.2,2.75,2.55,3.25,2.65,2.55,3.2,2.65,2.5,3.2,2.62,2.69,3.25,2.85,2.5,3.3,2.6,2.6,3.25,2.75,39,2.7,2.58,3.32,3.2,2.85,2.67,39,1.94,1.85,2,1.91,17,0,1.92,1.87,2.01,1.96,2.57,3.49,2.83
F2,27/04/18,Ajaccio GFCO,Orleans,1,0,H,0,0,D,15,8,8,2,15,12,5,6,2,2,0,0,2.1,3.39,3.29,2.05,3.2,3.6,2.1,3.25,3.4,2.1,3.2,3.3,2.14,3.44,3.68,2.05,3.25,3.4,2.15,3.2,3.6,41,2.23,2.1,3.44,3.25,3.69,3.39,39,2.1,2,1.85,1.77,18,-0.25,1.89,1.83,2.07,1.99,2.13,3.43,3.75
F2,27/04/18,Bourg Peronnas,Brest,2,4,A,1,3,A,12,14,2,5,12,15,0,7,3,0,0,0,3.39,3.2,2.25,3.1,3.4,2.15,3,3.45,2.2,3,3.5,2.15,3.25,3.53,2.28,3.1,3.6,2.05,3.2,3.5,2.2,41,3.4,3.07,3.6,3.42,2.31,2.18,35,1.63,1.61,2.36,2.24,17,0.25,1.94,1.89,2.02,1.94,3.28,3.7,2.2
F2,27/04/18,Chateauroux,Auxerre,1,2,A,1,0,H,12,6,4,5,17,17,7,5,0,0,0,0,1.61,3.79,5.5,1.57,4,5.25,1.65,3.8,4.8,1.61,3.75,4.8,1.69,3.93,5.41,1.62,3.8,4.8,1.65,3.9,5.25,40,1.7,1.64,4.15,3.83,5.5,4.89,35,1.76,1.68,2.18,2.11,18,-0.75,1.89,1.84,2.06,1.98,1.68,4.15,5.13
F2,27/04/18,Le Havre,Ajaccio,2,0,H,1,0,H,15,10,8,5,8,20,2,12,0,2,1,1,2.29,2.89,3.5,2.3,3.1,3.1,2.25,3.05,3.25,2.3,3,3.1,2.38,3.23,3.32,2.38,3.1,2.9,2.38,3,3.3,41,2.41,2.3,3.23,3.05,3.5,3.18,35,2.43,2.31,1.62,1.57,19,-0.25,2.05,1.98,1.89,1.84,2.15,3.33,3.81
F2,27/04/18,Nancy,Tours,3,1,H,0,1,A,16,4,8,2,13,17,6,2,2,3,0,0,1.44,4.2,8,1.42,4.2,7.5,1.45,4.1,7,1.44,4,7,1.48,4.22,8.56,1.44,4.2,6.5,1.4,4.4,9,40,1.5,1.43,4.4,4.16,9,7.3,39,1.96,1.83,2.02,1.93,16,-1.25,2.13,2.04,1.88,1.79,1.47,4.46,8.04
F2,27/04/18,Quevilly Rouen,Valenciennes,2,2,D,1,0,H,10,4,4,2,19,11,2,7,1,2,0,0,1.75,3.5,4.75,1.72,3.6,4.5,1.8,3.65,4,1.83,3.6,3.9,1.84,3.86,4.41,1.75,3.75,4,1.83,3.7,4.2,40,1.91,1.81,3.86,3.61,4.75,4.08,35,1.72,1.64,2.26,2.18,17,-0.5,1.88,1.83,2.06,2,1.9,3.8,4.14
F2,27/04/18,Reims,Niort,3,1,H,2,0,H,18,9,8,5,15,6,5,4,0,0,0,0,1.39,4.33,8.5,1.44,4.2,7,1.4,4.4,7.25,1.4,4.4,7.5,1.43,4.6,8.8,1.44,4.2,6.5,1.36,4.6,9.5,41,1.46,1.39,4.83,4.43,9.5,7.56,36,1.72,1.66,2.28,2.14,18,-1.25,1.95,1.89,2.01,1.93,1.39,5.1,8.95
F2,27/04/18,Sochaux,Lorient,0,2,A,0,1,A,4,11,1,6,11,14,9,2,1,2,0,0,2.5,3.29,2.75,2.5,3.25,2.7,2.4,3.3,2.75,2.4,3.25,2.7,2.55,3.33,2.97,2.45,3.3,2.62,2.5,3.3,2.88,41,2.55,2.44,3.45,3.29,2.97,2.75,40,1.88,1.8,2.05,1.97,17,0,1.83,1.8,2.12,2.05,2.62,3.49,2.77
F2,28/04/18,Clermont,Nimes,1,1,D,0,0,D,7,9,3,5,17,14,2,7,2,1,0,0,3.29,3.25,2.2,2.9,3.3,2.3,3,3.4,2.2,2.9,3.4,2.25,3.01,3.61,2.35,2.88,3.4,2.25,3.13,3.4,2.25,41,3.29,2.96,3.61,3.36,2.35,2.26,38,1.81,1.74,2.12,2.02,18,0.25,1.91,1.85,2.02,1.96,2.42,3.56,2.97
F2,30/04/18,Lens,Paris FC,1,0,H,0,0,D,12,4,4,3,17,7,8,3,2,2,0,1,2.2,3.2,3.39,2.15,3.2,3.3,2.2,3.15,3.3,2.25,3.1,3.2,2.28,3.3,3.46,2.25,3,3.2,2.25,3.13,3.4,40,2.3,2.2,3.37,3.13,3.46,3.23,37,2.21,2.15,1.72,1.66,18,-0.25,1.98,1.9,1.96,1.91,2.31,3.28,3.42
F2,30/04/18,Reims,Le Havre,0,1,A,0,1,A,8,10,2,5,12,16,9,4,1,1,0,0,1.8,3.29,4.75,1.75,3.3,4.75,1.8,3.45,4.35,1.83,3.4,4,1.88,3.56,4.61,1.8,3.5,4,1.83,3.4,4.6,40,1.89,1.8,3.7,3.46,4.75,4.3,39,2,1.91,1.95,1.86,16,-0.75,2.14,2.06,1.85,1.77,2.04,3.52,3.93
F2,04/05/18,Auxerre,Ajaccio,1,1,D,0,1,A,8,7,3,2,10,7,5,2,2,1,0,0,3.5,3.2,2.14,3.3,3.25,2.15,3.3,3.35,2.1,3.2,3.3,2.15,3.48,3.43,2.15,3,3.3,2.2,3.4,3.3,2.2,37,3.8,3.28,3.44,3.29,2.25,2.13,36,1.95,1.87,1.99,1.89,18,0.25,2.01,1.96,1.91,1.86,3.26,3.44,2.24
F2,04/05/18,Brest,Quevilly Rouen,2,0,H,2,0,H,7,8,5,3,17,14,7,8,0,2,0,0,1.5,4.33,6,1.55,4.25,5,1.5,4.45,5.25,1.53,4,5.5,1.52,5.08,5.23,1.57,4,5,1.5,4.3,6.5,38,1.57,1.52,5.08,4.33,6.5,5.29,35,1.61,1.57,2.45,2.32,16,-1,1.95,1.86,2.05,1.96,1.52,4.88,5.49
F2,04/05/18,Lorient,Bourg Peronnas,6,0,H,3,0,H,23,6,13,1,13,8,13,3,0,2,0,0,1.39,4.75,7,1.5,4.1,6,1.45,4.55,5.75,1.44,4.4,6,1.48,4.7,6.42,1.44,4.4,6,1.45,4.75,6.5,38,1.57,1.46,4.75,4.41,7,6.07,34,1.48,1.43,2.81,2.68,18,-1,1.8,1.73,2.23,2.12,1.48,4.96,6.03
F2,04/05/18,Nimes,Ajaccio GFCO,4,0,H,2,0,H,21,3,14,2,17,20,8,2,1,4,0,0,1.22,6,12,1.25,5.5,10,1.25,5.5,10.5,1.25,5.5,12,1.25,6.04,12.92,1.25,5,11,1.22,6,15,38,1.28,1.23,6.32,5.58,15,11.24,35,1.6,1.54,2.5,2.38,17,-1.75,2,1.94,1.94,1.88,1.22,6.96,12.76
F2,04/05/18,Niort,Le Havre,0,1,A,0,1,A,6,14,4,4,11,13,6,3,2,2,0,0,5.5,4,1.57,4.75,3.8,1.65,5,3.9,1.6,5,3.8,1.6,5.47,4.07,1.63,4.8,3.8,1.62,4.5,4,1.62,38,5.5,5.04,4.15,3.9,1.67,1.6,34,1.76,1.69,2.2,2.1,18,1,1.85,1.79,2.1,2.03,5.2,4.83,1.55
F2,04/05/18,Orleans,Chateauroux,1,1,D,0,0,D,11,12,9,8,6,14,9,6,0,1,0,0,2.62,3.29,2.62,2.55,3.3,2.6,2.5,3.5,2.5,2.5,3.4,2.55,2.6,3.61,2.62,2.45,3.4,2.6,2.63,3.4,2.63,38,2.65,2.54,3.63,3.43,2.65,2.56,33,1.7,1.65,2.29,2.17,17,0,1.95,1.91,1.98,1.92,2.64,3.56,2.61
F2,04/05/18,Paris FC,Nancy,2,1,H,1,0,H,8,6,3,5,14,16,2,8,1,2,0,0,2.39,3.2,3,2.25,3.1,3.2,2.4,3.05,3,2.4,3,3,2.47,3.14,3.12,2.25,3.2,3,2.5,3,3.1,38,2.5,2.37,3.25,3.09,3.25,3.02,32,2.39,2.25,1.65,1.6,17,-0.25,2.16,2.07,1.84,1.78,2.56,3.19,2.94
F2,04/05/18,Sochaux,Clermont,1,3,A,1,1,D,8,7,3,6,11,15,4,4,1,0,0,0,3.79,3.39,2,3.6,3.5,1.95,3.6,3.55,1.9,3.5,3.4,1.95,3.74,3.75,1.96,3.3,3.5,2,3.9,3.5,1.95,38,3.9,3.54,3.79,3.51,2.05,1.95,36,1.82,1.74,2.13,2.04,16,0.5,1.92,1.87,2.03,1.96,3.73,4.1,1.88
F2,04/05/18,Tours,Lens,4,2,H,3,1,H,6,9,5,5,13,12,2,8,0,2,0,0,3.29,3.39,2.14,3,3.4,2.2,3.05,3.5,2.15,3,3.4,2.15,3.18,3.58,2.22,3,3.4,2.15,3.25,3.5,2.15,37,3.29,3.06,3.65,3.44,2.27,2.16,33,1.74,1.67,2.23,2.13,17,0.25,1.99,1.92,1.94,1.9,2.83,3.61,2.42
F2,04/05/18,Valenciennes,Reims,1,3,A,1,2,A,9,15,3,9,7,14,3,5,0,1,0,0,4.2,4,1.72,3.9,3.7,1.8,4.15,3.85,1.75,4.2,3.7,1.75,4.49,4.09,1.74,4,3.75,1.75,4.4,3.9,1.75,38,4.5,4.07,4.09,3.78,1.81,1.75,35,1.63,1.58,2.4,2.28,16,0.75,1.92,1.85,2.04,1.96,3.94,3.84,1.89
F2,11/05/18,Ajaccio,Niort,2,2,D,1,0,H,14,8,7,3,10,13,5,6,0,0,0,0,1.44,4.33,8,1.5,4.25,5.75,1.45,4.3,6,1.44,4.25,6,1.49,4.37,7.19,1.44,4.33,6,1.45,4.33,7.5,39,1.51,1.47,4.54,4.24,8,6.29,34,1.58,1.55,2.48,2.37,17,-1,1.82,1.78,2.11,2.05,1.48,4.34,7.37
F2,11/05/18,Ajaccio GFCO,Valenciennes,3,4,A,1,1,D,16,8,10,8,22,9,6,4,4,1,0,0,2.1,3.29,3.5,2.1,3.4,3.2,2.1,3.5,3.1,2.15,3.5,3,2.19,3.47,3.39,2.05,3.6,3.1,2.2,3.6,3.1,41,2.24,2.13,3.68,3.46,3.5,3.13,35,1.62,1.54,2.55,2.38,19,-0.25,1.96,1.89,1.98,1.93,2.35,3.54,3.01
F2,11/05/18,Bourg Peronnas,Sochaux,2,1,H,2,0,H,14,11,7,4,12,8,7,3,0,0,0,0,1.75,3.75,4.33,1.75,3.7,4.2,1.75,4,3.85,1.75,3.9,3.8,1.81,4.02,4.19,1.75,4,3.75,1.75,4,4.2,41,1.84,1.76,4.2,3.93,4.33,3.95,34,1.47,1.4,3.01,2.81,18,-0.75,2.05,1.97,1.9,1.85,1.77,4.47,3.98
F2,11/05/18,Chateauroux,Brest,2,2,D,0,1,A,17,12,6,7,10,12,7,4,0,1,0,0,5.5,3.79,1.61,4.75,3.75,1.65,4.7,4.05,1.6,4.75,3.9,1.61,5.01,4.57,1.61,4.75,3.8,1.62,5.5,4,1.6,41,5.75,4.8,4.57,3.95,1.67,1.62,35,1.67,1.61,1.55,1.49,18,0.75,2.12,2.04,2.37,2.24,5.69,4.21,1.6
F2,11/05/18,Clermont,Paris FC,2,2,D,0,1,A,14,7,7,6,18,10,12,1,3,5,1,2,1.57,4,6.5,1.5,3.8,6.5,1.55,4.05,5.5,1.57,3.9,5.25,1.54,4.25,6.46,1.6,3.75,5,1.55,4,6.25,41,1.6,1.54,4.25,3.97,6.5,5.61,39,1.78,1.7,2.2,2.09,18,-1,2.04,1.96,1.9,1.86,1.7,3.88,5.1
F2,11/05/18,Le Havre,Tours,2,0,H,2,0,H,12,5,7,1,7,17,8,2,1,3,0,0,1.19,6,15,1.22,6,10.5,1.22,6.25,10.75,1.2,6,13,1.22,6.66,14.18,1.22,6,9.5,1.18,6.5,17,40,1.25,1.2,7.09,6.17,17,11.97,33,1.44,1.4,3,2.81,17,-1.75,1.91,1.78,2.21,2.05,1.19,7.01,16.94
F2,11/05/18,Lens,Auxerre,2,1,H,0,0,D,9,9,4,4,7,25,7,5,1,1,0,0,1.8,3.5,4.5,1.8,3.6,4,1.75,3.8,3.95,1.8,3.7,3.9,1.78,3.99,4.38,1.83,3.6,3.75,1.8,3.8,4.3,41,1.9,1.78,4.05,3.73,4.5,3.96,35,1.6,1.55,2.5,2.36,17,-0.75,2.07,2,1.86,1.82,1.76,4.09,4.39
F2,11/05/18,Nancy,Orleans,3,0,H,2,0,H,10,3,4,1,11,14,2,3,1,3,0,0,1.66,3.6,5.25,1.67,3.25,5.75,1.7,3.35,5.25,1.67,3.4,5.2,1.72,3.29,6.53,1.73,3.4,4.6,1.7,3.5,5.5,41,1.74,1.69,3.6,3.32,6.53,5.45,38,2.17,2.07,1.8,1.72,18,-0.75,1.98,1.91,1.96,1.9,1.88,3.21,5.03
F2,11/05/18,Quevilly Rouen,Lorient,3,0,H,2,0,H,8,5,3,1,17,9,3,6,1,0,0,0,4.2,3.75,1.8,3.8,3.8,1.8,3.85,3.9,1.75,3.9,3.75,1.8,4.19,4.1,1.79,4.2,3.8,1.7,4.2,3.8,1.8,41,4.2,3.94,4.1,3.83,1.86,1.78,35,1.55,1.51,2.61,2.46,17,0.75,1.86,1.81,2.07,2.02,3.81,4.07,1.88
F2,11/05/18,Reims,Nimes,2,2,D,0,1,A,13,12,6,7,23,9,3,4,1,0,0,0,2,3.6,3.5,1.95,3.5,3.5,2,3.65,3.25,2.05,3.6,3.2,2.06,3.7,3.52,2,3.6,3.2,2.05,3.7,3.4,41,2.15,2.02,3.76,3.6,3.52,3.29,35,1.58,1.53,2.5,2.4,18,-0.25,1.85,1.79,2.11,2.04,2.08,4,3.24
